account_age_days,followers,following,posts_per_day,profile_completeness,follow_burst_rate,posting_variance,engagement_rate,is_fake
11,7,65,1.23,0.48,0.13,0.34,0.04,0
383,591,1737,2.46,0.65,0.31,0.52,0.0119,1
275,608,589,5.27,0.94,0.28,0.74,0.0453,0
1,90,3563,20.43,0.28,0.66,0.76,0.001,1
44,255,5152,0.92,0.53,0.83,0.53,0.003,1
43,251,3981,2.79,0.55,0.83,0.55,0.0028,1
62,329,5993,2.9,0.51,0.82,0.45,0.0012,0
211,90,59,1.59,0.89,0.21,0.48,0.1431,0
53,409,4773,2.68,0.47,0.78,0.6,0.0039,1
15,16,2684,11.38,0.46,0.81,0.86,0.0028,1
5,14,2922,25.8,0.46,0.86,0.78,0.0005,1
841,1068,1082,0.63,0.78,0.08,0.15,0.1019,0
413,771,1795,4.66,0.71,0.54,0.78,0.0073,1
103,209,318,0.74,0.81,0.08,0.49,0.037,0
658,57,109,1.3,0.69,0.14,0.31,0.0656,1
452,209,186,0.71,1.0,0.09,0.52,0.0475,0
7,2,4923,20.26,0.46,0.71,0.78,0.0028,1
44,76,2848,10.64,0.46,0.85,0.7,0.0005,1
368,500,842,6.33,0.62,0.04,0.52,0.0575,0
2129,187,962,16.49,0.94,0.43,0.53,0.0525,0
688,8,64,0.04,0.27,0.1,0.19,0.0126,0
2072,646,1801,24.33,0.84,0.8,0.6,0.0051,1
374,402,601,0.38,0.88,0.09,0.33,0.0381,0
8,27,3041,38.27,0.47,0.82,0.84,0.0032,1
85,420,3166,1.25,0.33,0.89,0.36,0.0026,1
215,619,3440,15.59,0.89,0.49,0.51,0.0697,0
274,1209,3103,17.66,0.93,0.26,0.66,0.0326,0
1240,557,637,0.8,0.95,0.02,0.2,0.0515,0
286,1203,1643,4.64,0.86,0.45,0.62,0.0458,0
156,156,211,0.16,0.82,0.06,0.49,0.0972,0
673,843,1598,0.69,0.86,0.01,0.31,0.0434,0
30,298,2675,0.7,0.56,0.95,0.7,0.0024,1
229,136,1692,4.56,0.82,0.32,0.55,0.0121,1
126,241,164,2.35,0.88,0.09,0.39,0.0469,0
81,285,1234,5.98,0.62,0.47,0.62,0.015,1
26,302,5301,0.44,0.55,0.77,0.64,0.0037,1
16,12,69,1.77,0.39,0.42,0.38,0.0415,0
517,2826,2418,0.24,0.77,0.05,0.18,0.0594,0
7,57,2128,11.8,0.49,0.65,0.97,0.0003,1
5,3,103,1.42,0.33,0.16,0.27,0.0365,0
27,76,2553,53.06,0.46,0.8,0.87,0.0012,1
396,154,128,0.46,0.75,0.03,0.36,0.0691,0
1457,1114,409,17.06,0.98,0.17,0.31,0.0395,0
321,162,1540,5.86,0.85,0.5,0.59,0.0101,1
738,9,288,0.03,0.52,0.09,0.3,0.0114,0
13,3,66,1.77,0.6,0.12,0.28,0.012,0
335,16,83,0.05,0.28,0.08,0.23,0.0202,0
33,39,2529,21.37,0.29,0.79,0.95,0.0015,1
20,52,3328,52.79,0.2,0.96,0.84,0.0011,1
8,44,5023,14.27,0.34,0.8,0.86,0.0017,1
465,1905,1071,6.41,0.88,0.16,0.38,0.0331,0
306,976,790,0.27,0.64,0.01,0.39,0.0292,1
292,791,1018,3.91,0.88,0.32,0.7,0.012,1
139,354,606,0.96,0.67,0.05,0.42,0.0775,0
134,89,202,0.87,1.0,0.05,0.44,0.0131,0
349,63,258,0.05,0.25,0.02,0.16,0.0205,0
693,59,166,0.0,0.43,0.04,0.34,0.0063,0
1345,267,4428,14.81,0.77,0.79,0.75,0.0063,1
449,217,1135,3.41,0.75,0.32,0.45,0.0134,1
319,1337,1853,0.65,1.0,0.06,0.25,0.0053,0
59,383,3908,2.25,0.63,0.8,0.37,0.0038,1
268,369,1097,5.21,0.66,0.32,0.65,0.0184,1
500,875,1015,9.28,0.92,0.26,0.64,0.0477,0
16,52,4310,9.86,0.48,0.86,0.79,0.0006,1
45,37,3404,10.47,0.26,0.73,0.91,0.0002,1
1564,955,3432,7.21,0.8,0.54,0.64,0.0084,1
159,31,124,0.03,0.45,0.07,0.23,0.0334,0
282,755,1585,0.95,0.59,0.08,0.16,0.1577,0
475,2254,3226,10.31,0.87,0.49,0.68,0.0231,0
18,22,4702,8.84,0.27,0.91,0.7,0.0014,1
2,6,86,1.01,0.67,0.31,0.21,0.0921,0
102,375,393,1.14,0.67,0.26,0.22,0.0575,0
61,34,173,0.03,0.27,0.08,0.19,0.0219,0
284,1941,2320,8.68,0.86,0.41,0.42,0.0733,0
1901,1181,2332,16.03,0.63,0.57,0.68,0.0068,1
633,12,125,0.05,0.46,0.08,0.34,0.0379,0
121,1300,2527,1.15,0.94,0.04,0.6,0.0344,0
463,148,3387,7.07,1.0,0.42,0.35,0.0518,0
322,1811,2407,1.04,0.62,0.01,0.57,0.1305,1
395,140,1233,1.8,0.72,0.4,0.69,0.0048,1
551,375,368,1.41,0.54,0.06,0.17,0.0213,0
243,412,741,1.23,0.8,0.25,0.22,0.0869,0
1181,350,1653,14.48,0.65,0.62,0.64,0.0076,1
118,69,61,0.11,0.77,0.13,0.63,0.0357,0
29,81,1909,67.12,0.47,0.86,0.89,0.0003,1
3871,18676,2217,11.95,0.99,0.16,0.61,0.0343,0
1293,1139,3919,21.89,0.65,0.79,0.51,0.0068,1
507,1169,624,2.06,0.69,0.06,0.48,0.0516,0
27,22,17,1.1,0.68,0.38,0.5,0.0416,0
435,221,265,1.68,1.0,0.0,0.38,0.1143,0
438,443,1263,2.48,0.88,0.49,0.44,0.0101,1
20,26,2084,34.64,0.19,0.67,0.81,0.0002,1
63,96,2726,2.67,0.62,1.0,0.41,0.0023,1
199,219,1192,3.92,0.78,0.42,0.44,0.0179,1
767,46,38,0.02,0.58,0.07,0.13,0.0116,1
493,136,1639,1.99,0.87,0.55,0.42,0.018,1
22,41,5130,37.98,0.41,0.82,0.94,0.0011,1
185,140,327,2.57,0.91,0.0,0.56,0.0561,0
1,97,4317,13.93,0.35,0.69,0.81,0.0001,1
96,1091,1225,3.33,0.78,0.01,0.62,0.0431,0
429,198,360,0.18,0.88,0.14,0.34,0.0351,0
528,138,1594,5.08,0.81,0.32,0.43,0.0146,1
12,23,96,1.49,0.66,0.4,0.49,0.0784,0
541,161,343,0.65,0.92,0.16,0.39,0.0737,0
575,477,1198,2.33,0.74,0.25,0.64,0.0133,1
151,97,153,0.55,0.99,0.05,0.16,0.0636,0
801,928,1713,19.98,0.59,0.54,0.7,0.0021,1
613,928,526,0.2,0.83,0.04,0.22,0.1575,0
812,1942,1115,16.19,0.96,0.43,0.45,0.068,0
34,27,2094,23.47,0.33,0.89,0.72,0.0003,1
151,23,84,0.02,0.51,0.09,0.18,0.0037,0
401,831,711,17.65,0.95,0.22,0.61,0.0197,1
799,849,997,1.7,0.95,0.12,0.4,0.0707,0
32,40,5209,80.68,0.25,0.77,0.81,0.0019,1
129,46,43,0.05,0.31,0.09,0.2,0.0114,0
422,451,3338,8.37,0.91,0.45,0.3,0.0532,0
183,464,941,0.58,1.0,0.01,0.37,0.0513,0
661,48,185,0.04,0.45,0.05,0.06,0.0395,0
447,82,106,3.36,0.83,0.0,0.22,0.0643,0
275,586,774,6.27,0.88,0.41,0.37,0.0302,0
2122,3917,2874,13.57,0.92,0.37,0.69,0.0521,1
42,50,7406,2.04,0.44,0.91,0.39,0.0035,1
9,24,52,1.53,0.34,0.2,0.23,0.0685,0
47,14,2200,13.72,0.45,0.77,0.78,0.0026,1
17,20,4075,19.93,0.36,0.83,0.82,0.0002,1
912,78461,2775,11.27,0.92,0.16,0.45,0.0397,0
668,1881,1343,11.69,0.96,0.4,0.53,0.0685,0
438,150,623,5.7,0.71,0.28,0.59,0.0074,1
320,12,173,0.0,0.5,0.04,0.34,0.0333,0
68,17,188,0.04,0.29,0.06,0.13,0.0386,0
1,48,4138,8.04,0.37,0.82,0.87,0.0032,1
917,463,406,0.49,1.0,0.14,0.36,0.0348,0
255,37,148,0.03,0.31,0.03,0.12,0.0098,0
230,1072,662,13.73,0.91,0.3,0.62,0.06,0
541,175,295,1.88,0.94,0.07,0.35,0.0154,0
199,248,1075,5.46,0.8,0.41,0.53,0.0087,1
90,340,4401,1.45,0.42,0.9,0.38,0.0048,1
485,769,932,5.2,0.6,0.34,0.79,0.0111,1
22,4,88,1.86,0.52,0.39,0.36,0.0661,0
499,649,1037,1.78,0.64,0.32,0.54,0.0095,1
1072,280,2125,10.26,0.94,0.33,0.71,0.0473,0
278,660,341,3.93,0.79,0.45,0.61,0.0153,1
428,25,192,0.01,0.49,0.03,0.34,0.0264,0
193,18,139,0.04,0.54,0.03,0.34,0.0334,0
336,306,586,1.18,0.81,0.22,0.59,0.1105,0
380,198,286,1.53,0.73,0.33,0.27,0.0411,0
112,429,2819,0.69,0.53,0.96,0.6,0.0041,1
15,87,2749,10.92,0.29,0.97,0.77,0.0006,1
23,40,2100,11.63,0.15,0.73,0.97,0.0032,1
367,1102,665,0.26,0.8,0.16,0.27,0.1135,0
231,116,1443,2.92,0.81,0.38,0.5,0.0173,0
21,35,1975,41.82,0.37,0.85,0.72,0.0021,1
23,78,4471,9.33,0.4,0.67,0.72,0.0001,1
8,12,5731,30.35,0.38,0.71,0.75,0.0005,1
589,722,1291,3.82,0.87,0.48,0.49,0.0196,1
195,874,896,0.52,0.81,0.31,0.45,0.1422,0
23,8,29,0.81,0.52,0.24,0.25,0.0346,0
1,22,5266,24.7,0.26,0.94,0.77,0.0022,1
14,7,114,1.58,0.56,0.16,0.36,0.0986,0
139,754,618,2.3,0.91,0.11,0.42,0.0476,0
29,9,1561,20.25,0.43,0.89,0.95,0.0012,1
98,59,3428,2.25,0.52,0.8,0.47,0.004,1
595,16,238,0.0,0.51,0.08,0.25,0.0307,0
266,11807,2329,16.41,0.94,0.29,0.49,0.0602,1
32,21,3520,21.31,0.32,0.86,0.72,0.0024,1
764,403,993,12.43,0.85,0.26,0.59,0.0247,0
1840,1076,2367,15.35,0.68,0.55,0.61,0.0055,1
865,528,1683,10.95,0.88,0.39,0.75,0.0636,0
539,672,437,3.01,0.61,0.26,0.73,0.0076,1
10,2,50,0.53,0.45,0.26,0.34,0.0492,0
2,40,4178,16.61,0.41,0.9,0.74,0.0025,1
45,262,3431,0.36,0.4,0.82,0.44,0.0046,1
647,74,73,0.01,0.55,0.0,0.24,0.0234,0
99,19,189,0.03,0.59,0.06,0.33,0.004,0
343,25,111,0.01,0.5,0.02,0.15,0.0137,0
200,277,928,2.51,0.68,0.51,0.62,0.0119,1
50,472,5669,1.74,0.51,0.81,0.65,0.0024,1
137,243,734,4.43,0.76,0.27,0.61,0.0167,1
61,11,49,0.03,0.52,0.08,0.06,0.0068,0
1115,2119,3016,1.87,0.95,0.06,0.4,0.0494,0
47,607,775,4.91,0.68,0.34,0.66,0.0063,1
375,557,409,2.44,0.78,0.33,0.22,0.105,0
553,15,45,0.05,0.42,0.01,0.27,0.0143,0
36,374,3560,0.46,0.31,0.96,0.42,0.0022,1
966,514,356,5.41,0.86,0.03,0.28,0.1007,0
704,56,63,0.02,0.41,0.07,0.25,0.0256,0
78,36,5584,10.02,0.39,0.76,0.89,0.0004,1
230,678,815,5.4,0.66,0.36,0.43,0.016,1
2124,700,1892,20.77,0.75,0.59,0.82,0.0074,1
305,946,1862,0.27,1.0,0.05,0.16,0.044,0
54,376,5789,2.23,0.41,0.96,0.45,0.0044,1
3,31,1464,8.19,0.31,0.75,0.87,0.0013,1
107,613,1450,4.32,0.76,0.5,0.51,0.0103,1
22,49,2499,11.73,0.32,0.89,0.85,0.0002,1
8,12,91,0.92,0.43,0.25,0.43,0.0642,0
698,783,2211,15.04,0.95,0.39,0.36,0.0302,0
201,446,1250,5.93,0.68,0.37,0.76,0.003,0
2190,511,1940,11.63,0.69,0.57,0.71,0.0042,1
92,252,510,0.52,0.71,0.21,0.35,0.0848,0
25,20,2556,47.77,0.21,0.78,0.9,0.0035,1
376,4127,573,4.72,0.89,0.17,0.57,0.0596,0
251,512,348,1.06,0.79,0.03,0.52,0.087,0
133,1255,857,1.64,0.83,0.01,0.16,0.0353,0
410,189,1831,13.13,0.98,0.39,0.49,0.0587,0
217,36,224,0.04,0.57,0.04,0.15,0.0241,0
42,457,6774,1.63,0.36,0.91,0.37,0.0039,1
438,3052,3328,13.48,0.94,0.28,0.4,0.0792,0
415,443,742,3.89,0.64,0.28,0.48,0.0187,1
145,1254,1648,2.86,0.92,0.07,0.56,0.0667,0
590,303,1220,15.67,0.92,0.26,0.42,0.0277,0
1277,55,107,9.89,0.93,0.01,0.56,0.1084,0
27,9,2507,36.71,0.4,0.95,0.74,0.0024,1
103,467,259,0.85,1.0,0.0,0.63,0.0568,0
348,63,114,2.51,1.0,0.32,0.35,0.0799,0
366,76,176,0.02,0.34,0.0,0.34,0.0104,0
1382,1055,3333,17.65,0.74,0.79,0.62,0.0079,1
2093,413,4341,21.57,0.64,0.51,0.76,0.0087,1
217,77,156,0.04,0.5,0.01,0.17,0.0295,0
114,454,1209,5.14,0.88,0.27,0.78,0.0119,1
991,1458,849,13.94,0.95,0.22,0.69,0.0411,0
97,368,576,0.41,0.83,0.07,0.33,0.1195,0
338,2254,2859,7.29,0.9,0.25,0.55,0.0228,0
4,35,5649,27.19,0.25,0.78,0.73,0.0008,1
46,89,2017,17.44,0.27,0.96,0.72,0.0037,1
1207,5065,1218,10.07,0.99,0.28,0.73,0.0208,0
440,394,670,0.28,0.9,0.02,0.29,0.0445,0
1612,1020,4087,22.32,0.69,0.54,0.72,0.0082,0
436,199,330,4.74,0.71,0.51,0.69,0.014,1
302,373,1326,2.92,0.79,0.37,0.69,0.0064,1
110,396,251,1.04,0.86,0.02,0.61,0.0367,0
20,23,33,0.98,0.69,0.28,0.4,0.0381,0
75,28,4964,9.19,0.28,0.77,0.75,0.0018,1
548,61,155,0.03,0.45,0.07,0.21,0.0354,0
758,76,74,0.02,0.36,0.01,0.12,0.0114,0
2,91,1592,12.1,0.34,0.86,0.88,0.0023,1
228,61,55,0.04,0.36,0.03,0.34,0.022,0
1029,1995,3011,8.72,0.96,0.34,0.33,0.0598,0
6,55,2896,55.53,0.34,0.73,0.84,0.0028,1
239,78,252,0.0,0.31,0.04,0.11,0.0039,0
20,400,7787,2.05,0.34,0.91,0.52,0.0023,1
304,155,303,0.98,1.0,0.3,0.53,0.0759,0
132,185,1367,1.55,0.6,0.36,0.77,0.0069,1
749,216,286,0.89,0.86,0.09,0.21,0.0468,0
10,95,4896,16.81,0.25,0.86,0.98,0.0016,1
798,62,183,0.05,0.29,0.05,0.12,0.0035,1
778,45,250,0.02,0.5,0.06,0.18,0.0144,0
909,250,470,0.88,0.99,0.06,0.25,0.0191,0
1079,34,107,0.16,0.85,0.1,0.54,0.1334,0
21,29,45,0.1,0.47,0.28,0.22,0.0976,0
181,1125,2195,1.23,0.94,0.18,0.56,0.0373,0
593,112,156,1.78,0.84,0.0,0.28,0.0107,0
3,66,2952,10.83,0.49,0.8,0.74,0.0008,1
417,266,808,5.38,0.68,0.49,0.48,0.0089,1
1260,324,3656,23.94,0.7,0.63,0.56,0.0083,1
729,320,296,2.14,0.89,0.06,0.63,0.0722,0
11,44,2681,32.82,0.39,0.86,0.79,0.0033,1
1048,96,103,1.06,0.92,0.03,0.3,0.1774,0
347,54,48,0.03,0.28,0.02,0.16,0.0393,0
254,502,427,4.88,0.63,0.33,0.51,0.0103,1
298,11117,1891,9.92,0.9,0.29,0.42,0.0283,0
464,188,449,1.19,0.8,0.1,0.38,0.0241,0
480,724,1090,0.44,0.8,0.08,0.26,0.0358,0
9,3,87,1.92,0.46,0.39,0.26,0.0705,0
288,1390,812,3.05,0.58,0.05,0.51,0.0327,0
408,250,1434,4.82,0.6,0.32,0.49,0.0076,1
551,1324,1990,1.18,0.6,0.17,0.34,0.0196,0
8,18,114,0.81,0.67,0.3,0.36,0.0342,0
65,236,4817,1.96,0.39,0.93,0.5,0.0025,1
102,761,811,3.5,0.61,0.34,0.6,0.004,1
42,220,1708,5.66,0.63,0.4,0.71,0.019,1
92,340,7059,1.01,0.41,0.81,0.53,0.0029,1
182,59,61,0.04,0.53,0.06,0.16,0.0123,0
6,18,113,1.06,0.38,0.4,0.4,0.0854,0
19,30,4510,24.8,0.21,0.88,0.76,0.0006,1
675,22,123,0.01,0.28,0.0,0.1,0.0359,0
178,175,265,0.55,0.74,0.02,0.32,0.0353,0
49,224,7097,0.68,0.48,0.85,0.65,0.0033,1
262,1892,3372,10.15,1.0,0.33,0.35,0.0647,0
892,678,3718,6.38,0.69,0.7,0.72,0.0075,1
661,60,122,0.04,0.55,0.05,0.15,0.0321,0
458,19,168,0.0,0.39,0.08,0.32,0.0097,0
16,37,4606,9.03,0.38,0.67,0.81,0.0032,1
8,84,1202,14.47,0.28,0.67,0.8,0.0019,1
100,463,5306,2.53,0.59,0.84,0.57,0.0009,1
477,7691,2253,15.24,0.93,0.2,0.6,0.0553,0
863,5177,9080,0.46,0.63,0.12,0.58,0.2164,0
302,6457,1354,16.06,0.98,0.4,0.64,0.0513,0
299,314,443,3.46,0.9,0.08,0.31,0.0362,0
1043,4252,1237,15.01,0.97,0.41,0.37,0.0291,0
857,715,1356,0.77,0.83,0.11,0.37,0.0159,0
21,348,2956,2.29,0.58,0.96,0.7,0.0016,1
97,235,261,0.12,0.78,0.0,0.16,0.0512,0
5,20,14,0.84,0.33,0.32,0.42,0.0709,0
1214,6877,1050,17.01,0.9,0.33,0.4,0.0797,0
93,215,3037,0.35,0.46,0.92,0.59,0.0022,1
787,6086,2905,11.77,0.96,0.43,0.49,0.0283,0
1129,1273,685,1.23,0.95,0.13,0.63,0.1452,0
26,10,76,0.28,0.54,0.35,0.22,0.0308,0
558,144,1254,5.49,0.66,0.47,0.51,0.0166,1
780,61,293,0.05,0.52,0.01,0.15,0.0185,0
1624,643,3046,20.79,0.67,0.56,0.67,0.0024,1
354,255,598,0.25,0.9,0.02,0.16,0.0285,0
367,68,195,0.04,0.3,0.01,0.2,0.0135,0
525,365,1747,2.87,0.69,0.25,0.47,0.0179,1
26,54,1425,17.2,0.4,0.84,0.89,0.0031,1
1116,379,3296,14.71,0.99,0.16,0.54,0.0456,0
736,2313,3359,8.6,0.92,0.42,0.36,0.0278,0
632,1319,2281,16.17,0.91,0.49,0.72,0.0632,0
82,71,160,0.01,0.54,0.03,0.33,0.0389,0
649,171,274,1.12,0.79,0.03,0.64,0.1631,0
539,436,1231,3.56,0.71,0.28,0.59,0.0187,1
185,318,423,1.55,0.95,0.08,0.53,0.1783,0
919,2116,1890,12.61,0.99,0.33,0.53,0.0183,1
729,229,196,1.78,0.72,0.05,0.54,0.0199,0
318,11698,2953,13.48,0.93,0.48,0.47,0.0193,1
30,12,2016,14.06,0.25,0.66,0.88,0.0024,1
428,397,456,0.6,1.0,0.05,0.49,0.0061,0
752,468,986,0.37,0.82,0.01,0.27,0.022,0
111,440,415,2.92,0.93,0.14,0.53,0.1187,0
786,332,3915,10.43,0.61,0.56,0.62,0.0054,1
510,42,282,0.02,0.35,0.06,0.18,0.0082,0
16,11,51,0.13,0.53,0.14,0.46,0.0571,0
1629,1455,591,5.46,0.94,0.31,0.35,0.0787,0
871,1251,2123,12.64,0.98,0.23,0.69,0.0663,0
282,174,149,0.17,0.93,0.09,0.38,0.1181,0
47,148,4028,2.42,0.36,0.76,0.55,0.0012,1
3,13,18,0.82,0.62,0.39,0.32,0.0513,0
446,316,325,5.72,0.69,0.32,0.66,0.0135,1
16,433,6651,0.53,0.51,0.98,0.58,0.0008,1
717,515,599,4.03,1.0,0.05,0.53,0.1611,0
922,223,303,1.08,0.74,0.02,0.4,0.0847,0
28,19,3980,15.62,0.31,0.94,0.88,0.0001,1
601,29,60,0.48,0.82,0.19,0.26,0.0589,0
172,443,533,0.71,0.87,0.12,0.28,0.1372,0
325,3104,429,14.87,0.87,0.35,0.5,0.0668,0
64,433,1678,4.21,0.65,0.32,0.41,0.0172,1
799,60,170,3.24,0.76,0.0,0.58,0.0219,0
112,156,231,0.48,0.78,0.06,0.18,0.0971,0
1419,953,4343,6.01,0.74,0.6,0.6,0.0047,1
38,244,5982,1.3,0.49,0.79,0.55,0.0041,1
199,538,590,0.26,0.88,0.07,0.32,0.0607,0
1240,411,2888,5.98,0.93,0.19,0.32,0.0577,0
1693,322,429,4.64,0.75,0.13,0.48,0.1173,0
230,1047,833,1.5,0.85,0.14,0.43,0.0322,0
1444,822,854,2.74,0.89,0.23,0.53,0.0286,0
728,4508,1660,12.48,0.98,0.17,0.63,0.0372,0
240,621,804,2.66,0.61,0.44,0.57,0.0123,1
1880,398,926,16.47,0.94,0.35,0.53,0.0195,0
167,413,631,2.18,0.86,0.55,0.69,0.0163,1
203,247,593,2.83,0.6,0.33,0.49,0.0143,1
546,1068,1508,0.26,0.63,0.13,0.61,0.1153,0
866,114,100,2.39,0.85,0.25,0.43,0.0306,0
124,186,161,0.72,0.78,0.01,0.18,0.0495,0
37,33,141,0.01,0.47,0.01,0.22,0.0284,0
1825,1136,4232,20.61,0.75,0.77,0.61,0.0059,1
370,64,76,1.04,0.85,0.01,0.18,0.0864,0
466,374,1771,3.3,0.78,0.45,0.46,0.0196,1
292,15,183,0.04,0.37,0.09,0.21,0.0298,0
63,490,4163,2.09,0.44,0.94,0.51,0.0024,1
397,312,182,0.2,0.87,0.01,0.18,0.0275,0
6,9,51,1.27,0.48,0.24,0.34,0.0473,0
159,406,274,0.6,0.56,0.01,0.35,0.1019,0
320,12,282,0.01,0.35,0.05,0.25,0.0245,0
384,51,280,0.02,0.46,0.01,0.33,0.0307,0
242,165,407,5.62,0.71,0.34,0.48,0.0145,1
429,681,1367,1.68,0.72,0.4,0.63,0.0189,1
659,31,275,0.0,0.54,0.03,0.09,0.0187,0
410,271,250,2.26,0.94,0.02,0.37,0.0445,0
12,86,2790,12.26,0.45,0.7,0.82,0.0002,1
482,73,71,0.01,0.54,0.05,0.16,0.0258,1
58,39,35,0.02,0.55,0.1,0.32,0.0123,0
99,959,2113,1.08,1.0,0.26,0.17,0.0928,0
345,111,1668,2.07,0.64,0.41,0.5,0.0091,1
1913,807,4886,5.08,0.75,0.72,0.64,0.0059,1
158,1535,1519,0.91,0.92,0.01,0.18,0.0184,0
20,56,4986,35.84,0.26,0.88,0.97,0.0029,1
95,200,5346,1.14,0.56,0.86,0.55,0.0042,1
449,710,426,3.37,0.76,0.37,0.61,0.0199,1
3,56,5286,20.72,0.3,0.69,0.81,0.0015,1
105,207,7708,1.86,0.5,0.79,0.52,0.003,1
709,55,199,0.02,0.27,0.07,0.15,0.0303,0
269,194,3076,4.85,0.95,0.21,0.44,0.042,0
224,190,118,0.33,0.69,0.08,0.43,0.0507,1
45,99,1420,32.92,0.3,0.9,0.96,0.0023,1
189,357,388,1.16,1.0,0.01,0.19,0.0288,0
230,267,920,5.09,0.88,0.26,0.46,0.0181,1
768,2024,2972,4.27,0.96,0.22,0.36,0.0565,0
90,233,255,1.81,0.62,0.03,0.36,0.0889,0
1447,358,1992,18.43,0.77,0.7,0.57,0.006,1
883,990,1890,11.33,0.99,0.43,0.67,0.0667,0
506,711,766,5.05,0.87,0.33,0.72,0.0044,1
1503,329,1430,16.0,0.96,0.2,0.61,0.0764,0
718,515,1707,15.23,0.98,0.2,0.73,0.0364,0
29,161,5797,2.6,0.35,0.93,0.61,0.0035,1
558,382,300,3.64,0.85,0.37,0.47,0.0172,1
728,52,77,0.04,0.5,0.01,0.3,0.0275,0
53,27,79,0.02,0.36,0.01,0.15,0.0348,0
40,99,2183,64.97,0.35,0.98,0.96,0.001,1
294,1872,1505,10.17,0.98,0.33,0.53,0.024,0
470,79,117,0.36,1.0,0.14,0.47,0.0356,0
2928,4683,1951,9.27,0.94,0.32,0.69,0.0219,0
694,302,567,1.64,0.8,0.01,0.41,0.0798,0
16,1,91,1.53,0.41,0.32,0.22,0.0507,0
90,128,2918,2.08,0.31,0.88,0.36,0.0041,1
623,85,216,0.47,0.99,0.03,0.63,0.0888,0
292,397,890,1.7,1.0,0.03,0.5,0.0567,0
521,213,1196,5.2,0.76,0.27,0.78,0.0072,1
709,30,94,0.04,0.43,0.0,0.29,0.0393,0
481,20,125,0.03,0.31,0.03,0.2,0.0323,0
540,157,1521,5.07,0.67,0.31,0.78,0.0066,1
45,158,2566,1.3,0.63,0.79,0.62,0.001,1
183,39,108,0.03,0.47,0.05,0.21,0.0303,0
1316,1174,3817,18.43,0.83,0.72,0.79,0.0075,1
1291,109,188,1.2,0.67,0.14,0.25,0.16,0
212,3269,2894,12.06,0.98,0.4,0.46,0.0207,0
364,591,687,0.54,0.75,0.21,0.23,0.0588,0
958,120,247,0.1,0.6,0.06,0.44,0.0376,0
577,253,453,2.68,0.79,0.5,0.48,0.0186,1
220,794,1520,2.0,0.92,0.23,0.46,0.0942,0
499,742,2335,10.72,0.95,0.23,0.35,0.0538,0
129,1211,1672,3.88,0.69,0.18,0.41,0.0671,1
15,12,27,0.84,0.36,0.36,0.46,0.0945,0
777,933,4910,11.83,0.74,0.52,0.81,0.003,1
11,72,5775,36.92,0.27,0.94,0.72,0.0031,1
153,462,746,0.51,1.0,0.06,0.52,0.0766,0
307,1968,2969,14.17,0.87,0.26,0.54,0.0517,0
426,144,317,0.26,0.87,0.02,0.31,0.0529,0
516,559,552,4.46,0.73,0.33,0.62,0.0089,1
8,39,2469,37.76,0.26,0.93,0.71,0.0003,1
480,180,191,1.24,0.81,0.04,0.19,0.015,0
64,156,479,3.41,0.71,0.47,0.62,0.019,1
425,632,1254,0.58,0.72,0.04,0.2,0.0471,0
14,24,4581,10.79,0.18,0.79,0.73,0.0008,1
223,922,778,1.08,0.68,0.0,0.63,0.0748,0
395,405,756,0.31,0.61,0.1,0.29,0.0723,0
284,7739,3157,10.64,0.88,0.37,0.32,0.0362,0
8,12,27,1.91,0.44,0.45,0.45,0.0828,0
215,342,416,2.22,0.74,0.01,0.62,0.0185,0
60,123,7802,2.43,0.56,0.77,0.49,0.0018,1
26,26,5510,15.1,0.43,0.79,0.94,0.0008,1
583,1579,1914,0.51,0.59,0.21,0.27,0.0403,0
23,91,5856,14.21,0.43,0.68,0.78,0.0024,1
421,338,1226,4.88,0.69,0.4,0.74,0.0109,1
568,72,224,0.03,0.28,0.09,0.19,0.0046,0
444,62,275,0.03,0.27,0.1,0.2,0.0131,0
441,305,361,3.81,0.81,0.54,0.48,0.0032,1
84,14,71,0.02,0.27,0.05,0.13,0.0154,0
1229,1196,669,1.89,0.92,0.01,0.38,0.0134,1
920,244,1761,23.18,0.79,0.67,0.83,0.0025,1
1305,1422,2366,7.96,0.89,0.29,0.75,0.0186,0
292,69,114,0.56,0.78,0.27,0.62,0.0353,0
593,141,614,3.92,0.6,0.33,0.58,0.0148,1
120,650,723,2.26,0.89,0.51,0.6,0.0133,1
561,2155,1480,13.35,0.87,0.45,0.67,0.0159,0
101,404,789,2.09,0.51,0.02,0.26,0.0114,0
27,27,22,1.34,0.65,0.19,0.34,0.0933,0
196,1710,1105,1.06,0.91,0.06,0.5,0.0364,0
181,509,293,0.56,0.73,0.02,0.3,0.0562,0
829,709,518,4.11,0.92,0.5,0.43,0.0407,0
8,4,3461,24.96,0.19,0.67,0.84,0.001,1
568,151,624,4.75,0.6,0.4,0.46,0.0177,1
216,414,738,0.47,1.0,0.16,0.57,0.0807,0
229,1030,1727,0.8,0.99,0.05,0.35,0.2267,0
608,76,60,0.01,0.42,0.03,0.1,0.0212,0
140,69,157,0.31,0.96,0.03,0.6,0.0171,0
162,22,195,0.0,0.55,0.05,0.14,0.0121,0
55,457,462,3.7,0.76,0.45,0.51,0.0185,1
218,62,157,0.02,0.56,0.01,0.17,0.0332,0
624,1660,748,16.01,0.88,0.3,0.51,0.0663,0
1926,1142,3568,13.16,0.65,0.51,0.53,0.0074,1
347,4498,995,4.56,0.9,0.44,0.62,0.0449,0
1013,751,1183,0.71,0.79,0.2,0.64,0.0817,0
474,694,425,1.19,0.55,0.01,0.49,0.0596,0
127,277,294,0.21,1.0,0.11,0.44,0.0473,0
451,531,977,2.41,0.9,0.41,0.51,0.0199,1
727,891,1834,0.62,0.99,0.01,0.21,0.1014,0
666,62,82,0.04,0.5,0.08,0.07,0.0304,0
388,431,445,14.84,0.88,0.37,0.32,0.0464,1
715,392,3473,22.9,0.72,0.62,0.79,0.0059,1
114,581,1426,5.58,0.62,0.5,0.58,0.0074,1
2,8,75,0.52,0.52,0.34,0.26,0.0569,0
65,59,246,0.03,0.43,0.01,0.18,0.0192,0
2,53,5476,10.7,0.19,0.77,0.76,0.001,1
156,449,562,0.28,0.54,0.02,0.15,0.0375,0
770,689,1296,1.3,0.56,0.03,0.53,0.0734,0
26,16,5927,31.51,0.39,0.75,0.83,0.0005,1
1325,211,2373,7.15,0.56,0.82,0.59,0.0086,1
470,1421,950,0.61,0.82,0.01,0.52,0.0153,0
280,2133,4371,2.16,0.84,0.03,0.19,0.0991,0
52,432,4008,2.31,0.48,0.78,0.55,0.0018,0
1921,960,3735,16.91,0.82,0.64,0.71,0.007,1
95,243,223,0.95,0.89,0.01,0.63,0.1624,1
345,334,588,2.62,0.8,0.03,0.64,0.0248,0
871,1900,2288,10.83,0.88,0.37,0.46,0.0797,0
1442,1025,3005,16.66,0.85,0.36,0.62,0.0552,0
713,122,272,1.04,0.37,0.01,0.34,0.0876,0
1004,183,289,5.11,1.0,0.09,0.29,0.0279,0
158,67,58,0.04,0.28,0.03,0.12,0.0395,0
55,78,7026,1.98,0.31,0.8,0.67,0.0021,1
254,265,1555,2.16,0.65,0.49,0.65,0.0038,1
603,231,496,0.98,1.0,0.0,0.19,0.1098,0
1924,2511,1361,11.53,0.94,0.38,0.31,0.0774,0
382,101,252,1.2,0.88,0.19,0.51,0.0672,0
542,55,290,0.04,0.46,0.02,0.34,0.0217,0
426,567,1738,2.43,0.82,0.51,0.61,0.0144,1
90,484,1068,1.84,0.8,0.01,0.16,0.0365,0
27,312,6611,1.86,0.34,0.86,0.41,0.0037,1
1042,2555,800,10.64,0.9,0.28,0.54,0.053,0
475,37,260,0.03,0.46,0.09,0.27,0.0369,0
17,75,5639,52.72,0.26,0.71,0.83,0.0013,0
601,734,2675,7.89,0.88,0.32,0.42,0.0625,0
142,666,1068,5.75,0.88,0.43,0.59,0.0169,1
572,63,135,0.01,0.43,0.02,0.09,0.0067,0
377,136,436,4.47,0.9,0.33,0.67,0.0039,1
17,15,107,1.07,0.42,0.15,0.29,0.0438,0
96,52,38,1.54,0.51,0.32,0.52,0.2316,0
499,792,1234,1.78,0.66,0.26,0.7,0.0153,1
519,250,1464,5.5,0.62,0.39,0.48,0.0126,1
204,421,483,0.96,1.0,0.01,0.25,0.1626,0
355,10,258,0.01,0.32,0.1,0.05,0.0263,0
402,767,1299,4.66,0.72,0.53,0.66,0.0045,1
270,518,300,2.74,0.66,0.21,0.2,0.0673,0
670,765,846,0.33,0.83,0.05,0.15,0.005,0
473,314,285,1.04,0.95,0.07,0.23,0.1158,0
268,429,628,1.41,0.75,0.01,0.58,0.0849,0
53,3,1424,35.08,0.49,0.91,0.87,0.0025,1
509,31,286,0.04,0.32,0.06,0.31,0.0184,0
262,340,742,1.54,0.97,0.1,0.34,0.0267,0
411,510,1020,0.99,0.64,0.03,0.62,0.081,0
422,5796,2749,10.19,0.95,0.26,0.61,0.0716,0
7,54,3465,9.49,0.19,0.79,0.91,0.0036,1
704,3257,421,9.8,0.95,0.24,0.75,0.0264,1
603,77,262,0.05,0.36,0.02,0.3,0.0364,0
262,562,1599,5.62,0.78,0.31,0.64,0.0145,1
60,55,2612,10.86,0.39,0.86,0.95,0.003,1
158,697,1705,4.42,0.82,0.44,0.46,0.0105,1
51,65,3882,31.87,0.35,0.97,0.88,0.0021,0
572,533,429,0.35,0.76,0.17,0.54,0.039,0
254,4970,609,9.42,0.97,0.32,0.38,0.0628,0
426,118,282,1.0,1.0,0.03,0.16,0.0782,0
142,66,52,0.05,0.32,0.06,0.17,0.0036,0
1685,4758,2492,11.53,0.86,0.48,0.64,0.0578,0
1401,836,4861,20.08,0.74,0.69,0.76,0.0078,1
1322,191,137,0.91,0.77,0.03,0.18,0.0879,0
350,92,207,0.2,0.78,0.01,0.55,0.0668,0
6,14,2582,67.26,0.2,0.72,0.76,0.0032,1
12,27,23,0.25,0.44,0.4,0.27,0.0204,0
19,5,111,1.79,0.48,0.31,0.26,0.0824,0
121,389,557,0.29,0.53,0.06,0.44,0.0315,0
1520,806,2097,17.16,0.67,0.74,0.57,0.0085,1
507,260,569,2.26,0.79,0.54,0.73,0.004,1
22,67,2302,39.05,0.33,0.79,0.8,0.0029,1
158,884,1493,0.69,0.87,0.05,0.43,0.0716,0
1671,704,4434,22.39,0.78,0.59,0.51,0.0028,1
333,85,186,0.73,1.0,0.14,0.24,0.0225,0
571,16346,713,4.97,0.92,0.36,0.42,0.0415,0
797,1796,2044,16.58,0.98,0.39,0.69,0.0208,0
185,145,197,0.29,0.84,0.07,0.33,0.042,0
32,98,5063,32.73,0.24,0.67,0.74,0.0034,1
574,1018,2173,16.26,0.96,0.16,0.53,0.0494,0
316,3588,1115,13.48,0.97,0.35,0.63,0.058,0
415,407,390,2.86,0.74,0.5,0.77,0.0123,1
144,249,445,5.21,0.86,0.37,0.44,0.0104,1
578,41,154,0.03,0.28,0.03,0.08,0.0385,0
1038,590,609,1.41,0.69,0.18,0.37,0.0807,0
1092,849,3146,24.86,0.67,0.6,0.7,0.0044,1
724,651,944,0.51,0.7,0.01,0.29,0.0394,0
4,81,2018,13.08,0.41,0.8,0.98,0.0003,1
389,1253,2339,16.25,0.99,0.43,0.68,0.0508,0
223,64,185,0.22,0.78,0.06,0.18,0.0564,0
9,60,3956,9.58,0.17,0.87,0.93,0.0021,1
3,8,90,1.02,0.51,0.44,0.49,0.0294,0
484,666,421,3.11,0.8,0.19,0.23,0.1861,0
121,97,161,2.42,0.49,0.05,0.34,0.0836,0
10,57,4616,55.47,0.18,0.83,0.78,0.0016,1
3,8,81,1.49,0.43,0.22,0.29,0.053,0
450,69,161,0.02,0.58,0.09,0.11,0.0156,0
898,286,402,2.07,0.92,0.0,0.31,0.0176,0
181,511,673,0.19,0.87,0.0,0.61,0.0157,0
589,56,168,0.0,0.39,0.06,0.26,0.0262,0
138,328,324,0.93,0.92,0.03,0.56,0.0711,0
839,34,30,2.72,0.63,0.08,0.36,0.0408,0
1303,755,4377,13.29,0.58,0.53,0.7,0.0071,1
256,144,257,1.02,0.77,0.22,0.57,0.037,0
15,0,26,1.42,0.36,0.41,0.32,0.051,0
172,682,382,3.08,0.71,0.41,0.4,0.0071,1
196,30,159,0.04,0.26,0.0,0.32,0.0048,0
431,67,80,0.04,0.46,0.05,0.06,0.0394,0
367,13725,2811,16.09,0.99,0.5,0.37,0.0711,0
209,13412,2753,17.06,0.91,0.41,0.31,0.0283,0
54,24,5816,18.11,0.19,0.91,0.77,0.0036,1
23,15,2444,10.11,0.36,0.66,0.84,0.0007,1
431,342,285,2.59,0.7,0.07,0.15,0.0541,1
366,12773,3024,5.78,0.9,0.36,0.68,0.0178,0
92,474,1377,2.68,0.62,0.26,0.5,0.018,1
998,250,4627,11.22,0.65,0.5,0.75,0.0029,1
464,62,247,0.02,0.27,0.03,0.15,0.0379,0
288,1575,2533,14.34,0.98,0.37,0.6,0.0232,0
209,38,192,0.03,0.56,0.05,0.07,0.0136,0
691,441,439,0.55,1.0,0.07,0.51,0.2129,0
7,89,5308,33.54,0.27,0.92,0.8,0.0005,1
11,30,2803,15.9,0.42,0.9,0.76,0.0037,1
664,837,2117,14.61,0.97,0.46,0.42,0.0296,0
388,14,131,0.01,0.58,0.02,0.13,0.0175,0
4,49,1495,36.89,0.42,0.68,0.73,0.0005,0
13,10,113,1.94,0.4,0.4,0.36,0.0613,0
596,5575,5121,0.65,0.89,0.01,0.53,0.0243,0
292,4871,915,15.95,0.99,0.24,0.71,0.0358,0
536,75,65,0.1,0.76,0.13,0.19,0.0569,0
1,49,1913,39.19,0.26,0.68,0.91,0.0025,1
431,347,491,3.69,0.6,0.06,0.32,0.0596,0
116,462,6529,1.99,0.35,0.86,0.45,0.0045,1
66,99,7059,1.33,0.35,0.86,0.62,0.0017,0
1803,887,2588,11.41,0.81,0.58,0.71,0.0052,1
70,235,5614,0.73,0.5,0.8,0.65,0.0047,1
107,782,1087,0.71,0.63,0.09,0.39,0.0108,0
586,743,1659,3.95,0.65,0.48,0.79,0.0191,1
74,477,5498,2.58,0.47,0.84,0.52,0.0031,1
117,121,7546,1.38,0.4,0.82,0.41,0.0021,1
63,153,7969,2.56,0.5,0.9,0.45,0.0045,0
717,51,235,0.01,0.27,0.02,0.32,0.0281,0
624,230,1395,11.18,0.92,0.27,0.33,0.0208,0
381,426,451,11.61,0.9,0.21,0.34,0.0614,0
11,52,2916,14.88,0.19,0.75,0.89,0.0027,1
172,181,196,1.32,0.72,0.01,0.22,0.0143,0
252,381,340,3.56,0.8,0.4,0.44,0.0079,1
373,241,343,3.18,0.72,0.5,0.66,0.0134,1
119,130,1284,4.12,0.81,0.51,0.46,0.0123,0
542,422,396,0.76,0.76,0.26,0.45,0.0569,0
136,212,755,3.32,0.75,0.54,0.51,0.0165,1
551,573,1484,5.69,0.85,0.55,0.41,0.0049,1
51,742,1438,4.75,0.8,0.54,0.77,0.0164,1
740,25,176,0.04,0.3,0.05,0.2,0.0034,0
34,307,6370,1.85,0.65,0.79,0.37,0.004,1
60,387,7273,1.6,0.6,0.88,0.44,0.0035,1
1061,1987,3030,14.09,0.93,0.46,0.71,0.0186,0
363,258,185,0.52,0.61,0.22,0.39,0.0519,0
10,81,3137,34.11,0.36,0.8,0.96,0.0003,1
2161,536,3541,24.95,0.63,0.73,0.56,0.0066,1
304,9543,2271,16.33,0.97,0.36,0.43,0.0727,0
446,185,353,0.96,0.86,0.08,0.59,0.1153,0
14,2,27,1.85,0.34,0.15,0.37,0.0905,0
173,678,430,1.49,1.0,0.12,0.16,0.06,0
70,11,245,0.04,0.35,0.03,0.25,0.0032,0
29,33,2204,13.83,0.49,0.98,0.84,0.0037,1
1018,454,642,0.22,0.64,0.12,0.52,0.0294,0
1574,664,489,16.57,0.89,0.4,0.34,0.0172,0
92,224,3589,2.33,0.49,0.96,0.36,0.0022,1
1168,1886,1542,0.28,0.74,0.04,0.24,0.0617,0
33,87,2360,32.92,0.18,0.86,0.96,0.0009,1
289,2080,1385,15.28,1.0,0.28,0.5,0.018,1
203,354,775,3.84,0.77,0.45,0.78,0.0132,1
391,347,647,1.62,0.88,0.06,0.5,0.0411,0
1864,287,2077,17.65,0.64,0.72,0.6,0.0043,1
23,20,2604,11.71,0.3,0.87,0.9,0.0001,1
197,691,634,0.43,0.89,0.04,0.46,0.005,0
230,629,1037,3.35,0.82,0.39,0.74,0.019,1
168,96,194,0.38,0.76,0.19,0.57,0.005,0
60,487,5215,0.29,0.62,0.78,0.58,0.0016,1
386,1869,3749,0.36,0.67,0.0,0.46,0.0508,0
3,16,70,1.76,0.31,0.25,0.27,0.045,0
131,582,842,3.72,0.82,0.37,0.78,0.0112,1
202,272,801,3.67,0.87,0.54,0.56,0.0101,1
362,48,222,0.05,0.3,0.08,0.17,0.0207,0
225,729,634,13.01,0.87,0.3,0.74,0.0174,0
255,2786,1156,14.82,0.88,0.44,0.65,0.0538,0
339,64,107,1.09,0.98,0.08,0.25,0.0787,0
111,304,2207,2.07,0.59,0.79,0.36,0.0045,1
409,315,664,0.21,0.75,0.02,0.16,0.0363,0
36,57,4591,1.43,0.57,0.95,0.51,0.0041,1
553,789,493,2.73,0.66,0.39,0.76,0.0048,1
193,348,578,3.14,0.83,0.33,0.68,0.0037,1
325,6779,3349,12.65,0.92,0.46,0.52,0.0697,0
272,686,1306,2.17,0.84,0.04,0.55,0.0362,0
303,567,1218,1.57,0.68,0.1,0.17,0.0486,0
370,626,970,3.66,0.82,0.03,0.37,0.0728,0
81,192,828,5.0,0.82,0.52,0.58,0.012,1
116,307,1544,5.89,0.76,0.52,0.43,0.0062,1
791,18,101,0.05,0.57,0.1,0.18,0.0095,0
466,141,764,3.67,0.7,0.47,0.53,0.0171,1
1296,800,2562,18.1,0.63,0.5,0.54,0.0095,1
287,9,226,0.04,0.3,0.03,0.23,0.0283,0
11,11,5941,20.02,0.4,0.69,0.79,0.0031,1
309,299,1034,17.2,0.97,0.21,0.62,0.04,0
1949,1030,4868,23.75,0.58,0.51,0.78,0.0029,1
35,409,2822,2.05,0.62,1.0,0.42,0.0011,1
274,182,1416,5.98,0.69,0.29,0.5,0.0189,1
302,54,239,0.01,0.38,0.03,0.25,0.013,0
273,289,482,0.26,0.91,0.0,0.3,0.0527,0
613,462,2745,17.0,0.97,0.21,0.41,0.0372,0
15,21,10,0.11,0.43,0.28,0.3,0.02,0
4,21,22,0.11,0.43,0.33,0.42,0.0508,0
220,522,1202,15.17,0.99,0.49,0.3,0.0555,0
559,227,1696,1.89,0.66,0.48,0.41,0.0169,0
19,72,5155,14.29,0.19,0.67,0.86,0.0021,1
267,818,1590,2.9,0.56,0.09,0.6,0.0099,0
49,103,7297,2.52,0.58,0.81,0.6,0.0015,1
234,447,584,1.33,0.42,0.16,0.62,0.049,0
236,1996,1576,1.56,0.88,0.07,0.6,0.0271,0
417,110,88,0.86,0.86,0.28,0.53,0.218,0
223,435,243,9.87,0.55,0.15,0.33,0.0933,0
499,753,974,0.32,1.0,0.02,0.44,0.1517,0
1388,880,505,1.85,0.56,0.28,0.52,0.0077,0
410,18,260,0.04,0.55,0.04,0.07,0.0021,0
3,22,95,0.35,0.32,0.37,0.37,0.0785,0
180,173,412,2.56,0.77,0.0,0.51,0.005,0
596,716,647,3.37,0.65,0.46,0.63,0.0176,1
97,226,3406,2.25,0.62,0.98,0.61,0.0014,1
714,44,211,0.04,0.6,0.03,0.18,0.0218,0
205,104,238,1.46,0.79,0.06,0.54,0.0604,0
141,371,807,0.51,0.83,0.03,0.36,0.0582,0
26,422,7691,2.76,0.4,0.8,0.58,0.0037,1
1182,314,619,0.76,0.94,0.01,0.36,0.0457,0
1644,704,1924,16.54,0.6,0.56,0.6,0.0096,1
111,335,4794,1.87,0.42,0.95,0.63,0.0043,1
1062,531,4848,8.34,0.85,0.7,0.62,0.0043,1
68,58,5091,17.96,0.34,0.95,0.95,0.0018,1
208,648,387,0.58,0.76,0.09,0.3,0.0454,1
144,716,314,4.52,0.85,0.25,0.56,0.0184,1
413,23451,2217,10.96,0.96,0.44,0.7,0.0467,0
148,447,503,3.0,1.0,0.0,0.45,0.069,0
274,679,672,1.07,0.82,0.17,0.33,0.0784,0
1,27,16,1.34,0.61,0.44,0.35,0.0201,0
503,20,295,0.04,0.4,0.04,0.06,0.0209,0
116,27,239,0.04,0.58,0.01,0.2,0.0101,0
523,44,100,2.92,0.78,0.09,0.36,0.0978,1
195,173,1665,4.23,0.89,0.43,0.59,0.0127,1
520,313,407,3.77,0.82,0.4,0.43,0.0153,1
478,267,1273,15.85,0.86,0.16,0.42,0.0735,0
117,274,4333,2.62,0.55,0.85,0.43,0.0021,1
797,76,100,0.02,0.41,0.01,0.18,0.0129,0
553,370,663,0.26,0.77,0.01,0.45,0.0446,0
172,231,403,0.45,0.82,0.02,0.45,0.1058,0
810,720,3133,14.82,0.9,0.2,0.69,0.0351,0
329,250,468,1.42,0.88,0.05,0.35,0.0438,0
1780,346,594,0.5,0.84,0.01,0.48,0.0206,0
184,797,1228,0.26,0.97,0.03,0.35,0.023,0
542,472,544,1.72,0.77,0.51,0.5,0.0179,0
1485,403,3668,18.05,0.57,0.68,0.67,0.0032,1
5,18,67,1.19,0.55,0.28,0.45,0.0875,0
470,220,402,10.33,0.95,0.37,0.62,0.0296,0
4,48,3854,10.79,0.44,0.96,0.96,0.0037,1
111,57,75,2.24,0.62,0.31,0.4,0.1468,0
93,483,7679,1.95,0.52,0.91,0.54,0.0049,1
1445,253,2265,14.66,0.7,0.79,0.66,0.0066,1
1080,2624,1053,6.3,0.87,0.49,0.48,0.0298,0
21,41,4972,25.4,0.28,0.9,0.97,0.0005,1
218,697,432,5.69,0.67,0.42,0.51,0.017,0
226,116,190,0.39,0.99,0.02,0.47,0.0369,0
667,9669,3269,5.12,0.91,0.34,0.45,0.0618,0
246,78,40,0.03,0.38,0.07,0.3,0.0282,0
769,21247,2766,11.21,0.87,0.49,0.35,0.0756,0
150,38,99,0.02,0.36,0.06,0.2,0.024,0
108,877,781,1.87,1.0,0.03,0.49,0.1625,0
91,11,141,0.02,0.37,0.07,0.16,0.0337,0
120,761,1208,4.35,0.9,0.29,0.57,0.0102,1
15,93,2249,18.91,0.44,0.83,0.71,0.0013,1
1569,748,3134,23.45,0.81,0.77,0.64,0.006,1
215,544,1176,16.01,0.89,0.33,0.35,0.0579,0
1,98,2600,26.34,0.41,0.91,0.91,0.0018,1
1143,904,2139,5.69,0.58,0.71,0.81,0.003,1
31,211,6215,1.66,0.36,0.78,0.42,0.0021,1
14,61,1446,26.28,0.43,0.73,0.71,0.0025,1
599,883,2925,13.2,0.98,0.29,0.73,0.042,0
1740,217,1632,18.79,0.75,0.59,0.71,0.0084,1
56,75,4009,21.59,0.16,0.71,0.88,0.0017,1
265,38,71,0.04,0.47,0.03,0.25,0.01,0
257,315,674,8.67,0.88,0.32,0.42,0.0498,0
291,1311,1831,2.02,1.0,0.07,0.15,0.0117,0
78,474,3868,2.96,0.59,0.87,0.54,0.0043,1
347,56,205,0.03,0.45,0.09,0.18,0.0248,0
409,678,1705,5.67,0.71,0.32,0.62,0.0165,0
8,36,3415,31.4,0.37,0.83,0.81,0.0012,1
567,255,808,10.66,0.87,0.47,0.5,0.0627,0
329,243,415,2.31,0.65,0.02,0.37,0.0622,0
1130,691,2638,20.15,0.66,0.85,0.59,0.004,1
158,68,143,0.52,0.71,0.03,0.3,0.0556,0
212,11464,2931,17.2,0.96,0.18,0.68,0.0626,0
6,14,2397,17.45,0.35,0.8,0.89,0.0026,0
99,178,221,0.34,0.94,0.12,0.4,0.0439,0
24,20,111,1.63,0.45,0.33,0.42,0.0289,0
5,82,2805,35.83,0.21,0.95,0.8,0.0016,1
251,157,239,0.84,0.9,0.09,0.42,0.0776,0
25,100,2367,1.77,0.38,0.96,0.45,0.0037,1
554,299,438,0.36,0.8,0.03,0.4,0.1414,0
813,305,534,2.61,0.79,0.03,0.16,0.1361,0
252,280,912,4.74,0.63,0.44,0.51,0.016,1
451,2842,1102,8.21,0.88,0.29,0.4,0.0498,0
479,242,471,0.54,0.86,0.12,0.22,0.1393,1
17,21,3153,12.79,0.47,0.77,0.89,0.004,1
289,9860,2373,14.01,0.88,0.19,0.41,0.0397,0
26,17,57,0.39,0.62,0.41,0.28,0.0494,0
1072,2358,947,14.3,0.92,0.43,0.73,0.0752,0
308,194,355,0.38,0.74,0.01,0.3,0.0497,0
512,117,1206,6.94,0.86,0.31,0.58,0.0212,0
60,16,2742,8.39,0.16,0.84,0.72,0.0038,1
474,79,113,0.02,0.5,0.05,0.17,0.0142,0
62,267,6955,1.5,0.64,0.79,0.48,0.0038,1
179,360,591,0.14,0.78,0.07,0.24,0.0258,0
312,1336,2568,0.49,1.0,0.06,0.54,0.0136,1
222,63,143,0.04,0.3,0.02,0.26,0.0154,0
149,304,353,0.27,0.9,0.23,0.55,0.0613,0
266,34,178,0.02,0.33,0.04,0.06,0.0314,0
943,1747,1033,6.14,0.98,0.31,0.48,0.0442,0
71,471,3817,2.22,0.37,0.86,0.38,0.0023,1
406,1302,2572,0.68,0.89,0.01,0.48,0.0314,0
139,244,287,0.75,0.87,0.06,0.63,0.0073,0
1744,991,2559,10.25,0.56,0.61,0.76,0.0024,1
92,132,7452,2.02,0.45,0.86,0.4,0.0028,1
537,423,244,2.16,0.54,0.03,0.3,0.25,0
566,111,194,0.38,0.82,0.09,0.61,0.0167,0
4,51,5602,12.76,0.21,0.89,0.92,0.0019,1
417,699,1299,2.42,0.66,0.29,0.46,0.0157,1
27,129,5754,0.25,0.41,0.91,0.35,0.0006,1
337,281,633,2.88,0.61,0.53,0.54,0.0048,1
243,557,1129,5.96,0.66,0.42,0.77,0.0055,1
1990,629,3681,20.11,0.63,0.67,0.79,0.0042,1
15,15,2326,8.53,0.29,0.69,0.95,0.0003,1
466,1024,1614,0.94,0.77,0.02,0.41,0.0614,0
501,316,495,3.43,0.69,0.33,0.64,0.0033,1
578,739,405,5.45,0.83,0.26,0.6,0.0077,1
945,421,3530,14.88,0.79,0.67,0.69,0.0082,1
734,9,135,0.05,0.27,0.02,0.29,0.0156,0
55,485,3641,2.19,0.34,0.85,0.65,0.0022,1
2004,3782,1051,12.04,0.98,0.32,0.34,0.0514,0
273,41,171,0.02,0.26,0.03,0.28,0.0098,0
196,32,85,1.07,0.8,0.04,0.43,0.0961,0
126,403,1384,2.4,0.9,0.49,0.7,0.0165,1
783,202,268,1.08,1.0,0.2,0.35,0.1016,0
312,114,669,2.87,0.76,0.26,0.61,0.0138,1
780,767,1584,5.44,0.88,0.15,0.44,0.0221,0
1256,739,2860,8.98,0.57,0.79,0.53,0.0027,1
18,1,115,1.86,0.51,0.22,0.44,0.0499,0
50,357,6588,2.4,0.57,0.96,0.35,0.0021,1
216,950,969,4.58,0.62,0.05,0.57,0.07,0
1374,836,3017,18.51,0.65,0.53,0.7,0.0096,1
23,457,6913,1.42,0.39,0.92,0.61,0.0013,1
2052,763,3372,12.37,0.57,0.77,0.75,0.0068,1
469,8614,967,7.36,0.87,0.24,0.38,0.0169,0
540,20,116,0.03,0.32,0.03,0.2,0.0391,0
1294,256,2080,10.83,0.72,0.53,0.82,0.0031,1
728,50,229,0.02,0.26,0.06,0.32,0.0356,0
273,505,1329,16.81,0.93,0.4,0.35,0.0546,0
824,202,389,2.79,0.61,0.33,0.29,0.1321,0
543,1629,541,9.83,0.85,0.37,0.33,0.022,0
323,78,113,0.32,0.74,0.29,0.46,0.0237,0
102,317,223,1.43,1.0,0.11,0.61,0.0213,0
433,564,302,0.14,0.96,0.05,0.61,0.2061,0
44,16,3300,12.93,0.17,0.91,0.82,0.001,1
61,189,2559,1.65,0.31,0.92,0.49,0.0025,1
180,34,85,1.83,0.7,0.04,0.46,0.0925,0
38,37,5103,10.81,0.2,0.86,0.78,0.0002,1
21,20,89,1.37,0.4,0.35,0.38,0.0291,0
8,10,84,0.42,0.31,0.32,0.49,0.0398,0
23,28,42,1.05,0.37,0.35,0.29,0.0355,0
701,382,1868,20.81,0.61,0.59,0.68,0.0046,1
457,22,149,0.04,0.35,0.05,0.11,0.0201,0
20,9,41,0.29,0.64,0.43,0.3,0.0934,0
65,463,3301,0.72,0.37,0.82,0.46,0.0028,1
275,712,404,1.74,0.71,0.49,0.64,0.0162,1
397,383,724,0.83,0.74,0.11,0.48,0.043,0
276,40,57,0.01,0.34,0.07,0.29,0.0126,0
326,55,42,0.02,0.59,0.03,0.34,0.004,0
178,143,217,3.84,0.91,0.0,0.25,0.0579,0
2,3,1310,10.38,0.47,0.98,0.92,0.0012,1
1268,981,2109,22.47,0.62,0.5,0.67,0.0063,1
438,29,160,0.03,0.48,0.08,0.1,0.0302,0
190,37,107,0.02,0.54,0.04,0.23,0.025,0
13,4,4058,18.2,0.21,0.82,0.93,0.0031,1
572,114,1742,5.21,0.64,0.34,0.63,0.0072,1
60,99,3833,14.08,0.29,0.79,0.88,0.0012,1
21,76,5646,33.54,0.35,0.66,0.75,0.0035,1
319,135,856,4.64,0.62,0.38,0.62,0.0062,1
77,599,1366,5.31,0.71,0.34,0.76,0.02,1
33,492,4470,1.41,0.35,0.96,0.68,0.0033,1
193,591,313,1.67,0.84,0.24,0.57,0.0136,0
2025,485,1072,5.45,0.86,0.3,0.58,0.0696,0
934,59,81,0.9,0.63,0.09,0.53,0.0463,1
421,961,710,1.17,0.69,0.13,0.37,0.0934,0
294,379,597,0.57,0.99,0.02,0.62,0.0702,0
1761,721,2817,22.07,0.67,0.61,0.78,0.0047,0
35,13,2719,28.09,0.42,0.95,0.81,0.0038,1
290,299,362,1.15,0.83,0.01,0.58,0.1446,0
1133,3145,2741,6.69,0.88,0.25,0.5,0.0574,0
256,265,224,0.41,1.0,0.17,0.39,0.155,1
488,373,303,1.4,0.72,0.19,0.35,0.1164,0
376,13,130,0.03,0.53,0.04,0.11,0.0366,0
130,235,282,2.29,0.83,0.06,0.25,0.2043,0
9,21,31,1.46,0.61,0.16,0.33,0.0537,0
497,38,120,0.64,0.55,0.03,0.6,0.2374,0
19,66,4292,1.63,0.55,0.86,0.58,0.0017,1
193,248,242,1.87,0.85,0.17,0.46,0.0466,0
8,63,1975,9.11,0.43,0.73,0.9,0.0004,1
786,60,297,0.0,0.51,0.01,0.09,0.0028,0
251,211,380,0.25,0.96,0.06,0.29,0.0341,0
1293,640,1322,10.38,0.88,0.37,0.46,0.0704,0
5,25,4922,10.35,0.32,0.78,0.87,0.0003,1
209,12178,758,6.45,0.93,0.24,0.63,0.0359,0
466,23,82,0.0,0.32,0.09,0.34,0.0301,0
262,1807,1204,4.03,0.98,0.24,0.6,0.0674,0
220,358,466,1.57,0.76,0.02,0.15,0.0605,0
235,187,255,0.12,0.97,0.04,0.41,0.1075,0
949,6234,2330,14.61,0.87,0.44,0.62,0.0525,0
555,629,606,5.8,0.64,0.46,0.6,0.0034,1
6,22,5694,14.77,0.24,0.82,0.97,0.0023,1
39,2,3881,19.09,0.34,0.68,0.74,0.0027,1
70,346,7645,1.95,0.58,0.82,0.54,0.0037,1
60,18,5499,9.72,0.33,0.68,0.97,0.0003,1
113,1173,1076,1.71,1.0,0.02,0.57,0.0887,0
404,687,581,0.2,1.0,0.15,0.2,0.0371,0
221,4395,8014,1.23,0.88,0.04,0.39,0.1349,0
495,48,265,0.01,0.42,0.06,0.13,0.0292,0
575,580,712,0.41,0.75,0.02,0.17,0.1369,0
577,36,74,0.03,0.48,0.03,0.15,0.0149,0
15,10,79,0.77,0.4,0.29,0.26,0.0129,0
593,327,493,2.92,0.76,0.4,0.54,0.0182,1
735,1062,933,9.76,0.87,0.47,0.3,0.0731,0
449,74,166,0.03,0.36,0.04,0.26,0.0364,0
655,105,67,2.37,0.98,0.04,0.61,0.056,0
108,76,207,2.55,0.79,0.17,0.35,0.0493,0
244,8,142,0.02,0.41,0.06,0.09,0.0198,0
90,1040,1242,0.21,0.78,0.08,0.41,0.0498,0
608,241,206,0.13,0.88,0.13,0.64,0.0267,0
164,370,656,4.43,0.67,0.27,0.52,0.0068,1
2,25,102,0.67,0.51,0.24,0.28,0.0218,0
304,135,672,5.57,0.77,0.39,0.66,0.0192,1
312,392,390,0.11,0.86,0.03,0.35,0.1053,0
681,1677,1908,1.78,1.0,0.02,0.34,0.0499,0
298,525,1329,4.03,0.65,0.34,0.76,0.0147,1
1324,179,3675,6.69,0.74,0.55,0.56,0.0021,1
338,271,346,3.37,0.85,0.34,0.78,0.0061,1
149,783,1262,4.93,0.7,0.41,0.42,0.0065,1
373,59,39,0.03,0.46,0.04,0.13,0.0124,0
441,1045,1518,1.44,0.64,0.08,0.45,0.1053,0
63,786,1085,2.52,0.72,0.43,0.7,0.0183,1
451,627,609,2.14,0.81,0.45,0.42,0.0172,1
480,405,1682,4.92,0.91,0.42,0.71,0.0419,0
1496,772,3301,10.97,0.75,0.79,0.7,0.0022,1
755,1811,2072,6.39,0.91,0.22,0.65,0.0458,0
334,79,262,0.04,0.57,0.03,0.34,0.0029,0
559,374,791,3.02,0.68,0.43,0.48,0.0085,1
29,17,3931,24.38,0.24,0.94,0.82,0.0003,1
153,401,1599,5.52,0.79,0.32,0.42,0.0135,1
252,165,1555,2.51,0.86,0.33,0.52,0.0172,1
133,232,153,0.25,0.77,0.01,0.4,0.0655,0
18,62,1903,8.72,0.48,0.75,0.82,0.0005,1
141,33,174,0.03,0.41,0.02,0.23,0.0302,0
26,76,1411,18.2,0.19,0.79,0.94,0.0024,1
15,18,95,1.62,0.35,0.14,0.48,0.0776,0
29,23,1586,12.2,0.41,0.79,0.97,0.0015,1
337,253,1031,5.63,0.74,0.47,0.59,0.0069,1
624,62,82,0.02,0.36,0.06,0.18,0.0393,0
532,249,1346,2.64,0.83,0.46,0.53,0.0123,1
739,31,172,0.03,0.32,0.06,0.2,0.0171,0
126,1287,1506,1.48,1.0,0.03,0.28,0.1649,0
776,255,3372,10.65,0.88,0.37,0.74,0.0452,0
1022,420,400,0.4,0.86,0.05,0.39,0.0516,0
1583,288,312,1.09,0.69,0.01,0.43,0.0392,0
1143,7367,1676,15.52,0.93,0.23,0.48,0.0792,0
279,242,226,1.04,0.87,0.02,0.44,0.0859,0
1264,1017,1325,0.48,0.87,0.03,0.42,0.1299,0
27,68,2198,32.44,0.43,0.96,0.81,0.0029,1
91,427,2445,0.51,0.59,0.89,0.59,0.0049,1
529,719,1053,3.96,0.82,0.35,0.58,0.0047,1
422,106,58,1.05,0.94,0.09,0.45,0.0901,0
803,444,530,0.24,0.98,0.02,0.59,0.0082,1
452,545,351,2.88,0.75,0.4,0.41,0.009,1
232,398,808,1.46,0.96,0.03,0.3,0.0596,0
37,35,5578,15.11,0.43,0.77,0.75,0.0002,1
256,185,1539,5.68,0.69,0.37,0.68,0.008,1
471,43,75,0.0,0.52,0.05,0.15,0.0179,0
84,247,7120,0.26,0.6,0.92,0.62,0.0043,1
44,89,3321,9.58,0.27,0.78,0.7,0.0033,1
157,1403,2841,3.7,0.94,0.53,0.46,0.051,0
244,356,484,5.57,0.61,0.32,0.52,0.0135,1
184,1109,1470,0.5,0.79,0.11,0.2,0.0811,0
68,642,1342,5.67,0.87,0.28,0.45,0.0114,1
443,579,1243,0.19,0.7,0.0,0.42,0.0513,0
745,30,218,0.04,0.27,0.0,0.34,0.0093,0
138,169,243,0.87,1.0,0.08,0.47,0.0552,0
90,70,4062,0.32,0.39,0.78,0.54,0.0044,1
338,111,216,3.56,0.7,0.14,0.58,0.0455,0
33,43,1693,10.46,0.16,0.94,0.75,0.0003,1
217,184,428,1.59,0.86,0.11,0.48,0.0359,0
588,266,144,0.27,0.64,0.04,0.34,0.0513,0
584,230,262,1.16,0.77,0.02,0.27,0.0681,0
80,56,6292,2.38,0.33,0.79,0.35,0.0032,1
995,1188,3390,24.4,0.83,0.83,0.63,0.0063,1
33,217,4317,1.2,0.58,0.94,0.67,0.0006,1
33,396,7379,2.4,0.55,0.93,0.6,0.0025,1
186,187,163,0.77,0.97,0.05,0.26,0.0861,0
228,1059,3151,4.9,0.97,0.23,0.51,0.0462,0
116,315,4788,2.11,0.45,0.93,0.61,0.004,1
1003,101,229,5.53,0.89,0.17,0.65,0.1052,0
550,660,1145,1.59,0.74,0.32,0.68,0.0126,1
161,233,162,0.21,1.0,0.01,0.27,0.0353,0
149,774,814,5.31,0.8,0.54,0.6,0.0185,1
107,286,491,5.07,0.76,0.38,0.65,0.0105,1
878,544,2668,22.21,0.68,0.82,0.66,0.0042,1
256,10107,2901,14.13,0.91,0.16,0.32,0.0595,0
1,7,2543,13.51,0.48,0.75,0.88,0.0004,1
53,99,3854,66.13,0.49,0.76,0.95,0.0034,1
146,272,805,5.62,0.7,0.46,0.67,0.0167,1
213,224,1262,10.27,0.9,0.33,0.45,0.0642,0
6,68,3789,20.22,0.22,0.86,0.8,0.0034,1
523,436,1070,5.14,0.65,0.33,0.53,0.0141,1
34,98,1993,8.26,0.35,0.72,0.76,0.0006,1
456,19954,1249,4.96,0.91,0.24,0.51,0.0748,0
23,55,2713,21.24,0.34,0.76,0.76,0.0032,1
191,821,1472,0.44,0.64,0.02,0.59,0.1033,0
483,517,1615,5.32,0.73,0.54,0.78,0.0161,1
1389,962,2853,14.46,0.79,0.78,0.77,0.0048,1
24,17,103,0.53,0.53,0.3,0.26,0.0816,0
828,1861,3575,1.22,0.89,0.09,0.24,0.0708,0
323,361,277,2.05,0.72,0.06,0.54,0.0358,0
10,6,1237,9.17,0.27,0.85,0.93,0.0008,1
1029,11275,782,7.89,0.98,0.34,0.49,0.0197,0
15,24,5428,21.49,0.23,0.96,0.86,0.0013,1
596,317,979,5.07,0.64,0.48,0.43,0.0032,1
182,407,902,0.91,1.0,0.01,0.15,0.0649,0
256,49,71,0.48,0.49,0.08,0.64,0.0569,0
331,173,783,1.93,0.8,0.29,0.75,0.0117,1
234,164,1132,4.99,0.76,0.49,0.64,0.0083,1
425,78,256,0.0,0.52,0.04,0.06,0.0158,0
26,8,25,1.93,0.32,0.13,0.47,0.0834,0
5,36,2771,23.56,0.5,0.72,0.87,0.0031,1
231,71,247,0.04,0.42,0.04,0.34,0.0098,0
311,157,263,2.16,0.55,0.17,0.58,0.0581,0
1475,1140,4976,7.81,0.73,0.57,0.78,0.0083,1
382,196,1375,2.08,0.63,0.3,0.68,0.0171,1
63,310,460,5.39,0.62,0.45,0.45,0.0031,1
846,1015,2042,9.23,0.79,0.77,0.55,0.0057,1
225,497,3431,15.36,0.91,0.42,0.73,0.0702,0
1048,472,965,1.52,0.77,0.02,0.43,0.0691,0
454,75,221,0.02,0.46,0.02,0.21,0.0108,0
199,710,1583,0.15,0.78,0.29,0.22,0.0782,0
4,94,3183,25.05,0.44,0.8,0.87,0.0011,1
187,530,1210,3.19,0.89,0.34,0.51,0.0052,1
284,574,766,17.98,0.95,0.26,0.69,0.0658,1
59,775,681,1.89,0.82,0.51,0.79,0.0188,1
80,247,2281,0.81,0.35,0.89,0.56,0.0037,1
490,113,133,0.21,0.73,0.14,0.58,0.0279,0
93,239,6897,0.46,0.52,0.98,0.45,0.0033,1
516,73,287,0.02,0.59,0.07,0.34,0.0097,0
25,26,57,0.78,0.7,0.37,0.22,0.0885,0
373,232,911,1.57,0.78,0.25,0.4,0.0135,1
227,654,484,6.71,0.93,0.45,0.32,0.0728,0
8,27,2492,21.95,0.39,0.86,0.94,0.002,1
674,1052,965,12.89,0.94,0.42,0.43,0.0641,0
966,4180,3412,16.61,0.87,0.38,0.55,0.0472,0
251,452,284,0.22,0.98,0.19,0.19,0.0444,0
122,2328,3574,0.14,0.73,0.06,0.43,0.25,0
1329,155,1189,16.47,0.89,0.16,0.42,0.0331,0
60,507,756,4.74,0.79,0.42,0.69,0.0101,1
410,275,305,0.18,0.76,0.06,0.51,0.1184,0
921,442,865,7.43,0.98,0.35,0.33,0.0181,0
21,228,4782,1.71,0.58,0.82,0.56,0.0035,1
722,251,489,0.89,0.89,0.07,0.34,0.0145,0
137,831,1010,0.38,0.94,0.08,0.24,0.0465,0
82,448,4860,2.54,0.63,0.78,0.52,0.0017,1
82,149,814,5.09,0.74,0.35,0.46,0.0058,1
131,83,92,1.59,0.83,0.01,0.6,0.0337,0
175,417,448,1.49,1.0,0.24,0.19,0.0869,0
249,1048,3414,6.46,0.91,0.16,0.36,0.0263,0
61,191,2391,1.64,0.43,0.93,0.45,0.0029,1
20,0,11,0.67,0.44,0.35,0.38,0.0261,0
158,356,480,0.25,0.83,0.08,0.15,0.0636,0
76,7,2676,18.14,0.22,0.9,0.78,0.0016,1
314,776,559,2.82,0.94,0.01,0.39,0.0749,0
246,663,348,2.4,0.72,0.43,0.49,0.008,1
345,663,1258,1.95,0.88,0.27,0.65,0.0102,1
1805,10722,3230,16.49,1.0,0.43,0.54,0.0772,0
538,71,2698,9.75,0.98,0.33,0.45,0.0285,0
5,23,4391,61.95,0.42,0.7,0.94,0.0017,1
440,31,102,0.03,0.31,0.1,0.21,0.023,0
555,427,397,5.4,0.84,0.54,0.43,0.0076,1
146,557,610,4.72,0.75,0.38,0.57,0.0178,1
166,264,579,2.11,0.89,0.12,0.6,0.0872,0
422,343,683,0.77,0.72,0.22,0.36,0.0476,0
764,32,207,0.0,0.35,0.04,0.24,0.0045,0
85,426,4968,2.32,0.39,0.83,0.53,0.0015,1
752,83,126,0.25,0.95,0.1,0.43,0.154,0
7,14,53,1.06,0.67,0.39,0.3,0.0984,0
154,122,246,0.33,0.81,0.15,0.19,0.0289,0
1,1,23,1.42,0.65,0.23,0.21,0.0977,1
1,59,1477,67.09,0.49,0.7,0.75,0.0023,1
316,652,932,4.94,0.89,0.33,0.5,0.0126,1
20,12,5290,8.61,0.22,0.71,0.77,0.0013,1
105,172,318,0.8,0.98,0.04,0.47,0.0898,0
14,20,30,1.85,0.53,0.22,0.24,0.0434,0
391,1083,1277,0.51,1.0,0.08,0.43,0.0149,0
15,1,6,1.34,0.64,0.43,0.28,0.0253,0
437,230,904,4.91,0.78,0.33,0.5,0.0196,1
41,267,667,2.98,0.74,0.31,0.52,0.0064,1
10,36,4066,60.37,0.21,0.72,0.85,0.0005,1
400,13569,3059,13.17,0.95,0.48,0.37,0.06,0
155,257,555,1.42,0.97,0.02,0.46,0.0311,0
1588,1173,2098,18.46,0.83,0.79,0.61,0.0055,1
354,85,93,0.28,1.0,0.06,0.2,0.1181,0
12,25,1581,13.11,0.29,0.86,0.85,0.0038,1
1212,926,2684,11.06,0.98,0.23,0.72,0.0771,0
2,45,2288,36.45,0.5,0.82,0.8,0.0008,0
1071,5043,1475,7.08,0.95,0.47,0.34,0.0291,0
281,261,1318,2.91,0.8,0.5,0.54,0.0103,1
855,557,4334,10.55,0.72,0.59,0.61,0.0088,1
199,38,197,0.03,0.35,0.04,0.27,0.0376,0
267,343,389,0.59,0.86,0.05,0.51,0.028,0
103,132,109,0.74,0.74,0.03,0.27,0.0412,0
787,1071,2910,11.34,0.71,0.74,0.65,0.0088,1
334,361,1501,15.23,0.96,0.16,0.55,0.0636,0
99,255,5897,2.03,0.62,0.84,0.64,0.0019,1
70,161,7294,0.93,0.55,0.79,0.51,0.0006,1
94,53,5136,1.6,0.34,0.8,0.52,0.0045,1
128,327,1614,4.07,0.67,0.45,0.73,0.0108,1
516,221,1400,5.35,0.69,0.37,0.54,0.0172,1
616,10455,2287,6.77,0.9,0.38,0.5,0.0757,0
484,42,56,2.57,0.66,0.04,0.33,0.0253,0
39,37,5809,8.27,0.37,0.8,0.86,0.0036,1
73,339,4065,2.04,0.33,0.87,0.48,0.0044,1
75,339,6446,1.13,0.38,0.97,0.37,0.0013,1
92,82,197,1.23,0.76,0.07,0.5,0.1929,0
62,311,4340,1.49,0.33,0.99,0.66,0.0039,1
88,14,170,0.01,0.32,0.07,0.22,0.0097,0
169,727,842,1.91,0.79,0.04,0.52,0.1458,0
73,36,260,0.03,0.56,0.02,0.18,0.0336,1
8,7,119,0.15,0.33,0.36,0.3,0.0412,0
215,700,959,1.19,0.7,0.05,0.16,0.0252,0
249,15548,1083,7.01,0.89,0.23,0.52,0.0764,0
16,442,2771,1.25,0.62,0.77,0.48,0.0037,1
363,259,1005,3.99,0.8,0.53,0.67,0.0084,1
256,197,1779,5.68,0.68,0.33,0.56,0.0071,1
40,20,3823,19.9,0.18,0.95,0.81,0.0016,1
254,547,528,2.58,0.89,0.0,0.59,0.1212,0
360,199,408,0.35,0.91,0.11,0.2,0.0344,0
180,616,1209,0.14,0.81,0.22,0.41,0.1473,0
534,721,781,4.98,0.89,0.36,0.56,0.0184,1
3,29,16,1.85,0.65,0.26,0.32,0.06,0
6,0,108,0.31,0.66,0.17,0.42,0.0897,0
849,944,2076,0.91,0.69,0.11,0.2,0.0506,0
13,73,3053,18.31,0.16,0.94,0.98,0.0008,1
741,3129,3322,12.58,0.95,0.33,0.51,0.0569,0
26,81,1218,19.0,0.39,0.8,0.77,0.0001,1
29,27,33,0.83,0.43,0.4,0.27,0.0262,1
586,3858,1321,7.99,0.98,0.45,0.37,0.0167,0
14,25,62,1.28,0.32,0.41,0.34,0.0728,0
207,108,215,0.15,0.37,0.12,0.23,0.0339,0
5,27,101,0.92,0.53,0.37,0.28,0.0901,0
27,13,51,1.59,0.35,0.17,0.26,0.0601,0
308,157,164,0.96,0.93,0.04,0.26,0.0848,0
141,123,169,2.56,0.79,0.03,0.19,0.1097,0
105,156,6049,1.82,0.54,0.94,0.46,0.0012,1
329,577,1242,4.67,0.91,0.13,0.4,0.0835,0
21,114,7914,0.94,0.42,0.78,0.59,0.0014,1
213,231,462,0.21,1.0,0.11,0.5,0.0373,0
1711,599,2301,22.89,0.55,0.84,0.67,0.0084,1
210,420,194,0.76,0.78,0.15,0.31,0.054,0
1632,458,1650,4.49,0.92,0.29,0.36,0.0597,0
1848,2087,2920,14.56,0.88,0.16,0.74,0.0787,0
226,62,141,0.03,0.3,0.01,0.23,0.0394,0
197,38,226,0.01,0.36,0.09,0.27,0.0274,0
508,787,3088,13.16,0.93,0.23,0.39,0.074,0
142,931,1257,0.23,0.86,0.09,0.16,0.0456,0
24,88,5178,9.96,0.49,0.69,0.77,0.0033,1
10,3,1602,37.08,0.23,0.93,0.74,0.0024,1
417,21,155,0.02,0.58,0.02,0.08,0.015,0
67,32,1492,8.96,0.41,0.66,0.88,0.0009,1
69,68,118,0.01,0.57,0.08,0.12,0.0381,0
22,337,2582,1.4,0.49,0.97,0.7,0.0039,1
1116,787,1540,19.83,0.65,0.63,0.68,0.0049,1
12,75,2931,23.9,0.39,0.88,0.71,0.0036,1
35,283,4773,1.9,0.31,0.94,0.38,0.0023,1
24,8,1590,13.01,0.19,0.68,0.72,0.0024,1
221,72,271,0.02,0.39,0.08,0.07,0.0054,0
491,22,178,0.05,0.51,0.07,0.15,0.006,0
26,29,38,1.66,0.41,0.22,0.27,0.0627,0
200,552,1188,1.85,0.66,0.35,0.57,0.0131,1
298,713,868,2.25,1.0,0.09,0.28,0.1626,0
279,2369,3094,14.79,0.99,0.33,0.51,0.0641,0
488,793,979,2.74,0.86,0.43,0.4,0.0167,1
438,2578,1735,0.39,0.68,0.02,0.38,0.0259,0
1304,995,1417,1.5,0.97,0.18,0.5,0.0244,0
684,106,166,0.15,0.88,0.11,0.19,0.0199,0
1448,259,253,0.49,0.57,0.0,0.36,0.036,0
619,8866,2217,7.14,0.93,0.33,0.57,0.0189,0
19,24,55,0.88,0.37,0.36,0.45,0.0893,0
411,283,1600,4.71,0.62,0.4,0.59,0.0083,1
610,134,102,2.13,0.94,0.01,0.28,0.0098,0
1312,237,257,0.75,0.82,0.13,0.2,0.0322,0
795,26,180,0.01,0.37,0.03,0.13,0.0174,0
28,5,109,1.76,0.46,0.14,0.22,0.0241,0
537,59,192,0.03,0.56,0.06,0.26,0.0282,0
650,891,2612,16.53,0.99,0.49,0.72,0.0327,0
684,52,291,0.02,0.52,0.01,0.06,0.0306,0
97,576,1699,5.8,0.69,0.34,0.72,0.0077,1
900,1946,1614,2.26,0.87,0.04,0.38,0.0636,0
16,44,4201,20.62,0.46,0.86,0.89,0.0027,1
504,240,882,4.67,0.85,0.26,0.49,0.0094,1
356,928,468,0.78,0.93,0.05,0.4,0.066,0
15,97,5635,48.89,0.4,0.66,0.81,0.0033,1
251,21,205,0.04,0.36,0.06,0.21,0.0272,0
480,10,212,0.02,0.26,0.05,0.32,0.0092,0
109,137,7129,0.62,0.45,0.8,0.48,0.0011,1
124,456,477,0.13,0.81,0.0,0.56,0.0597,0
62,209,2957,2.83,0.3,0.79,0.64,0.002,1
14,50,4034,21.23,0.25,0.7,0.93,0.0034,1
8,52,3203,34.9,0.18,0.86,0.84,0.0022,1
609,65,238,0.02,0.27,0.08,0.21,0.0031,0
89,112,5838,2.44,0.51,0.81,0.56,0.0033,1
1861,676,1832,14.86,0.74,0.56,0.5,0.0048,1
234,52,124,0.62,0.73,0.1,0.37,0.0155,0
362,573,1555,5.97,0.65,0.29,0.6,0.0139,1
11,6,3128,23.12,0.16,0.98,0.8,0.0003,1
14,206,5630,2.78,0.31,0.94,0.58,0.0007,1
240,1169,3147,6.98,0.86,0.35,0.31,0.0418,0
721,459,400,0.35,0.63,0.02,0.46,0.034,0
444,230,778,1.65,0.74,0.52,0.54,0.0189,1
50,495,3715,1.3,0.36,0.87,0.51,0.0048,1
743,638,1680,13.54,0.7,0.7,0.66,0.0076,1
448,390,713,0.3,0.61,0.16,0.31,0.1182,0
657,2853,1047,13.16,0.9,0.19,0.64,0.0703,0
356,248,467,1.81,0.84,0.07,0.32,0.0518,0
653,72,268,0.02,0.37,0.1,0.21,0.0073,0
307,1368,1457,0.76,0.76,0.16,0.22,0.0636,0
482,420,392,2.34,0.63,0.34,0.74,0.0033,1
300,1995,2815,9.47,0.98,0.39,0.61,0.0498,0
616,545,734,1.16,0.69,0.05,0.31,0.1082,0
341,989,860,0.73,0.97,0.06,0.53,0.1173,0
40,438,6511,2.86,0.34,0.84,0.66,0.0038,0
531,3394,1595,15.78,0.97,0.27,0.54,0.0239,0
723,1738,939,6.93,0.94,0.18,0.7,0.0183,0
254,174,643,4.02,0.88,0.34,0.42,0.0145,1
101,426,1178,4.31,0.68,0.34,0.45,0.0187,1
430,94,2029,16.8,0.93,0.34,0.51,0.0325,0
369,470,322,2.8,0.53,0.02,0.32,0.0311,0
15,35,2162,48.42,0.49,0.69,0.74,0.0027,1
856,242,533,1.38,0.96,0.21,0.27,0.0639,0
143,569,754,1.11,0.92,0.17,0.16,0.1042,0
776,313,443,1.71,0.98,0.02,0.16,0.1297,0
611,441,254,0.54,1.0,0.05,0.51,0.0224,0
25,4,10,1.27,0.61,0.3,0.27,0.0134,0
484,743,721,0.93,0.79,0.14,0.56,0.0832,0
216,453,813,4.51,0.68,0.37,0.68,0.0117,1
44,80,1472,23.63,0.24,0.78,0.89,0.0036,1
234,5984,440,16.5,0.93,0.38,0.39,0.0421,0
223,957,657,1.68,0.84,0.04,0.21,0.0554,0
1,75,2619,8.52,0.44,0.72,0.86,0.0019,1
2,53,5934,12.95,0.35,0.67,0.83,0.0036,1
398,99,219,0.28,0.92,0.13,0.38,0.0278,0
621,73,94,1.44,1.0,0.01,0.27,0.201,0
53,68,5965,44.57,0.44,0.88,0.8,0.001,1
1867,1193,2812,5.98,0.68,0.66,0.61,0.0066,1
429,635,410,5.5,0.85,0.43,0.56,0.0116,1
208,361,1026,5.38,0.8,0.5,0.5,0.0181,1
393,573,1208,5.33,0.71,0.29,0.53,0.0107,1
1121,683,728,15.11,0.97,0.38,0.68,0.076,0
587,124,99,0.45,0.89,0.06,0.52,0.0313,0
313,1760,3187,4.45,0.96,0.44,0.59,0.0738,0
994,475,322,0.55,0.95,0.02,0.61,0.0152,0
109,831,1668,1.02,1.0,0.07,0.22,0.1128,0
293,72,136,0.02,0.55,0.02,0.05,0.0062,0
656,45,116,1.25,0.77,0.21,0.41,0.0752,0
134,274,252,1.07,0.8,0.07,0.45,0.0245,0
1856,725,1698,5.53,0.69,0.52,0.57,0.0065,1
195,570,719,4.01,0.73,0.27,0.59,0.011,1
40,75,5560,21.63,0.35,0.66,0.84,0.0025,1
515,878,2550,13.97,0.96,0.32,0.7,0.0778,0
105,124,4529,0.52,0.34,0.98,0.38,0.0036,1
253,401,657,1.73,0.71,0.05,0.37,0.0067,0
528,72,112,0.03,0.53,0.02,0.08,0.0305,0
89,364,2900,1.67,0.33,0.78,0.41,0.004,1
475,620,2572,14.76,0.96,0.17,0.39,0.0514,0
12,207,2727,2.76,0.37,0.89,0.57,0.0028,1
269,638,438,0.25,0.93,0.22,0.3,0.0423,0
720,112,270,0.11,1.0,0.0,0.22,0.1311,0
3,43,5628,20.93,0.3,0.66,0.98,0.0022,1
102,360,1444,2.67,0.84,0.33,0.41,0.0118,1
52,92,1633,32.15,0.37,0.87,0.93,0.0023,1
195,577,574,3.34,0.72,0.54,0.77,0.007,1
267,556,821,2.83,0.78,0.36,0.56,0.0122,1
14,74,4711,14.43,0.44,0.88,0.89,0.0014,1
514,764,699,4.35,0.9,0.51,0.46,0.0123,1
233,94,174,0.33,0.85,0.15,0.16,0.1198,0
559,10,249,0.03,0.31,0.1,0.2,0.0042,0
572,1377,3323,8.73,0.9,0.16,0.37,0.0242,0
1369,68,109,0.2,0.69,0.09,0.64,0.0753,0
624,399,1808,15.8,0.85,0.45,0.5,0.0153,0
768,901,1904,15.79,0.96,0.44,0.39,0.0728,0
744,10,120,0.04,0.26,0.04,0.24,0.0218,0
368,1774,3370,9.11,0.97,0.34,0.61,0.0555,0
200,285,442,2.78,0.7,0.34,0.7,0.0125,1
899,1244,3001,8.98,0.9,0.39,0.4,0.0611,0
235,488,3379,16.77,0.92,0.16,0.7,0.0194,0
363,2224,3255,1.19,0.78,0.05,0.32,0.009,0
22,0,10,1.8,0.39,0.17,0.27,0.0928,0
48,58,2014,28.83,0.49,0.77,0.87,0.0036,1
460,95,198,1.05,0.84,0.25,0.24,0.0175,0
1843,980,1571,18.74,0.7,0.57,0.69,0.0053,1
1,54,2972,37.09,0.49,0.88,0.8,0.0038,1
58,72,7386,0.72,0.4,0.94,0.66,0.0038,1
254,3309,1374,0.64,0.71,0.15,0.42,0.0826,0
1410,1342,2405,6.12,0.93,0.47,0.75,0.0337,0
473,225,253,1.34,0.81,0.03,0.2,0.1201,0
1600,631,3536,8.73,0.83,0.71,0.54,0.0035,1
32,160,5559,2.66,0.37,0.79,0.55,0.0026,1
51,346,2453,1.32,0.52,0.97,0.69,0.0028,1
418,200,121,1.58,0.7,0.03,0.21,0.0918,0
285,60,124,0.03,0.42,0.1,0.27,0.027,0
1127,568,2870,19.05,0.85,0.65,0.65,0.0087,1
8,76,2601,39.34,0.46,0.69,0.82,0.0019,1
1,45,5141,10.71,0.29,0.95,0.75,0.0027,1
630,3916,1633,12.96,0.89,0.29,0.32,0.065,0
105,257,263,0.91,0.48,0.04,0.5,0.0568,0
63,495,4896,1.68,0.43,1.0,0.46,0.0017,1
402,3487,2446,1.24,0.69,0.06,0.54,0.1383,0
206,18267,3079,9.73,0.85,0.22,0.49,0.0422,0
240,1833,984,4.49,0.97,0.36,0.53,0.0172,0
11,9,98,0.23,0.61,0.12,0.48,0.0146,0
5,27,1593,31.01,0.47,0.77,0.84,0.0015,1
390,161,1465,4.71,0.88,0.45,0.59,0.0162,1
103,1202,1165,4.05,0.79,0.01,0.64,0.0269,0
93,263,5781,0.71,0.52,0.9,0.54,0.0016,1
887,425,228,0.23,0.92,0.09,0.28,0.1984,0
8,1,99,0.64,0.67,0.34,0.27,0.0653,0
187,384,956,2.74,0.77,0.39,0.57,0.0049,1
790,749,3309,11.89,0.75,0.81,0.75,0.0077,1
279,517,1155,5.07,0.77,0.28,0.51,0.0081,1
549,224,182,2.77,0.55,0.08,0.32,0.1667,0
272,737,949,2.75,0.76,0.42,0.6,0.01,1
132,535,639,1.16,0.79,0.02,0.43,0.0251,0
16,19,30,0.77,0.55,0.41,0.44,0.0443,0
328,126,128,0.15,0.78,0.06,0.58,0.012,0
227,162,165,0.17,0.69,0.08,0.27,0.0439,0
129,1455,720,0.74,1.0,0.06,0.3,0.0627,0
21,19,61,0.58,0.65,0.25,0.28,0.063,0
335,1611,1277,4.71,0.88,0.2,0.43,0.0283,0
119,2507,5455,1.07,0.87,0.02,0.48,0.1669,0
567,719,834,5.64,0.69,0.35,0.43,0.0135,1
1188,6445,11257,0.58,0.85,0.08,0.35,0.1475,0
12,277,7808,2.89,0.38,0.93,0.54,0.0015,1
743,50,118,0.02,0.6,0.02,0.21,0.0395,0
1277,181,3131,7.21,0.68,0.78,0.68,0.0076,1
83,38,268,0.0,0.4,0.09,0.28,0.0333,0
100,379,286,0.14,0.77,0.08,0.61,0.0882,0
74,50,5826,0.27,0.36,1.0,0.48,0.0042,1
2157,702,2964,17.57,0.83,0.59,0.71,0.0046,1
1268,2859,1012,6.46,0.89,0.18,0.65,0.0195,0
1728,641,949,1.58,0.89,0.08,0.63,0.0723,0
147,3822,5475,1.04,0.93,0.0,0.54,0.0742,0
234,101,117,0.42,0.67,0.04,0.4,0.1168,0
1107,515,3898,18.72,0.64,0.55,0.65,0.0097,1
94,563,405,3.24,0.83,0.1,0.23,0.0407,0
595,242,1669,3.4,0.85,0.39,0.8,0.0105,1
1153,3606,627,17.82,0.89,0.21,0.51,0.0173,0
12,313,7001,2.08,0.53,0.89,0.37,0.0047,1
25,76,2141,29.7,0.42,0.9,0.76,0.0039,1
19,2,114,0.74,0.69,0.14,0.35,0.0485,0
91,649,788,5.12,0.86,0.36,0.53,0.0118,1
250,125,1575,5.72,0.84,0.54,0.64,0.0087,1
518,72,143,1.69,1.0,0.03,0.25,0.0973,0
275,117,76,0.64,0.64,0.11,0.31,0.0186,0
232,8487,3124,8.72,0.91,0.41,0.72,0.0559,0
355,532,540,1.61,0.65,0.1,0.44,0.119,0
140,41,266,0.05,0.28,0.03,0.25,0.0276,0
1,42,3547,40.13,0.23,0.69,0.89,0.0018,1
92,418,7487,0.74,0.48,0.86,0.61,0.0016,1
799,478,2205,12.47,0.79,0.66,0.8,0.0076,0
1503,2350,1491,8.83,0.9,0.34,0.47,0.0151,0
71,259,2848,1.51,0.56,0.79,0.35,0.0024,1
361,28,265,0.05,0.39,0.03,0.08,0.0321,0
575,149,350,2.57,0.64,0.0,0.32,0.0493,0
135,317,396,0.97,0.78,0.0,0.49,0.0681,0
1366,81,65,1.55,0.93,0.06,0.33,0.0579,0
15,39,4298,29.71,0.29,0.9,0.97,0.002,1
331,71,248,0.03,0.55,0.04,0.28,0.0338,0
1600,2555,502,16.95,0.88,0.26,0.33,0.0475,0
114,106,123,2.35,0.79,0.01,0.16,0.0276,0
327,1738,2267,11.34,0.97,0.41,0.48,0.0204,0
738,163,244,0.66,0.52,0.08,0.63,0.0322,0
212,141,303,0.86,0.79,0.01,0.6,0.1426,0
312,717,922,1.05,0.94,0.1,0.21,0.0558,0
23,59,2638,9.55,0.37,0.92,0.93,0.0024,0
11,87,2988,16.98,0.42,0.83,0.88,0.0021,1
123,531,396,0.3,1.0,0.06,0.56,0.0171,0
3030,13543,3345,17.96,0.96,0.48,0.37,0.0294,0
484,61,152,0.01,0.54,0.0,0.12,0.025,0
759,1451,3106,1.37,1.0,0.05,0.48,0.1206,0
852,1190,4098,24.97,0.61,0.68,0.62,0.0062,1
404,938,553,13.43,0.89,0.42,0.42,0.0248,0
455,132,297,0.48,0.87,0.05,0.2,0.0199,0
7,23,1384,37.6,0.23,0.71,0.77,0.0036,1
664,1940,2071,11.16,0.93,0.15,0.4,0.0166,0
779,60,200,0.03,0.47,0.04,0.29,0.0198,0
90,256,6299,1.92,0.45,0.9,0.47,0.0006,1
2,19,1651,12.7,0.24,0.75,0.86,0.0022,1
401,531,974,5.02,0.8,0.45,0.59,0.0143,1
144,230,1712,2.44,0.78,0.47,0.55,0.013,1
680,38,239,0.02,0.34,0.04,0.26,0.0341,0
1470,3301,2472,15.19,0.93,0.28,0.61,0.0735,0
160,205,415,2.25,1.0,0.19,0.54,0.0931,0
272,47,108,0.01,0.33,0.1,0.1,0.0296,0
78,322,3621,2.45,0.38,0.88,0.43,0.0039,1
2174,574,4965,24.41,0.84,0.55,0.54,0.0053,1
515,216,209,0.64,0.65,0.08,0.59,0.0615,0
144,372,638,1.36,0.96,0.05,0.42,0.0362,0
634,16,166,0.03,0.39,0.05,0.2,0.0289,0
757,12,57,0.0,0.29,0.05,0.23,0.0031,0
82,148,4870,0.46,0.37,0.83,0.61,0.0006,1
119,204,427,0.67,0.88,0.18,0.16,0.0698,0
423,74,132,0.02,0.56,0.1,0.17,0.0357,0
570,586,450,2.71,0.77,0.49,0.62,0.0189,1
476,512,911,0.5,1.0,0.08,0.59,0.0587,0
639,12223,1963,6.38,0.91,0.36,0.43,0.0786,0
378,25,228,0.03,0.26,0.09,0.06,0.0216,0
162,20,168,0.04,0.48,0.02,0.27,0.0296,0
42,670,415,2.26,0.7,0.3,0.51,0.0156,1
165,1379,1700,0.97,0.77,0.02,0.21,0.0828,0
4,40,3965,9.24,0.32,0.88,0.86,0.0018,1
51,48,61,0.03,0.59,0.01,0.08,0.0212,0
796,18,168,0.03,0.53,0.04,0.34,0.0343,0
205,323,473,0.21,0.7,0.15,0.48,0.0549,0
92,367,530,3.34,0.79,0.1,0.61,0.0693,0
520,142,170,0.35,0.97,0.03,0.2,0.1271,0
579,526,888,3.68,0.85,0.28,0.46,0.0196,1
321,1059,2402,6.54,0.86,0.24,0.43,0.0571,0
14,90,4753,20.54,0.16,0.98,0.86,0.0002,1
993,427,226,1.05,0.76,0.06,0.46,0.1539,0
729,447,2584,17.38,0.77,0.74,0.73,0.0021,1
588,758,391,2.8,0.76,0.49,0.59,0.014,1
148,514,391,3.09,0.62,0.48,0.69,0.0185,1
60,329,4922,1.21,0.49,0.93,0.44,0.0012,1
576,503,407,0.32,0.92,0.03,0.32,0.1231,0
20,21,26,1.43,0.62,0.35,0.41,0.0963,0
89,460,6482,0.86,0.43,0.79,0.53,0.0026,1
81,414,3973,0.49,0.56,0.8,0.37,0.0024,0
4,67,3093,61.59,0.44,0.74,0.82,0.001,0
535,947,1127,1.82,0.73,0.03,0.26,0.1831,0
128,149,208,2.7,0.79,0.01,0.42,0.0794,0
255,527,351,1.77,0.8,0.02,0.28,0.1129,0
15,1,105,0.86,0.62,0.4,0.41,0.0184,1
542,232,339,0.2,0.53,0.02,0.4,0.0761,0
416,45,293,0.03,0.38,0.05,0.3,0.021,0
12,152,7392,1.16,0.65,0.8,0.56,0.0043,1
247,107,88,0.25,0.74,0.04,0.35,0.0194,0
12,11,1505,12.19,0.46,0.84,0.87,0.0035,1
59,258,2635,0.37,0.33,0.96,0.37,0.0013,1
397,52,124,1.36,1.0,0.06,0.44,0.0098,0
491,59,163,0.03,0.42,0.04,0.2,0.0092,0
45,641,746,2.3,0.67,0.26,0.69,0.0135,1
653,3079,3259,10.13,0.94,0.32,0.59,0.0268,0
311,374,588,1.32,0.84,0.07,0.26,0.0197,1
329,408,1601,3.66,0.89,0.32,0.69,0.0158,1
607,219,417,0.59,1.0,0.07,0.17,0.0221,0
406,326,561,0.93,0.88,0.01,0.22,0.0448,0
276,542,3335,11.49,0.94,0.47,0.38,0.0342,0
145,49,69,0.19,0.86,0.03,0.58,0.1165,0
1068,116,3391,5.5,0.87,0.33,0.44,0.0425,0
252,87,2822,11.6,0.99,0.22,0.75,0.0344,0
142,509,574,0.12,0.71,0.34,0.33,0.0295,0
860,155,231,2.58,0.89,0.06,0.32,0.1473,0
93,1101,1630,0.88,0.75,0.22,0.27,0.0851,0
294,762,1428,7.91,0.94,0.29,0.5,0.0189,0
224,1477,1507,15.74,0.88,0.34,0.63,0.0738,0
450,5335,739,16.54,0.87,0.45,0.73,0.0385,0
101,14,3157,26.77,0.43,0.81,0.94,0.0022,1
553,317,667,0.63,0.89,0.26,0.47,0.037,0
1860,761,4142,22.95,0.57,0.71,0.54,0.0026,1
251,76,279,0.02,0.29,0.07,0.15,0.0121,0
449,379,381,2.44,1.0,0.15,0.16,0.0552,0
371,668,1420,3.64,0.73,0.38,0.42,0.0091,1
96,26,131,0.03,0.58,0.01,0.06,0.0251,0
13,95,4564,10.78,0.31,0.85,0.79,0.0021,1
107,545,1081,0.49,0.5,0.01,0.63,0.0756,0
383,231,476,1.12,0.74,0.02,0.6,0.0614,0
192,781,1752,5.15,0.79,0.51,0.55,0.013,1
1223,453,616,1.57,0.85,0.28,0.23,0.0231,0
2,27,4502,53.88,0.38,0.8,0.74,0.0021,1
27,7,7,1.5,0.31,0.41,0.23,0.0226,0
7,69,3283,14.3,0.26,0.73,0.87,0.0036,1
218,42,104,0.03,0.42,0.06,0.1,0.0202,0
500,4374,2483,15.23,0.94,0.43,0.61,0.0276,0
1769,817,4972,7.53,0.66,0.76,0.6,0.0066,1
541,141,135,1.72,0.86,0.14,0.57,0.1405,0
76,492,1614,4.27,0.67,0.42,0.72,0.0074,1
749,8219,2011,5.57,0.94,0.23,0.42,0.0734,0
176,29,138,0.03,0.36,0.08,0.34,0.0379,0
8,25,116,0.37,0.36,0.33,0.44,0.0917,0
9,50,3819,23.81,0.44,0.74,0.84,0.0027,1
659,40,153,0.0,0.42,0.04,0.12,0.004,0
91,334,2721,1.8,0.65,0.96,0.35,0.0007,1
1739,905,4657,21.18,0.83,0.58,0.69,0.0033,1
23,25,119,2.0,0.37,0.34,0.47,0.0618,0
451,2434,872,5.44,0.85,0.17,0.39,0.0447,1
267,58,136,0.01,0.37,0.09,0.28,0.0143,0
374,458,1484,4.08,0.88,0.37,0.65,0.0182,1
84,211,4708,2.81,0.44,0.86,0.55,0.0026,1
1467,1453,3480,9.96,0.93,0.47,0.35,0.0196,0
528,692,1373,1.72,0.72,0.51,0.7,0.0118,1
158,52,113,0.05,0.56,0.06,0.16,0.0255,0
272,267,413,0.27,0.83,0.13,0.48,0.1033,0
200,1075,889,0.63,1.0,0.15,0.35,0.0804,0
301,2251,1672,6.54,0.86,0.18,0.6,0.0238,0
91,189,229,0.65,0.78,0.1,0.52,0.0795,0
202,4353,944,7.81,0.9,0.48,0.56,0.0266,0
62,485,2093,2.65,0.48,0.97,0.47,0.0008,1
680,59,48,0.05,0.54,0.06,0.25,0.0257,0
404,372,215,1.55,0.95,0.06,0.59,0.1148,1
49,641,1091,1.98,0.85,0.47,0.42,0.0066,1
472,262,1245,5.99,0.78,0.48,0.48,0.0143,1
24,293,5090,0.56,0.39,0.98,0.68,0.0027,1
1044,524,385,0.82,0.61,0.04,0.21,0.0483,0
1144,415,416,0.91,0.92,0.06,0.6,0.0289,0
639,66,77,0.05,0.41,0.08,0.16,0.0346,0
710,157,422,6.54,0.95,0.5,0.51,0.062,0
335,1263,2540,3.53,0.71,0.33,0.2,0.0358,0
681,70,176,0.0,0.41,0.09,0.14,0.0094,0
830,180,364,2.1,1.0,0.12,0.49,0.0794,0
1247,1051,3795,16.36,0.68,0.79,0.78,0.0079,1
918,1173,4060,24.77,0.73,0.68,0.56,0.0065,1
152,3067,3654,4.33,0.74,0.01,0.21,0.2116,0
248,375,623,1.12,0.6,0.09,0.31,0.04,0
94,70,5543,0.79,0.54,0.84,0.4,0.0021,1
1367,300,3772,7.09,0.77,0.6,0.56,0.0032,1
97,258,421,1.09,0.74,0.01,0.26,0.0315,0
482,75,62,0.02,0.31,0.05,0.12,0.0233,0
1277,682,1834,13.29,0.74,0.77,0.74,0.0074,1
534,323,634,0.72,0.69,0.14,0.44,0.0239,0
207,4910,2085,11.44,0.9,0.23,0.34,0.0497,0
356,54,46,0.02,0.29,0.04,0.28,0.017,0
580,457,1168,2.65,0.67,0.31,0.69,0.0181,1
465,2704,2914,0.64,0.52,0.26,0.53,0.0184,0
36,489,2616,0.28,0.41,0.95,0.59,0.0025,1
305,46,107,0.29,0.64,0.01,0.16,0.0744,0
117,699,924,4.7,0.79,0.53,0.48,0.0198,1
723,1288,1667,7.05,0.99,0.34,0.47,0.0645,0
88,58,286,0.05,0.33,0.05,0.08,0.0249,0
779,74,121,0.03,0.6,0.06,0.07,0.0039,0
151,229,367,1.88,0.84,0.38,0.71,0.0032,0
595,779,1568,0.4,1.0,0.04,0.45,0.0224,0
143,67,86,0.03,0.41,0.08,0.18,0.0078,0
104,19,52,0.02,0.32,0.04,0.1,0.0232,0
185,7,52,0.04,0.58,0.03,0.26,0.0347,0
535,734,303,2.78,0.64,0.48,0.77,0.0132,1
544,649,502,2.68,0.78,0.42,0.56,0.0198,1
13,19,5212,10.03,0.19,0.87,0.98,0.0027,1
233,13301,2219,5.82,0.95,0.28,0.63,0.0414,0
16,94,4572,18.4,0.43,0.81,0.93,0.0018,1
269,130,262,0.58,0.91,0.03,0.6,0.06,0
230,92,170,2.15,0.91,0.02,0.42,0.049,0
188,308,562,0.91,0.85,0.09,0.62,0.0342,0
105,158,4151,2.69,0.48,0.97,0.57,0.0032,0
642,2636,2524,5.89,0.9,0.26,0.62,0.0224,0
91,587,1719,4.87,0.66,0.3,0.49,0.0092,1
916,705,2302,10.58,0.59,0.62,0.7,0.0076,1
93,1437,2064,0.38,0.56,0.07,0.35,0.0708,0
689,859,3208,6.27,0.98,0.43,0.37,0.0386,0
197,529,1771,2.83,0.77,0.44,0.59,0.0171,1
113,156,6265,2.3,0.62,0.76,0.48,0.0015,1
516,358,1416,2.3,0.73,0.44,0.41,0.0099,1
599,6,54,0.01,0.44,0.06,0.35,0.0391,0
12,10,85,1.55,0.35,0.37,0.33,0.087,0
23,14,50,0.32,0.34,0.35,0.24,0.0521,0
529,26,139,0.04,0.37,0.0,0.22,0.011,0
1156,61,1321,8.7,0.97,0.24,0.7,0.0196,0
247,223,241,1.81,0.76,0.05,0.54,0.0669,0
544,289,911,4.3,0.73,0.47,0.53,0.0192,1
43,403,7598,2.8,0.56,0.83,0.55,0.0046,1
3,45,5424,53.63,0.36,0.68,0.94,0.0021,1
24,12,52,0.16,0.43,0.19,0.48,0.0267,0
234,619,1355,0.55,0.91,0.11,0.25,0.087,0
711,52,157,0.04,0.33,0.02,0.17,0.0356,0
312,190,184,0.17,0.71,0.01,0.24,0.0668,0
388,66,78,0.4,0.56,0.01,0.63,0.0639,0
115,194,6072,2.69,0.49,0.82,0.66,0.0029,1
1123,2350,4635,1.29,0.95,0.32,0.49,0.0705,0
483,336,511,1.65,0.72,0.54,0.69,0.0081,1
158,47,44,0.21,0.99,0.18,0.6,0.0447,0
629,54,290,0.04,0.58,0.01,0.14,0.0196,0
475,904,573,1.44,1.0,0.05,0.54,0.0268,0
289,609,801,2.21,0.82,0.46,0.62,0.0126,1
218,399,735,0.45,0.95,0.03,0.52,0.0433,0
270,75,259,0.04,0.55,0.09,0.32,0.0064,0
1490,3454,2042,12.13,0.93,0.49,0.36,0.0732,0
15,6,92,0.19,0.65,0.22,0.46,0.0731,0
272,113,75,0.69,0.86,0.03,0.27,0.0387,0
225,788,673,1.37,0.69,0.04,0.16,0.0454,0
658,372,453,1.9,0.65,0.01,0.59,0.0165,0
526,8650,3455,5.7,0.87,0.46,0.56,0.0757,0
315,312,1796,1.51,0.88,0.42,0.77,0.0087,1
455,48,71,0.04,0.59,0.03,0.3,0.0251,0
1440,179,3040,5.09,0.84,0.83,0.67,0.01,1
957,944,1915,0.16,0.88,0.02,0.18,0.0616,0
286,579,393,1.63,0.85,0.09,0.23,0.0597,0
101,232,4432,0.3,0.58,0.78,0.43,0.0031,1
3,81,5371,46.65,0.21,0.85,0.8,0.0019,1
1487,344,419,2.2,1.0,0.06,0.31,0.0946,0
38,258,6785,2.52,0.51,0.98,0.51,0.0049,1
437,310,1442,11.32,0.94,0.24,0.47,0.051,0
451,282,716,3.72,0.88,0.41,0.64,0.0151,1
23,51,3051,11.05,0.36,0.67,0.73,0.0027,1
216,865,555,2.17,0.89,0.0,0.55,0.0596,0
9,8,3354,41.83,0.28,0.78,0.87,0.003,1
499,594,1058,13.98,1.0,0.34,0.42,0.0594,0
363,792,410,1.82,0.76,0.24,0.64,0.0955,0
269,1200,1247,10.34,0.91,0.16,0.46,0.0702,0
166,816,1743,1.69,0.65,0.03,0.43,0.0264,0
97,107,7210,1.96,0.65,1.0,0.65,0.0008,1
112,143,4825,2.21,0.45,0.97,0.46,0.0007,1
23,89,1782,44.99,0.46,0.66,0.91,0.0027,1
15,18,57,1.69,0.47,0.25,0.33,0.0475,0
590,76,89,0.02,0.4,0.08,0.32,0.032,0
4,28,5238,27.38,0.18,0.86,0.94,0.0011,1
205,58,128,2.23,1.0,0.3,0.54,0.0428,0
365,7123,2532,11.64,0.86,0.25,0.34,0.0709,0
112,438,4768,1.99,0.5,0.87,0.65,0.0034,1
566,347,781,3.9,0.69,0.31,0.64,0.0186,1
492,77,250,0.0,0.27,0.09,0.27,0.0285,0
25,11,113,1.65,0.39,0.15,0.24,0.0518,0
172,186,367,0.12,0.89,0.19,0.42,0.1499,0
401,363,1539,4.08,0.61,0.28,0.66,0.0098,1
339,304,3054,6.06,0.89,0.33,0.45,0.0519,0
357,31,82,3.01,1.0,0.01,0.22,0.0282,0
1964,541,1159,0.28,0.71,0.17,0.24,0.0166,0
178,277,558,0.92,0.99,0.09,0.17,0.0365,0
69,55,68,0.03,0.55,0.03,0.32,0.0172,0
1388,1991,1332,0.81,1.0,0.1,0.63,0.0612,0
149,93,167,0.96,0.69,0.02,0.6,0.0089,0
9,66,4573,14.54,0.4,0.75,0.73,0.0013,1
92,139,244,0.35,0.8,0.0,0.26,0.0891,0
539,769,829,5.44,0.62,0.4,0.59,0.0158,1
8,29,7,0.1,0.35,0.23,0.22,0.022,0
416,66,100,0.04,0.41,0.09,0.2,0.0284,0
566,276,973,5.51,0.85,0.39,0.5,0.0053,1
1024,807,2456,19.4,0.64,0.74,0.73,0.0042,1
774,3531,1771,0.43,0.77,0.02,0.51,0.0837,0
353,659,3438,12.02,0.87,0.22,0.51,0.0657,0
6,2,2684,68.46,0.32,0.7,0.73,0.0012,1
463,756,560,5.09,0.84,0.48,0.61,0.0078,1
161,1104,1749,1.31,0.99,0.5,0.38,0.0111,0
437,624,1347,3.89,0.75,0.46,0.78,0.0049,1
213,2327,1994,0.65,0.79,0.02,0.17,0.0228,0
44,7,2752,10.0,0.21,0.93,0.94,0.0027,1
285,482,213,0.25,1.0,0.01,0.57,0.0389,0
81,5,5157,61.63,0.48,0.77,0.98,0.0002,1
391,972,1373,0.77,0.63,0.04,0.38,0.079,0
129,66,124,2.49,0.87,0.03,0.63,0.0476,0
389,183,238,1.59,0.57,0.04,0.36,0.148,0
34,420,3312,2.95,0.43,0.83,0.38,0.0031,1
250,167,194,0.52,0.55,0.03,0.37,0.0653,0
704,440,382,0.57,0.78,0.08,0.2,0.0141,0
873,143,217,0.99,0.86,0.07,0.47,0.0255,0
686,47,146,0.04,0.47,0.0,0.23,0.0207,0
922,826,3758,7.52,0.81,0.59,0.63,0.0071,0
82,42,168,0.05,0.32,0.05,0.12,0.0345,0
1870,1181,4822,10.82,0.67,0.72,0.78,0.0048,1
374,414,1244,1.82,0.6,0.34,0.56,0.0071,1
646,420,343,3.02,0.84,0.12,0.5,0.0421,0
92,301,680,0.23,1.0,0.01,0.4,0.0564,0
459,232,313,2.02,0.82,0.33,0.65,0.0186,1
138,62,126,0.34,0.72,0.03,0.64,0.0572,0
156,519,584,1.69,0.65,0.01,0.45,0.131,0
366,50,131,0.01,0.28,0.06,0.34,0.0333,0
152,29,61,1.55,0.61,0.01,0.45,0.0666,0
242,1922,2839,12.73,0.95,0.26,0.67,0.0507,0
1675,833,2911,13.84,0.82,0.66,0.8,0.0046,1
32,38,5120,32.72,0.22,0.93,0.72,0.0001,1
1,85,4101,28.49,0.44,0.72,0.73,0.0021,1
29,98,2617,24.25,0.29,0.67,0.76,0.0032,1
99,533,1155,0.56,1.0,0.06,0.34,0.021,0
676,259,396,1.22,0.71,0.03,0.65,0.0511,0
46,696,1455,5.05,0.9,0.49,0.66,0.0182,1
30,65,2946,0.41,0.41,0.78,0.68,0.002,1
378,347,587,0.19,0.98,0.0,0.25,0.0308,0
118,523,1677,2.44,0.62,0.4,0.6,0.015,1
20,36,3689,21.64,0.48,0.71,0.95,0.0003,1
270,5759,2573,14.74,0.94,0.44,0.74,0.0345,0
815,658,3818,6.25,0.78,0.83,0.67,0.0053,1
705,67,122,0.03,0.47,0.09,0.34,0.0336,0
915,515,1161,0.57,0.82,0.13,0.24,0.1911,0
843,637,567,4.78,0.63,0.04,0.5,0.0841,0
604,683,3260,15.85,1.0,0.18,0.32,0.0247,0
467,76,188,0.05,0.44,0.04,0.17,0.0358,0
337,603,656,1.73,0.78,0.44,0.67,0.0093,1
648,42,111,0.7,0.64,0.16,0.29,0.0515,0
238,1771,3395,1.79,1.0,0.3,0.27,0.0405,0
358,525,1181,0.43,0.85,0.04,0.3,0.0676,0
477,827,962,0.43,0.58,0.13,0.34,0.0573,0
76,200,1513,5.28,0.86,0.41,0.77,0.0041,1
308,227,264,1.84,0.67,0.05,0.22,0.0826,0
664,162,317,2.48,0.78,0.04,0.57,0.0857,0
437,19,41,0.01,0.26,0.05,0.35,0.033,0
94,93,3734,45.3,0.42,0.76,0.84,0.0016,1
124,67,286,0.05,0.46,0.05,0.16,0.0361,0
588,1296,1948,0.79,0.87,0.09,0.39,0.0754,0
20,5,109,0.22,0.65,0.3,0.32,0.0201,0
240,202,228,3.29,0.8,0.14,0.36,0.1199,0
131,203,255,0.82,1.0,0.01,0.38,0.1003,0
457,543,1092,0.16,0.92,0.0,0.37,0.0368,0
8,7,108,0.48,0.52,0.14,0.31,0.0694,0
523,551,1086,2.44,0.84,0.53,0.76,0.0085,1
16,28,4917,16.01,0.37,0.93,0.83,0.0035,1
288,547,1317,3.66,0.71,0.34,0.65,0.0116,1
559,40,158,0.01,0.33,0.09,0.28,0.0048,0
969,258,533,0.83,0.93,0.09,0.3,0.0384,0
189,681,1095,2.57,0.85,0.45,0.63,0.0173,1
190,645,1178,3.68,0.85,0.35,0.54,0.0158,1
12,1,27,0.23,0.62,0.37,0.24,0.0696,0
82,61,7600,0.38,0.47,0.86,0.6,0.0034,1
159,787,1291,2.58,0.91,0.01,0.5,0.1048,0
70,154,452,3.89,0.69,0.29,0.52,0.009,1
261,497,637,0.12,0.93,0.01,0.63,0.1095,1
1820,156,4583,16.24,0.67,0.77,0.64,0.0075,1
106,531,743,0.52,0.8,0.03,0.44,0.1253,0
222,2016,1937,13.42,0.92,0.4,0.67,0.0296,0
847,108,251,1.73,0.6,0.02,0.54,0.0938,0
796,507,1051,0.7,0.66,0.1,0.16,0.0792,0
11,66,5816,13.22,0.49,0.79,0.83,0.002,1
35,286,4380,0.42,0.43,0.98,0.47,0.0037,1
908,539,2968,8.92,0.98,0.18,0.45,0.0378,0
726,144,93,0.58,0.84,0.04,0.56,0.1774,0
96,170,6200,1.71,0.38,0.83,0.69,0.0043,1
436,10512,3082,13.06,0.88,0.37,0.57,0.0192,0
187,130,243,0.49,1.0,0.06,0.4,0.1249,0
2022,579,4575,16.32,0.83,0.6,0.55,0.0048,1
272,3252,2862,11.43,0.99,0.34,0.41,0.0433,0
676,27,129,0.02,0.54,0.03,0.34,0.01,1
107,334,3706,0.7,0.57,0.89,0.44,0.0047,0
15,32,1750,13.81,0.16,0.89,0.9,0.0027,1
24,24,5561,36.1,0.44,0.66,0.85,0.0036,1
243,318,191,1.16,0.71,0.05,0.53,0.0491,0
261,6745,3103,6.55,0.93,0.15,0.35,0.0532,0
5,62,5416,18.46,0.42,0.72,0.94,0.0003,1
311,201,509,1.99,0.87,0.45,0.62,0.0094,1
33,190,6335,1.56,0.42,0.95,0.38,0.0014,0
796,249,470,0.38,0.85,0.21,0.18,0.0529,0
2711,2033,2626,13.82,0.88,0.29,0.45,0.0374,0
824,934,882,1.28,0.68,0.09,0.26,0.1037,0
2075,695,4841,7.06,0.69,0.81,0.58,0.0083,1
285,164,203,0.45,1.0,0.03,0.46,0.0476,0
75,16,157,0.03,0.31,0.09,0.12,0.0113,0
335,262,383,0.52,0.86,0.12,0.59,0.0119,0
102,424,438,3.9,1.0,0.04,0.2,0.2176,0
474,370,717,0.23,1.0,0.04,0.23,0.0827,0
65,51,3617,1.64,0.65,0.87,0.64,0.0042,1
349,601,1292,8.43,0.9,0.45,0.37,0.0765,0
337,234,1378,5.01,0.65,0.28,0.75,0.0035,1
4,41,2009,26.63,0.3,0.67,0.79,0.0013,0
545,506,811,0.91,0.64,0.14,0.31,0.0433,0
370,235,506,0.59,0.94,0.02,0.53,0.0744,0
1464,923,4171,6.01,0.56,0.81,0.81,0.0029,1
438,504,1125,5.92,0.84,0.48,0.54,0.0142,1
21,42,4185,8.01,0.49,0.77,0.8,0.0007,1
573,204,1498,2.05,0.79,0.44,0.75,0.0127,1
279,587,1445,5.89,0.81,0.25,0.68,0.0099,1
610,30,237,0.04,0.3,0.07,0.28,0.026,0
145,200,1682,2.87,0.88,0.35,0.43,0.0199,1
756,410,2049,6.03,0.85,0.19,0.65,0.0641,0
177,67,159,0.03,0.27,0.01,0.25,0.0218,0
9,19,94,0.24,0.3,0.15,0.33,0.0822,0
6,51,1718,8.9,0.32,0.74,0.81,0.0012,1
3,0,103,1.33,0.58,0.16,0.49,0.0654,0
47,71,126,0.03,0.49,0.04,0.28,0.039,0
2050,458,4679,9.48,0.71,0.7,0.75,0.01,0
565,468,500,0.39,0.67,0.16,0.44,0.0607,0
543,160,1455,2.88,0.65,0.5,0.43,0.0079,1
205,2898,2703,9.05,0.92,0.35,0.66,0.0274,0
28,332,7644,1.86,0.6,0.9,0.42,0.0009,1
239,282,709,4.12,0.81,0.49,0.64,0.0049,1
1106,167,3017,14.06,0.63,0.78,0.51,0.0075,1
466,285,302,1.72,0.92,0.02,0.49,0.1277,0
331,76,175,0.41,0.62,0.17,0.32,0.0526,0
483,8,281,0.01,0.38,0.09,0.31,0.017,0
106,72,235,0.04,0.5,0.05,0.08,0.0154,0
26,26,79,0.5,0.41,0.35,0.38,0.0861,0
21,481,6526,0.92,0.63,0.83,0.47,0.0014,1
277,4191,4975,0.57,0.72,0.11,0.17,0.0457,0
33,22,1495,31.82,0.42,0.72,0.84,0.0038,1
13,30,5790,15.52,0.16,0.88,0.97,0.0025,1
5,0,99,1.4,0.31,0.12,0.36,0.0272,0
380,1216,2611,13.63,0.86,0.16,0.55,0.0727,0
261,36,156,0.04,0.39,0.01,0.31,0.0232,0
302,603,1126,0.52,0.52,0.06,0.57,0.1695,0
118,777,850,4.11,0.86,0.47,0.51,0.0128,0
286,797,367,0.54,0.83,0.05,0.59,0.0655,0
460,262,1254,2.96,0.82,0.47,0.41,0.0091,0
254,386,1067,3.41,0.62,0.31,0.46,0.0192,1
533,130,808,5.32,0.86,0.43,0.77,0.013,1
26,15,107,0.23,0.58,0.28,0.35,0.037,0
182,70,144,0.01,0.34,0.01,0.26,0.0157,0
989,638,859,0.46,0.77,0.19,0.16,0.1658,0
1806,483,4064,11.37,0.63,0.51,0.6,0.0056,1
392,26,65,0.01,0.45,0.1,0.27,0.0282,0
638,40,197,0.01,0.57,0.02,0.32,0.0139,0
421,635,1036,5.48,0.81,0.45,0.55,0.004,1
411,89,74,1.35,0.81,0.01,0.64,0.0937,0
679,2646,2633,10.86,0.94,0.41,0.46,0.0478,0
6,97,4974,44.11,0.45,0.88,0.93,0.0022,1
384,434,412,0.5,0.77,0.15,0.34,0.0355,0
5,38,1718,13.35,0.4,0.68,0.83,0.0038,1
186,64,213,0.0,0.58,0.06,0.11,0.0234,0
722,408,1335,6.59,0.97,0.37,0.34,0.0732,0
309,731,785,4.98,0.89,0.51,0.69,0.0043,1
34,58,1606,19.12,0.45,0.65,0.9,0.0012,1
463,64,224,0.03,0.3,0.08,0.25,0.0133,0
70,64,7225,2.76,0.6,0.93,0.61,0.001,1
150,249,564,3.07,0.89,0.01,0.63,0.0389,0
431,63,159,0.91,1.0,0.0,0.63,0.034,0
345,20,238,0.02,0.46,0.07,0.22,0.0153,0
612,393,771,0.12,0.77,0.02,0.32,0.0157,0
1330,874,911,0.27,0.83,0.04,0.2,0.0396,0
541,226,213,0.5,0.81,0.05,0.37,0.2103,0
717,2480,2245,17.66,0.96,0.26,0.58,0.0182,0
13,10,2985,8.41,0.25,0.78,0.85,0.0012,1
128,565,536,1.08,0.71,0.04,0.16,0.0882,0
2111,1548,1165,13.68,0.88,0.49,0.59,0.0388,0
214,7875,1163,6.55,0.85,0.27,0.71,0.0798,0
18,69,4038,26.42,0.3,0.87,0.73,0.0011,1
1,67,4162,21.68,0.3,0.8,0.95,0.0007,1
145,160,143,1.62,1.0,0.08,0.35,0.0137,1
101,251,3260,1.03,0.41,0.88,0.58,0.0039,1
247,1939,4287,1.26,0.85,0.06,0.56,0.0371,0
206,239,393,5.71,0.75,0.28,0.52,0.0178,1
21,35,5741,9.78,0.38,0.85,0.84,0.0037,1
3,78,4016,11.02,0.36,0.88,0.83,0.0005,1
981,891,1078,6.08,0.93,0.35,0.72,0.0558,0
802,1353,1458,4.47,0.93,0.36,0.46,0.0646,0
1560,1017,3104,14.23,0.62,0.66,0.83,0.0037,1
1531,2511,2310,7.55,0.97,0.17,0.61,0.0435,0
46,431,3132,2.84,0.34,0.99,0.63,0.004,1
28,10,53,1.78,0.3,0.34,0.43,0.0289,0
217,73,284,0.02,0.33,0.03,0.25,0.0161,0
994,193,266,1.18,0.8,0.03,0.49,0.0223,0
29,46,2082,41.06,0.37,0.86,0.74,0.0003,1
162,432,515,3.77,0.7,0.01,0.25,0.2283,0
12,82,4434,24.31,0.28,0.79,0.8,0.001,1
117,64,6069,1.47,0.61,0.77,0.62,0.0043,1
1825,2494,2996,10.06,0.95,0.39,0.3,0.0671,0
25,6,42,1.62,0.42,0.13,0.36,0.0576,0
577,360,870,5.94,0.88,0.46,0.61,0.0057,1
560,68,95,0.01,0.52,0.08,0.16,0.027,0
792,63,51,0.01,0.35,0.09,0.18,0.0243,0
495,24,71,0.83,0.76,0.08,0.61,0.0652,0
781,381,592,2.77,0.9,0.03,0.27,0.1897,0
766,74,76,0.02,0.56,0.08,0.31,0.0324,0
305,305,240,0.66,0.83,0.08,0.24,0.0355,0
1173,763,2188,21.74,0.55,0.83,0.77,0.0081,1
4,2,27,0.35,0.68,0.15,0.31,0.0374,0
93,706,1243,0.52,0.87,0.28,0.32,0.0383,0
1436,809,2912,10.36,0.64,0.52,0.6,0.0025,1
68,493,326,2.76,0.74,0.52,0.63,0.0119,1
329,557,935,0.6,0.5,0.11,0.59,0.0678,0
181,56,94,0.41,0.75,0.04,0.37,0.0195,0
300,359,794,1.76,0.97,0.03,0.37,0.0315,0
299,141,312,0.64,0.67,0.04,0.33,0.0571,0
782,62,155,0.02,0.57,0.07,0.2,0.0262,0
224,450,1038,0.24,0.69,0.12,0.57,0.048,0
1074,2053,2864,1.61,1.0,0.03,0.28,0.0435,0
369,70,55,0.04,0.39,0.0,0.13,0.0368,0
106,629,1692,5.31,0.68,0.49,0.6,0.0154,1
439,69,109,0.02,0.48,0.08,0.12,0.0387,0
290,1822,3425,0.38,0.88,0.02,0.47,0.0434,1
88,294,3356,2.75,0.48,0.82,0.49,0.0025,1
454,1037,981,1.38,0.79,0.03,0.53,0.0228,0
14,9,101,0.98,0.68,0.16,0.25,0.0742,0
219,502,1087,3.13,0.99,0.16,0.56,0.0561,0
1299,242,215,1.4,0.3,0.01,0.4,0.1474,0
215,430,384,1.7,0.83,0.0,0.53,0.062,0
154,496,717,3.43,0.9,0.42,0.68,0.0145,1
51,239,6041,0.25,0.4,0.76,0.67,0.0038,1
62,67,214,0.04,0.57,0.02,0.1,0.0285,0
355,281,602,4.97,0.78,0.33,0.78,0.0141,1
172,9,197,0.05,0.48,0.03,0.06,0.0243,0
96,418,6146,1.07,0.38,0.86,0.59,0.0013,1
668,76,255,0.05,0.47,0.08,0.13,0.0149,0
117,451,2203,1.39,0.55,0.97,0.69,0.0048,1
189,803,1637,1.26,0.99,0.02,0.3,0.0992,0
498,266,621,4.72,0.79,0.49,0.43,0.0066,1
379,1175,1756,1.16,0.84,0.08,0.52,0.0859,0
759,431,856,1.38,0.95,0.04,0.21,0.0293,0
16,77,2005,17.32,0.48,0.89,0.7,0.0006,1
20,37,3242,31.61,0.36,0.88,0.8,0.0018,1
2058,728,4187,18.31,0.62,0.77,0.61,0.0055,1
258,111,2275,17.71,0.92,0.5,0.52,0.0293,0
27,17,62,0.52,0.39,0.26,0.3,0.0986,0
328,485,898,0.1,0.57,0.06,0.27,0.0181,0
335,92,194,0.15,0.99,0.02,0.48,0.1488,0
28,16,71,1.15,0.38,0.11,0.42,0.0118,0
485,1713,1623,8.9,0.88,0.5,0.37,0.0388,0
447,173,117,2.38,0.92,0.17,0.24,0.0303,0
483,69,164,0.68,0.94,0.11,0.32,0.0376,0
19,307,7182,2.29,0.61,0.77,0.68,0.0023,1
296,74,261,0.03,0.46,0.05,0.09,0.0103,0
755,43,149,0.0,0.34,0.03,0.08,0.0168,0
406,3659,2361,4.22,0.97,0.26,0.56,0.0175,0
372,72,154,0.0,0.44,0.02,0.05,0.035,0
672,87,660,6.18,0.89,0.46,0.74,0.0767,0
270,290,956,5.92,0.6,0.44,0.7,0.0186,1
891,1152,2801,5.22,0.71,0.65,0.66,0.0052,1
467,19,58,0.02,0.52,0.07,0.15,0.0059,0
196,153,256,0.57,0.7,0.02,0.5,0.1109,0
123,191,363,0.97,0.9,0.06,0.4,0.0632,0
308,183,313,1.19,0.82,0.07,0.16,0.0462,0
578,204,616,14.93,0.91,0.28,0.6,0.0211,0
471,466,892,0.46,0.96,0.15,0.25,0.2107,0
30,22,2150,10.37,0.37,0.8,0.75,0.0014,1
921,7944,1706,12.0,0.98,0.37,0.59,0.0294,0
221,449,592,1.52,0.84,0.16,0.65,0.2124,0
367,353,1763,5.91,0.6,0.29,0.62,0.0192,1
152,409,735,0.62,0.84,0.01,0.35,0.0787,0
2175,1147,2829,21.59,0.82,0.52,0.61,0.0046,1
470,1307,1708,1.07,0.79,0.04,0.44,0.1454,0
163,796,1101,5.37,0.79,0.31,0.53,0.0174,1
413,4917,505,16.11,0.89,0.18,0.67,0.0652,0
605,201,342,1.16,0.92,0.03,0.61,0.0468,0
612,10,266,0.0,0.29,0.08,0.13,0.0042,0
532,534,304,4.88,0.85,0.33,0.49,0.0186,1
429,389,863,0.22,0.42,0.03,0.61,0.1007,0
169,178,1278,2.43,0.83,0.25,0.45,0.0064,1
187,531,1206,0.28,0.79,0.02,0.29,0.0636,0
862,758,1081,2.22,0.89,0.05,0.58,0.0374,0
21,36,1642,15.74,0.45,0.66,0.85,0.0035,1
339,273,945,3.3,0.83,0.4,0.69,0.0116,1
20,12,2799,15.09,0.35,0.68,0.8,0.0017,1
507,61,273,0.01,0.28,0.05,0.2,0.0152,0
1962,876,4862,12.92,0.75,0.79,0.78,0.0078,1
790,364,587,1.02,0.7,0.06,0.29,0.0802,0
107,1231,2588,1.06,0.96,0.02,0.57,0.1134,0
1160,326,3306,11.39,0.67,0.59,0.51,0.0046,1
1085,664,777,2.04,0.82,0.1,0.55,0.0639,0
580,608,550,5.24,0.69,0.45,0.52,0.0156,1
151,952,463,0.83,0.87,0.11,0.23,0.0345,0
2,75,5442,9.65,0.2,0.65,0.74,0.0024,1
547,242,189,0.27,0.75,0.41,0.31,0.0987,0
57,373,1233,3.74,0.71,0.49,0.53,0.0108,1
361,29,66,0.05,0.48,0.09,0.1,0.0204,0
21,24,43,1.25,0.5,0.2,0.47,0.0911,0
321,314,401,0.25,0.65,0.02,0.25,0.1189,0
206,668,949,3.93,0.67,0.35,0.79,0.0071,1
310,306,632,1.97,0.91,0.01,0.16,0.0583,1
327,6076,2332,9.96,1.0,0.2,0.51,0.0571,0
359,459,568,5.68,0.8,0.45,0.62,0.008,1
499,639,446,1.74,0.86,0.01,0.43,0.0693,0
345,581,720,2.87,0.92,0.01,0.33,0.0853,0
125,67,151,0.1,0.86,0.02,0.16,0.1469,0
540,340,1493,4.95,0.78,0.28,0.74,0.0123,1
1477,1057,3132,24.33,0.76,0.65,0.83,0.0097,1
132,8,133,0.04,0.3,0.05,0.19,0.0362,1
51,14,2474,24.08,0.49,0.9,0.72,0.0008,1
518,7,110,0.03,0.4,0.01,0.18,0.032,0
436,779,1181,3.74,0.83,0.27,0.57,0.0145,1
458,361,789,1.88,0.58,0.01,0.56,0.0191,0
179,438,484,2.14,0.94,0.13,0.27,0.0386,0
293,22,280,0.04,0.43,0.04,0.31,0.0138,0
212,66,208,0.05,0.35,0.03,0.18,0.0156,0
77,433,5941,2.96,0.38,0.93,0.54,0.0042,1
1475,177,4943,21.2,0.78,0.77,0.65,0.0078,1
566,5,252,0.01,0.31,0.05,0.23,0.0111,0
39,96,1550,9.45,0.18,0.81,0.86,0.0018,1
272,777,1361,1.82,0.7,0.44,0.61,0.0122,1
22,8,19,1.92,0.66,0.25,0.37,0.0971,0
759,16,117,0.03,0.52,0.02,0.13,0.0097,0
251,194,406,0.6,0.85,0.04,0.49,0.0602,0
2003,891,2860,17.87,0.71,0.53,0.85,0.008,1
136,170,1292,3.81,0.77,0.37,0.46,0.0082,1
8,89,3097,14.42,0.34,0.75,0.78,0.0035,1
3,3,97,0.14,0.39,0.16,0.21,0.0389,0
58,456,1742,3.57,0.84,0.5,0.7,0.0092,1
806,262,625,12.9,0.91,0.17,0.58,0.0756,0
129,480,1041,0.28,0.87,0.05,0.16,0.0763,0
875,288,456,0.11,0.62,0.13,0.35,0.0334,0
439,702,1221,4.44,0.75,0.48,0.68,0.0198,1
316,71,73,1.64,0.97,0.06,0.35,0.1708,0
573,332,1452,2.42,0.86,0.34,0.78,0.0078,1
262,198,856,3.5,0.9,0.4,0.62,0.0148,1
133,585,816,3.79,0.64,0.34,0.52,0.0031,1
166,426,535,1.81,0.98,0.13,0.63,0.036,0
144,1054,780,0.4,0.86,0.01,0.5,0.2499,0
397,475,1001,4.85,0.88,0.34,0.44,0.0069,1
70,392,1496,4.01,0.73,0.42,0.69,0.0048,1
29,20,3852,63.32,0.38,0.8,0.74,0.0022,1
535,550,551,1.86,0.75,0.31,0.65,0.1995,0
350,1519,1551,0.35,0.91,0.23,0.32,0.1506,0
92,84,6844,1.6,0.52,0.78,0.46,0.0022,1
27,39,1484,12.6,0.23,0.88,0.8,0.0017,1
383,407,1394,2.84,0.69,0.49,0.73,0.0086,1
2441,206,111,2.07,0.73,0.04,0.43,0.1193,0
212,103,189,1.25,0.75,0.09,0.34,0.0424,0
23,67,2058,11.53,0.29,0.85,0.88,0.0024,1
1759,906,4995,11.22,0.59,0.68,0.68,0.0066,1
874,1153,2869,9.07,0.61,0.51,0.62,0.0022,1
186,296,384,0.45,1.0,0.02,0.2,0.0611,0
206,793,1746,1.65,0.72,0.18,0.47,0.0324,0
1955,1147,1996,13.92,0.68,0.72,0.76,0.0083,1
11,21,58,0.95,0.63,0.25,0.35,0.0362,0
1262,1616,2791,12.47,0.98,0.18,0.46,0.0629,0
197,170,265,2.85,0.75,0.16,0.39,0.0224,0
521,6,89,0.05,0.59,0.04,0.23,0.0191,0
687,328,168,1.5,0.66,0.13,0.19,0.0382,0
263,316,455,2.01,0.66,0.54,0.78,0.006,1
462,95,87,1.57,0.71,0.16,0.25,0.0409,0
57,477,4165,1.07,0.48,0.76,0.4,0.0048,1
231,1365,1973,13.12,0.96,0.18,0.63,0.0239,0
69,91,2787,31.04,0.38,0.84,0.95,0.0002,1
336,302,1310,1.66,0.72,0.54,0.44,0.0047,1
224,68,154,0.01,0.38,0.09,0.24,0.0249,0
412,10500,3152,14.46,0.97,0.34,0.3,0.0564,0
1270,129,133,0.62,0.79,0.14,0.25,0.0992,0
796,1467,933,0.62,0.74,0.03,0.44,0.072,0
151,1253,1432,0.15,0.6,0.01,0.45,0.0758,0
5,4,45,1.78,0.68,0.11,0.22,0.0182,0
150,18,91,0.01,0.33,0.0,0.17,0.0194,0
191,491,530,1.85,0.85,0.54,0.44,0.0168,1
553,64,127,0.78,0.88,0.0,0.63,0.2011,0
365,1834,2604,1.65,0.89,0.07,0.45,0.0435,0
31,373,5470,1.62,0.32,0.79,0.43,0.0042,1
1100,226,138,0.99,0.68,0.22,0.36,0.1399,0
269,38,71,0.03,0.28,0.1,0.08,0.0234,0
1397,371,3281,17.83,0.94,0.21,0.39,0.0615,0
288,262,204,2.26,1.0,0.06,0.15,0.036,0
380,1205,2409,1.66,0.73,0.06,0.39,0.1107,0
320,1969,1825,16.12,0.89,0.28,0.57,0.0715,0
372,14,144,0.0,0.48,0.05,0.18,0.0078,0
1613,579,4405,11.19,0.73,0.83,0.74,0.0042,1
20,19,73,1.31,0.62,0.2,0.43,0.0496,0
21,15,50,0.82,0.67,0.4,0.33,0.0309,0
1214,610,1127,11.48,0.98,0.41,0.67,0.0287,0
527,361,699,0.52,0.76,0.06,0.56,0.1386,0
629,72,77,1.33,0.77,0.22,0.64,0.0954,1
145,313,601,1.16,0.8,0.12,0.22,0.0689,0
493,79,271,0.03,0.45,0.09,0.13,0.0376,0
96,345,3821,1.47,0.36,0.8,0.38,0.0024,1
37,52,5205,17.44,0.36,0.67,0.81,0.0011,0
160,261,217,0.52,1.0,0.13,0.33,0.0621,0
482,796,842,0.45,1.0,0.09,0.55,0.0244,0
40,11,2533,27.3,0.43,0.82,0.81,0.0037,1
776,229,518,0.11,0.91,0.0,0.22,0.1051,0
126,442,694,5.8,0.64,0.28,0.72,0.0177,1
382,1656,3312,12.96,0.9,0.41,0.42,0.0559,1
2136,301,2433,7.94,0.84,0.66,0.8,0.0057,1
290,76,123,0.32,1.0,0.08,0.51,0.0458,0
355,68,1383,14.76,0.92,0.21,0.64,0.0745,0
143,454,226,4.78,0.89,0.33,0.26,0.0602,0
60,248,1544,5.81,0.69,0.27,0.55,0.0092,1
20,9,90,1.45,0.63,0.41,0.33,0.0382,0
3,81,2120,18.16,0.33,0.94,0.95,0.0019,1
1701,374,3393,7.3,0.89,0.44,0.55,0.0707,0
88,476,1355,5.61,0.65,0.27,0.59,0.0062,1
1004,806,903,0.22,0.84,0.13,0.17,0.0331,0
486,218,310,5.97,0.84,0.29,0.52,0.0136,1
69,79,292,0.03,0.43,0.06,0.31,0.0167,0
201,10,55,0.02,0.55,0.0,0.18,0.0214,0
321,261,438,4.98,0.61,0.05,0.64,0.0527,0
29,11,99,1.3,0.47,0.3,0.45,0.0394,0
6,21,108,1.36,0.47,0.36,0.42,0.0668,0
376,44,59,2.92,0.71,0.28,0.64,0.057,0
300,16,111,0.04,0.29,0.05,0.21,0.0389,0
138,38,93,6.18,0.71,0.03,0.27,0.0262,0
803,199,317,2.08,0.68,0.04,0.42,0.1297,0
12,489,3907,2.25,0.46,0.92,0.54,0.0033,1
300,706,1546,2.99,0.85,0.39,0.49,0.0172,1
13,89,4780,41.07,0.49,0.87,0.94,0.0021,1
1250,160,3145,10.18,0.66,0.81,0.52,0.0067,1
654,64,144,0.01,0.42,0.04,0.16,0.0059,0
392,857,2836,13.75,0.9,0.44,0.45,0.0373,0
453,468,1235,4.08,0.87,0.33,0.5,0.0178,1
772,310,159,3.77,0.98,0.11,0.6,0.054,1
211,541,1382,1.88,0.86,0.46,0.72,0.012,1
342,1635,2628,1.09,0.77,0.03,0.54,0.051,0
270,3000,778,9.88,0.9,0.4,0.57,0.0163,0
344,889,986,0.42,0.99,0.08,0.21,0.0427,0
26,15,64,1.76,0.65,0.29,0.21,0.0305,0
412,25,285,0.01,0.38,0.03,0.3,0.0295,0
134,382,868,4.76,0.63,0.02,0.61,0.0531,0
1,5,2526,63.22,0.36,0.89,0.72,0.0025,1
23,60,5107,10.06,0.21,0.65,0.94,0.0023,1
116,684,1210,1.41,0.75,0.06,0.32,0.0793,0
956,1099,2281,3.74,0.68,0.01,0.18,0.0827,0
105,352,606,1.06,0.96,0.01,0.6,0.0169,0
1534,1083,2699,16.75,0.87,0.25,0.54,0.0604,0
30,184,6593,0.53,0.63,0.86,0.44,0.0028,1
545,52,197,0.02,0.47,0.05,0.23,0.0199,0
297,641,939,1.99,0.62,0.38,0.7,0.0076,1
919,345,683,0.5,0.96,0.15,0.16,0.0528,0
349,682,1247,4.9,0.77,0.48,0.74,0.0113,1
1303,494,1500,17.84,0.99,0.41,0.52,0.0648,0
452,1024,2082,0.91,0.96,0.01,0.38,0.1309,0
66,57,282,0.05,0.56,0.05,0.32,0.037,0
318,268,595,0.14,1.0,0.02,0.62,0.1349,0
354,788,1562,3.69,1.0,0.15,0.62,0.2169,0
23,82,2648,44.77,0.47,0.97,0.75,0.0007,0
92,76,5916,1.34,0.52,0.97,0.7,0.0041,1
96,229,7742,1.28,0.48,0.92,0.6,0.0021,1
2034,667,4482,18.53,0.67,0.51,0.62,0.0085,1
393,458,369,0.31,0.85,0.2,0.25,0.0678,0
259,355,436,2.95,0.75,0.53,0.78,0.0082,1
13,17,106,1.41,0.43,0.21,0.28,0.0508,0
91,392,4987,0.31,0.58,0.95,0.58,0.0009,1
22,202,4583,0.85,0.38,0.94,0.69,0.002,1
20,24,50,0.19,0.54,0.28,0.29,0.0336,0
214,187,1722,2.13,0.79,0.34,0.58,0.0091,1
22,19,6,0.59,0.5,0.29,0.3,0.0525,0
511,376,688,0.38,0.91,0.09,0.53,0.0651,0
188,567,536,1.27,0.7,0.19,0.5,0.0337,0
115,204,5656,0.83,0.45,0.87,0.55,0.0037,1
282,163,100,1.03,0.88,0.18,0.37,0.0494,0
773,741,676,8.05,0.95,0.22,0.4,0.0348,0
21,424,4750,0.39,0.34,0.89,0.46,0.0015,1
33,17,3463,27.92,0.49,0.75,0.88,0.0034,1
18,33,2304,71.78,0.43,0.94,0.89,0.0008,0
7,5,3553,16.19,0.38,0.81,0.9,0.0034,1
1235,96,177,1.32,0.59,0.26,0.55,0.0995,0
153,232,456,1.21,0.69,0.02,0.36,0.0599,0
429,779,676,1.68,0.62,0.35,0.65,0.0098,0
584,142,158,2.82,0.71,0.0,0.33,0.0556,0
795,1545,748,4.5,0.98,0.46,0.37,0.0662,0
282,525,942,0.22,1.0,0.12,0.22,0.0882,0
353,34,170,0.0,0.28,0.07,0.11,0.0375,0
502,773,982,1.3,0.69,0.0,0.21,0.0114,0
152,235,468,0.68,0.76,0.2,0.53,0.0626,0
259,108,140,0.38,0.98,0.01,0.26,0.0477,0
395,145,275,0.6,0.84,0.04,0.33,0.0596,0
7,35,2460,41.48,0.19,0.91,0.83,0.0014,1
101,238,4874,2.97,0.36,0.96,0.66,0.0034,1
918,710,4950,9.21,0.65,0.51,0.54,0.0041,1
802,1159,3271,18.4,0.74,0.82,0.54,0.0045,1
29,24,55,0.2,0.57,0.12,0.21,0.0237,0
133,279,619,0.46,0.95,0.2,0.44,0.1197,0
314,792,495,1.8,0.91,0.02,0.2,0.0421,0
85,476,3861,1.63,0.46,0.86,0.54,0.0049,1
431,488,872,5.52,0.73,0.34,0.46,0.0144,0
407,7573,2049,13.46,1.0,0.33,0.54,0.031,0
386,249,3074,15.41,0.89,0.49,0.62,0.0263,0
358,443,213,0.9,0.91,0.02,0.17,0.0911,0
283,499,821,1.82,0.66,0.01,0.42,0.0585,0
13,26,58,0.18,0.62,0.29,0.32,0.0584,0
233,1392,1448,0.31,0.94,0.02,0.36,0.0579,0
154,189,126,1.38,0.46,0.12,0.38,0.0086,0
767,64,216,0.03,0.28,0.08,0.34,0.0089,0
6,13,102,1.85,0.39,0.26,0.49,0.0891,0
1449,276,2629,15.57,0.9,0.18,0.71,0.0402,0
511,56,65,0.04,0.52,0.0,0.25,0.0209,0
318,57,206,0.04,0.31,0.04,0.3,0.0098,0
470,104,197,0.37,0.62,0.13,0.55,0.0474,0
295,269,1293,3.27,0.81,0.29,0.7,0.0123,1
205,489,3109,8.32,0.96,0.48,0.74,0.0731,0
592,995,1811,15.82,0.93,0.48,0.34,0.0484,0
64,739,1480,5.39,0.63,0.37,0.73,0.0168,1
226,104,246,0.1,0.73,0.02,0.55,0.0409,0
545,6,162,0.03,0.46,0.07,0.25,0.0046,0
203,626,300,5.94,0.69,0.41,0.7,0.0032,1
362,73,171,0.02,0.55,0.0,0.24,0.007,0
5,36,2292,10.55,0.22,0.86,0.98,0.0036,1
20,21,42,0.24,0.5,0.14,0.45,0.0784,0
40,728,1195,2.49,0.71,0.29,0.64,0.0154,1
587,1780,1365,16.06,1.0,0.46,0.48,0.0679,0
15,2,51,0.97,0.6,0.3,0.25,0.0406,0
343,522,1023,0.75,0.92,0.03,0.18,0.0274,0
406,341,759,1.16,0.84,0.0,0.27,0.0436,0
1494,954,2595,19.26,0.62,0.54,0.77,0.0097,1
525,3890,1089,10.88,0.91,0.29,0.65,0.016,0
273,314,605,0.4,0.87,0.02,0.57,0.0427,0
176,368,662,2.76,0.96,0.06,0.19,0.0841,0
140,554,479,0.37,0.6,0.16,0.22,0.1267,0
8,96,3254,10.25,0.17,0.65,0.92,0.0003,1
562,134,108,1.09,0.6,0.21,0.62,0.0537,0
643,38,243,0.02,0.28,0.1,0.27,0.007,0
285,147,260,0.58,0.79,0.07,0.21,0.0201,0
79,481,6616,2.19,0.59,0.98,0.49,0.0038,1
298,139,125,1.35,0.94,0.04,0.23,0.0058,0
432,740,1046,4.41,0.78,0.46,0.42,0.0103,1
906,1052,4800,6.88,0.73,0.64,0.67,0.0034,1
134,732,305,1.77,0.9,0.41,0.62,0.0091,1
197,554,1187,1.15,0.86,0.07,0.57,0.0763,0
17,10,115,0.21,0.59,0.2,0.37,0.0318,0
990,7707,760,9.31,0.91,0.25,0.37,0.0448,0
214,470,1527,2.18,0.7,0.42,0.43,0.0048,1
46,479,1125,1.84,0.82,0.3,0.72,0.0174,1
207,177,508,1.93,0.87,0.45,0.66,0.004,1
659,73,145,0.04,0.25,0.09,0.07,0.0343,0
538,530,1026,3.35,0.85,0.46,0.4,0.0099,1
1645,674,3721,23.61,0.69,0.72,0.74,0.0051,1
18,5,2163,19.15,0.44,0.88,0.97,0.0032,1
107,78,2700,1.32,0.55,0.99,0.61,0.0013,1
281,585,618,0.6,0.77,0.01,0.2,0.0174,0
1,30,3677,12.34,0.19,0.66,0.78,0.004,1
190,719,1639,3.05,0.72,0.31,0.64,0.0156,1
332,638,342,5.24,0.84,0.31,0.68,0.0122,1
187,16,146,0.01,0.46,0.09,0.17,0.0374,0
159,1320,1494,0.25,1.0,0.06,0.51,0.0947,0
10,39,2830,15.59,0.46,0.69,0.88,0.0006,1
403,741,1110,4.9,0.85,0.54,0.43,0.0067,1
170,202,190,0.24,0.57,0.34,0.57,0.1728,0
591,79,1223,4.54,0.87,0.19,0.45,0.0546,0
67,45,4124,40.95,0.33,0.78,0.86,0.0017,1
199,105,102,0.82,0.86,0.01,0.39,0.0631,0
56,70,4207,2.16,0.62,0.77,0.47,0.0037,1
5,55,5580,51.79,0.3,0.71,0.96,0.0005,1
480,616,1215,3.78,0.8,0.28,0.61,0.0097,1
167,785,1224,2.72,0.7,0.36,0.51,0.0143,1
577,215,150,4.35,0.72,0.02,0.45,0.0798,0
117,560,851,1.17,0.82,0.02,0.51,0.1436,0
648,3131,2349,8.76,0.95,0.16,0.57,0.0334,0
287,50,31,0.01,0.3,0.06,0.15,0.0125,0
235,497,991,0.15,1.0,0.05,0.53,0.0482,0
570,504,576,0.41,0.85,0.06,0.51,0.0183,0
445,467,965,0.36,0.89,0.04,0.46,0.0474,0
59,11,181,0.04,0.34,0.1,0.1,0.0367,0
27,70,1465,12.71,0.18,0.94,0.78,0.0028,1
140,378,406,4.51,0.83,0.38,0.55,0.0152,1
156,85,180,1.33,0.69,0.09,0.38,0.0818,0
157,77,181,0.04,0.27,0.08,0.22,0.0337,0
561,473,1339,5.44,0.81,0.26,0.4,0.008,1
80,123,2875,1.99,0.58,0.94,0.6,0.0007,1
1766,3178,1098,15.54,0.89,0.41,0.6,0.0458,0
82,412,5367,1.36,0.41,0.97,0.54,0.0031,1
563,527,1183,1.34,0.66,0.0,0.21,0.0624,0
383,303,317,3.23,0.77,0.4,0.18,0.1739,0
338,203,3478,4.36,0.86,0.3,0.41,0.0232,0
279,118,180,1.03,0.65,0.15,0.55,0.0821,0
442,780,1480,3.29,0.66,0.43,0.47,0.011,1
23,28,85,1.64,0.55,0.33,0.49,0.0657,0
93,84,3170,1.44,0.55,0.91,0.55,0.002,1
366,197,1549,3.86,0.85,0.44,0.43,0.0116,1
1151,363,2064,11.87,0.58,0.56,0.63,0.0065,1
1588,554,2498,11.59,0.98,0.27,0.49,0.0539,0
535,344,1239,1.68,0.85,0.29,0.54,0.011,1
714,3061,2904,7.53,0.92,0.19,0.75,0.0257,0
742,287,3144,24.15,0.6,0.67,0.52,0.007,1
386,32,251,0.04,0.32,0.04,0.22,0.0068,0
143,601,304,0.34,0.79,0.18,0.65,0.1966,0
443,51,259,0.01,0.57,0.0,0.27,0.0038,0
128,634,941,4.49,0.66,0.36,0.71,0.0139,1
40,259,4573,2.22,0.42,0.77,0.62,0.0015,1
327,752,1724,5.22,0.61,0.43,0.66,0.0132,1
324,188,1368,1.66,0.87,0.3,0.75,0.0177,1
2108,477,551,0.81,0.84,0.16,0.22,0.1224,0
603,6522,2466,16.38,0.97,0.45,0.56,0.057,0
3,15,2708,29.44,0.44,0.71,0.78,0.0013,1
160,174,158,1.1,0.98,0.13,0.39,0.1232,0
431,176,138,0.24,0.61,0.02,0.56,0.0848,0
272,2093,2115,1.28,0.55,0.06,0.44,0.1317,0
57,22,4647,60.54,0.35,0.91,0.91,0.0027,0
1413,4244,3348,14.25,0.91,0.27,0.52,0.0714,0
653,73,120,0.02,0.43,0.01,0.32,0.0305,0
555,668,1249,4.34,0.79,0.48,0.56,0.0098,1
9,29,15,0.66,0.43,0.11,0.49,0.0832,0
39,30,2712,15.4,0.38,0.69,0.84,0.0018,1
7,28,77,1.61,0.57,0.42,0.49,0.0508,0
204,247,502,1.76,0.8,0.01,0.24,0.0414,0
380,7841,2478,14.61,0.96,0.16,0.72,0.069,0
270,273,3149,16.1,0.85,0.26,0.34,0.0658,0
375,714,1270,2.5,0.96,0.11,0.21,0.005,0
180,459,671,0.24,0.94,0.06,0.56,0.1065,0
429,34,121,0.04,0.39,0.02,0.15,0.0312,0
662,2265,668,12.72,0.97,0.33,0.35,0.0312,0
228,141,889,4.64,0.8,0.3,0.42,0.0117,1
158,558,368,0.61,0.79,0.09,0.52,0.055,0
78,249,4713,0.67,0.64,0.81,0.5,0.0014,1
10,61,4342,104.73,0.35,0.67,0.92,0.0004,1
9,5,65,0.72,0.6,0.42,0.38,0.0296,0
4,44,1367,15.84,0.17,0.88,0.84,0.0001,1
341,392,593,1.6,0.74,0.49,0.46,0.0172,1
1884,8260,2921,10.35,0.87,0.4,0.65,0.0704,0
683,68,73,0.03,0.28,0.09,0.18,0.0276,0
53,62,133,0.02,0.26,0.07,0.16,0.0173,0
848,4137,1388,7.31,0.87,0.47,0.38,0.0176,0
134,1015,1786,0.26,0.74,0.01,0.59,0.0452,0
392,3852,649,9.68,0.99,0.18,0.65,0.0407,0
1112,405,846,0.12,0.71,0.01,0.3,0.035,0
1477,260,4535,23.63,0.7,0.76,0.64,0.0036,1
7,54,4211,10.16,0.16,0.69,0.96,0.0027,1
4,8,2309,26.0,0.25,0.82,0.93,0.0007,1
1438,3075,2332,17.58,0.99,0.23,0.4,0.0388,0
1018,778,2896,6.64,0.89,0.34,0.43,0.0502,0
159,664,1499,4.76,0.77,0.51,0.65,0.0179,1
435,42,66,0.04,0.35,0.06,0.09,0.0174,1
261,236,491,0.95,0.98,0.02,0.61,0.0744,0
494,23,161,0.03,0.56,0.06,0.25,0.0365,0
41,29,5557,18.36,0.47,0.83,0.77,0.0002,1
419,1486,695,1.02,0.84,0.08,0.25,0.0924,0
393,1121,1074,8.16,0.95,0.2,0.6,0.0188,0
83,257,3737,2.19,0.48,0.99,0.59,0.0032,1
108,651,355,2.94,0.85,0.45,0.47,0.0164,1
789,959,943,1.98,0.93,0.14,0.24,0.1464,0
17,185,6356,1.36,0.37,0.94,0.63,0.001,1
988,2689,517,13.01,0.89,0.24,0.37,0.0238,0
3,77,5981,20.22,0.28,0.76,0.75,0.0007,1
412,397,638,1.03,0.9,0.14,0.34,0.0238,0
431,63,82,0.02,0.47,0.03,0.23,0.0312,0
14,16,3708,11.59,0.36,0.97,0.8,0.0035,1
10,30,3278,27.0,0.4,0.81,0.85,0.0002,1
608,6156,1741,4.07,0.93,0.28,0.31,0.0431,0
710,5913,3439,7.13,0.94,0.45,0.47,0.0318,0
42,73,1516,8.55,0.23,0.8,0.9,0.001,1
209,2396,2767,7.58,0.91,0.33,0.74,0.0598,0
556,27,198,0.02,0.47,0.07,0.21,0.0048,0
6,9,3090,12.06,0.39,0.95,0.73,0.0023,1
828,2632,1614,11.22,0.98,0.43,0.67,0.0351,0
14,43,2696,16.64,0.43,0.69,0.9,0.0007,1
350,35,295,0.02,0.4,0.03,0.33,0.0163,0
157,1161,516,0.16,0.45,0.05,0.52,0.0329,0
165,385,367,0.66,0.92,0.01,0.27,0.0425,0
50,119,4839,1.16,0.52,0.91,0.45,0.0034,1
238,176,291,1.57,0.94,0.03,0.27,0.154,0
1037,272,468,1.4,0.83,0.01,0.52,0.0381,0
22,13,77,0.37,0.44,0.31,0.24,0.0867,1
352,94,105,0.49,1.0,0.0,0.16,0.0262,0
18,81,5157,1.44,0.34,0.98,0.55,0.0045,1
144,414,577,0.37,0.85,0.04,0.26,0.0075,0
26,79,5199,22.64,0.33,0.79,0.93,0.0021,1
367,10,288,0.04,0.57,0.06,0.27,0.0042,0
19,78,2801,9.55,0.39,0.92,0.94,0.0026,1
190,360,1403,1.62,0.72,0.4,0.78,0.0119,1
672,577,430,1.67,0.76,0.03,0.18,0.1014,0
33,66,3776,9.16,0.21,0.68,0.77,0.0019,1
84,140,4133,2.9,0.48,0.85,0.41,0.0024,1
2,5,68,0.27,0.67,0.31,0.4,0.0804,0
196,36,105,0.37,0.77,0.25,0.62,0.0626,0
460,423,248,0.79,0.77,0.6,0.41,0.0929,0
361,564,912,3.34,0.65,0.36,0.66,0.0168,1
567,36,75,0.03,0.56,0.05,0.27,0.0075,0
129,561,1268,0.2,0.54,0.01,0.43,0.031,0
394,642,1130,0.39,0.93,0.04,0.34,0.0519,0
460,335,1148,1.83,0.83,0.33,0.47,0.0132,1
927,141,225,0.26,0.96,0.01,0.21,0.0069,0
18,23,39,1.79,0.7,0.28,0.44,0.061,0
281,138,254,2.77,0.95,0.03,0.58,0.0649,0
49,529,1791,2.55,0.83,0.32,0.64,0.0148,1
14,179,5716,2.47,0.4,0.76,0.39,0.0039,1
41,160,4676,1.45,0.48,0.98,0.48,0.0015,1
572,65,261,0.02,0.51,0.09,0.15,0.0189,0
912,187,215,0.88,0.93,0.01,0.46,0.0261,0
252,36,104,0.04,0.49,0.0,0.14,0.0092,0
94,554,604,2.99,0.78,0.5,0.44,0.0151,1
328,1917,1322,6.56,0.97,0.47,0.53,0.0348,0
18,400,5209,0.44,0.65,0.81,0.57,0.0018,1
590,28,153,0.04,0.49,0.01,0.11,0.0347,0
360,589,1408,16.47,0.94,0.16,0.75,0.047,0
410,654,1511,4.77,0.71,0.47,0.46,0.0185,1
9,22,54,1.4,0.57,0.25,0.45,0.0742,0
92,266,389,1.67,0.85,0.17,0.19,0.0731,0
421,2892,1408,0.27,0.8,0.2,0.44,0.0632,0
542,202,305,0.11,0.76,0.11,0.58,0.0313,0
432,447,1799,2.55,0.66,0.25,0.56,0.0183,1
273,568,758,1.3,1.0,0.03,0.56,0.0808,1
1112,6087,12095,1.0,0.75,0.01,0.29,0.1693,0
1880,790,4117,9.27,0.71,0.55,0.65,0.0068,1
186,1447,2251,0.5,1.0,0.02,0.42,0.0083,0
406,71,145,0.0,0.38,0.03,0.35,0.0395,0
4,73,2069,21.44,0.5,0.95,0.78,0.0024,1
389,4913,1721,8.89,0.92,0.25,0.61,0.0699,0
308,1741,2929,12.74,0.9,0.38,0.47,0.0378,0
471,70,65,0.0,0.59,0.07,0.08,0.0333,0
552,503,425,1.29,1.0,0.1,0.47,0.113,0
56,60,279,0.03,0.36,0.02,0.34,0.0053,1
27,83,2209,37.85,0.47,0.91,0.77,0.0019,1
401,280,458,0.93,0.96,0.02,0.21,0.0457,0
475,2361,2341,15.32,1.0,0.22,0.43,0.0546,0
273,648,1205,0.44,0.76,0.25,0.45,0.0946,0
178,1060,1104,0.32,0.75,0.03,0.38,0.0676,1
116,1115,2458,0.9,0.73,0.01,0.15,0.0444,0
174,101,460,2.73,0.74,0.34,0.46,0.008,1
9,86,4374,9.11,0.17,0.66,0.84,0.0011,1
9,12,3258,12.75,0.33,0.7,0.79,0.004,1
490,711,1767,5.25,0.88,0.4,0.69,0.0094,1
304,822,1653,3.18,0.78,0.05,0.37,0.1263,0
157,228,124,1.54,0.78,0.02,0.38,0.1778,0
600,401,487,0.56,0.77,0.08,0.35,0.145,0
30,155,7967,1.67,0.54,0.78,0.67,0.0015,1
123,193,365,0.47,0.99,0.12,0.61,0.2446,1
1285,796,2389,23.16,0.76,0.56,0.55,0.0024,1
10,55,2659,15.64,0.18,0.68,0.81,0.0021,1
2,17,5475,30.63,0.43,0.92,0.85,0.0008,1
375,98,143,0.18,1.0,0.04,0.59,0.12,0
685,553,470,0.79,0.78,0.0,0.26,0.0081,0
20,38,3653,15.75,0.45,0.93,0.85,0.0036,1
220,488,1510,2.4,0.79,0.48,0.48,0.0046,1
475,461,668,4.45,0.93,0.43,0.42,0.0733,0
724,1271,1742,2.07,0.76,0.04,0.55,0.0883,0
10,86,3316,10.16,0.44,0.9,0.81,0.0033,1
1324,401,3699,19.9,0.68,0.79,0.69,0.0081,1
670,3342,1917,17.25,0.88,0.44,0.73,0.0497,0
320,429,311,0.72,0.7,0.02,0.53,0.0705,1
181,719,889,2.96,0.81,0.54,0.54,0.0119,1
14,71,3294,8.93,0.34,0.79,0.74,0.0009,1
481,399,392,1.75,0.66,0.41,0.47,0.0172,1
52,262,6296,2.11,0.33,0.89,0.41,0.0036,1
1237,630,4669,21.14,0.69,0.67,0.75,0.0049,1
92,415,7082,2.93,0.55,0.77,0.56,0.0006,1
589,2718,3172,12.69,0.98,0.22,0.34,0.0558,0
376,95,171,0.61,0.75,0.01,0.63,0.0107,0
399,662,1342,4.04,0.68,0.55,0.43,0.0106,1
109,268,3639,2.64,0.58,0.94,0.65,0.0033,1
375,421,876,0.78,0.96,0.03,0.62,0.0302,0
442,479,746,16.67,0.91,0.35,0.7,0.0796,0
205,472,952,5.55,0.87,0.36,0.52,0.0106,1
340,120,914,3.12,0.8,0.42,0.77,0.0047,1
4,4,3286,35.75,0.4,0.79,0.7,0.003,1
595,45,77,0.0,0.46,0.06,0.14,0.005,0
677,2760,2343,8.08,0.96,0.38,0.5,0.0409,0
199,562,1035,2.33,0.53,0.04,0.33,0.005,0
24,253,4691,1.67,0.44,0.93,0.66,0.0043,1
8,6,47,0.38,0.41,0.41,0.36,0.0389,0
413,639,1181,1.05,0.87,0.04,0.3,0.0773,1
345,57,249,0.01,0.35,0.01,0.23,0.019,0
294,10,197,0.01,0.59,0.04,0.27,0.009,0
553,15922,1616,10.79,0.91,0.33,0.37,0.0221,0
14,34,3415,20.29,0.26,0.68,0.95,0.0024,1
223,60,290,0.02,0.53,0.04,0.31,0.0029,0
17,16,3867,47.93,0.38,0.86,0.91,0.0035,1
3,81,2581,9.08,0.21,0.95,0.73,0.0024,1
295,249,271,0.23,0.96,0.04,0.15,0.1318,1
74,4,2311,9.27,0.27,0.71,0.85,0.0028,1
1,50,1673,9.14,0.31,0.86,0.75,0.0024,1
587,116,248,0.92,0.7,0.03,0.35,0.174,0
629,27,296,0.03,0.55,0.04,0.21,0.0391,0
204,874,1028,12.76,0.86,0.21,0.43,0.0594,0
506,208,579,2.9,0.84,0.39,0.46,0.0105,1
240,386,832,0.86,0.64,0.16,0.58,0.064,0
99,55,5554,2.58,0.42,0.79,0.45,0.0045,1
747,894,1896,0.56,0.7,0.06,0.29,0.0216,0
228,18,39,0.0,0.37,0.06,0.11,0.0076,0
65,61,49,0.0,0.33,0.09,0.17,0.0377,0
121,756,1549,1.07,0.66,0.14,0.36,0.0491,0
8,23,45,1.86,0.51,0.33,0.46,0.0469,0
330,170,175,0.16,1.0,0.02,0.22,0.048,0
7,8,4617,20.15,0.43,0.72,0.81,0.0006,1
540,574,1678,3.9,0.64,0.27,0.45,0.011,1
271,641,329,3.59,0.84,0.35,0.46,0.0178,1
118,7,53,0.01,0.37,0.01,0.21,0.0131,0
288,53,159,0.36,1.0,0.04,0.27,0.0365,0
12,343,3992,2.3,0.34,0.95,0.36,0.0025,1
4,62,4262,11.11,0.33,0.89,0.78,0.0033,1
262,780,3331,9.23,0.99,0.16,0.32,0.0767,0
782,49,285,0.04,0.29,0.02,0.06,0.0037,1
580,480,543,3.73,0.73,0.25,0.63,0.0051,1
719,3334,1381,8.74,0.99,0.17,0.55,0.0207,0
25,19,75,1.16,0.33,0.32,0.44,0.0993,1
1,78,5083,9.96,0.28,0.74,0.8,0.002,1
443,230,310,1.1,0.9,0.04,0.47,0.0631,0
65,265,5512,1.9,0.43,0.81,0.55,0.0045,1
10,19,2917,26.34,0.28,0.71,0.8,0.0034,1
13,25,33,1.7,0.46,0.36,0.26,0.0831,0
55,25,129,0.03,0.31,0.07,0.05,0.0337,0
12,42,4471,9.75,0.17,0.66,0.82,0.0005,1
149,430,1245,2.02,0.87,0.46,0.79,0.0044,1
1019,890,3099,15.98,0.72,0.66,0.76,0.01,1
84,111,5805,0.48,0.46,0.86,0.38,0.0023,1
1800,1866,1529,17.91,0.91,0.21,0.43,0.051,0
43,257,5498,2.55,0.52,0.79,0.46,0.0041,1
4,5,4494,10.3,0.29,0.75,0.89,0.0032,1
345,298,1057,2.01,0.77,0.35,0.55,0.0105,1
48,444,4595,2.83,0.31,0.75,0.5,0.0032,1
660,2934,1215,15.25,0.96,0.23,0.48,0.0602,0
842,724,787,13.44,0.87,0.16,0.66,0.0151,0
568,6,147,0.04,0.34,0.02,0.21,0.0278,0
798,37,64,0.01,0.37,0.03,0.19,0.018,0
754,240,441,0.65,0.77,0.01,0.36,0.2083,0
69,402,1670,3.5,0.84,0.4,0.59,0.0055,1
481,107,153,1.07,0.64,0.03,0.47,0.1261,0
276,693,1440,0.51,0.64,0.06,0.22,0.0353,0
754,38,142,0.01,0.33,0.03,0.14,0.0232,0
3,88,1602,27.63,0.15,0.96,0.82,0.0021,1
20,0,56,1.64,0.42,0.22,0.31,0.0981,0
785,51,118,0.02,0.59,0.01,0.3,0.015,0
260,125,1387,3.72,0.68,0.34,0.71,0.0158,1
39,15,1513,47.32,0.34,0.83,0.89,0.0014,1
483,92,111,0.73,1.0,0.04,0.36,0.1521,0
15,6,2862,10.51,0.25,0.85,0.75,0.0036,1
335,755,1243,5.16,0.9,0.49,0.59,0.0127,0
796,15,236,0.04,0.42,0.01,0.26,0.0377,0
646,233,383,1.05,0.8,0.09,0.34,0.1888,0
207,1014,994,0.96,0.9,0.1,0.61,0.1194,0
525,413,1104,2.43,0.75,0.39,0.8,0.013,1
268,129,634,5.61,0.81,0.45,0.69,0.0142,1
247,533,761,2.58,0.93,0.13,0.54,0.0705,0
3,76,1591,18.2,0.39,0.92,0.89,0.0025,1
4,51,4827,11.61,0.48,0.66,0.96,0.0024,1
24,12,57,1.64,0.61,0.11,0.21,0.0855,0
4,95,2102,32.75,0.38,0.71,0.91,0.0024,1
13,83,3264,27.3,0.23,0.81,0.83,0.0003,1
304,554,838,0.51,0.7,0.06,0.55,0.0922,0
632,39,270,0.04,0.51,0.0,0.14,0.0069,0
187,314,238,0.43,0.85,0.17,0.49,0.0333,0
746,25,206,0.02,0.4,0.07,0.33,0.0047,0
477,782,1322,4.02,0.64,0.31,0.76,0.0049,1
1399,1074,4227,19.74,0.78,0.84,0.55,0.0077,1
12,79,1648,15.68,0.16,0.79,0.79,0.0032,1
90,493,4774,0.57,0.46,0.91,0.54,0.0049,1
1,69,1702,131.37,0.29,0.98,0.74,0.0013,1
765,59,165,0.05,0.33,0.04,0.23,0.0283,0
329,1130,869,0.46,0.63,0.14,0.36,0.0533,0
633,366,2731,5.81,0.94,0.25,0.54,0.036,0
10,371,7234,2.77,0.45,0.99,0.49,0.0048,1
399,598,1464,5.02,0.61,0.49,0.67,0.0071,1
156,1178,564,1.65,0.85,0.04,0.65,0.0969,0
158,619,1538,5.21,0.88,0.45,0.52,0.0147,1
23,285,3685,1.34,0.33,0.93,0.49,0.0047,1
114,428,3350,1.29,0.6,0.93,0.4,0.0032,1
195,95,126,3.7,0.53,0.01,0.34,0.0822,0
86,69,7796,1.14,0.33,0.77,0.62,0.0033,1
541,778,1525,1.62,0.63,0.45,0.52,0.0192,1
929,2851,2362,9.06,0.97,0.17,0.42,0.0542,0
581,693,356,3.0,0.65,0.3,0.75,0.0141,1
51,73,3284,1.98,0.36,0.94,0.55,0.0046,1
73,78,3279,8.49,0.37,0.89,0.95,0.0026,0
173,186,217,1.3,0.97,0.3,0.21,0.0583,0
269,961,2021,2.68,0.73,0.3,0.57,0.07,0
1622,233,4532,24.29,0.72,0.79,0.83,0.0066,1
316,3516,4482,0.51,0.76,0.17,0.2,0.1367,0
280,3195,6146,0.85,0.9,0.01,0.55,0.25,0
1360,479,1877,5.99,0.8,0.53,0.76,0.0034,1
275,493,985,0.26,0.89,0.03,0.28,0.0426,0
308,345,737,0.35,0.78,0.09,0.36,0.0223,0
437,373,2979,12.66,0.93,0.31,0.34,0.0668,0
454,519,3392,13.48,0.96,0.29,0.52,0.0641,0
2134,906,3863,16.59,0.76,0.62,0.78,0.0055,1
440,175,234,1.29,0.81,0.05,0.24,0.0181,0
425,2793,2283,2.54,0.93,0.0,0.51,0.1343,0
345,778,1181,3.67,0.76,0.43,0.79,0.0197,1
578,326,1575,4.04,0.67,0.27,0.55,0.014,1
27,16,52,0.36,0.48,0.33,0.33,0.0355,0
808,75,116,2.91,0.82,0.04,0.64,0.1289,1
254,610,868,2.19,0.77,0.3,0.46,0.0161,1
104,57,220,0.05,0.39,0.08,0.17,0.0193,0
222,200,236,1.06,1.0,0.06,0.37,0.0593,0
518,58,43,0.05,0.34,0.04,0.28,0.0273,0
24,1,12,0.66,0.44,0.21,0.28,0.0499,0
521,3212,3942,1.08,0.57,0.21,0.41,0.0374,0
953,1408,2575,16.52,0.92,0.19,0.45,0.046,1
360,2511,2556,0.36,0.93,0.14,0.57,0.1011,0
254,6,206,0.01,0.58,0.05,0.05,0.0055,0
243,22,87,0.03,0.56,0.06,0.26,0.0255,0
21,56,2744,33.63,0.36,0.66,0.8,0.001,1
112,280,1475,5.71,0.62,0.29,0.66,0.0167,1
1982,1027,3722,17.31,0.8,0.7,0.84,0.0084,1
627,1004,794,3.0,0.79,0.12,0.17,0.0619,0
7,13,36,1.47,0.44,0.37,0.34,0.0744,0
249,627,1315,3.41,0.9,0.01,0.22,0.137,0
19,5,107,0.93,0.52,0.14,0.41,0.0761,1
2308,773,1144,2.38,0.8,0.07,0.51,0.1263,0
312,183,1009,3.2,0.7,0.54,0.71,0.0033,1
359,407,1110,4.31,0.78,0.33,0.58,0.0066,1
363,182,423,0.93,0.69,0.02,0.6,0.0887,0
17,334,5754,1.54,0.32,0.76,0.52,0.003,1
57,427,5110,2.66,0.42,0.96,0.48,0.0016,1
20,29,112,1.63,0.49,0.26,0.42,0.0233,0
230,4529,1481,15.83,0.92,0.22,0.57,0.0488,0
77,300,4450,2.2,0.55,0.76,0.54,0.004,1
252,30,43,0.03,0.44,0.06,0.27,0.0359,0
26,38,4638,33.6,0.43,0.81,0.86,0.0033,1
947,198,112,3.31,1.0,0.09,0.56,0.0935,0
217,27,220,0.03,0.59,0.08,0.16,0.0291,0
371,609,1150,1.55,0.78,0.08,0.21,0.0772,0
1599,1669,1366,2.38,1.0,0.01,0.35,0.0826,0
511,208,195,1.0,0.93,0.14,0.28,0.0217,0
441,595,787,2.61,0.78,0.55,0.61,0.0102,1
358,216,996,2.17,0.81,0.4,0.68,0.016,1
103,281,6970,1.67,0.56,0.82,0.68,0.0014,1
89,187,2859,2.83,0.64,0.83,0.62,0.0011,1
419,76,127,0.01,0.39,0.1,0.28,0.0238,0
137,9,223,0.03,0.28,0.0,0.21,0.0105,0
32,4,5826,13.51,0.24,0.85,0.76,0.0033,1
1650,1586,2813,11.26,0.93,0.37,0.41,0.0163,0
1530,1215,1111,14.87,0.85,0.42,0.72,0.0403,0
155,119,151,0.11,1.0,0.14,0.32,0.1183,0
672,24,110,0.04,0.53,0.1,0.29,0.0341,0
591,108,149,0.86,0.79,0.22,0.32,0.0791,0
23,16,111,1.15,0.43,0.4,0.25,0.0262,0
1674,578,360,1.09,0.74,0.24,0.48,0.0377,0
473,76,281,0.01,0.57,0.03,0.22,0.0065,0
90,290,432,0.83,1.0,0.0,0.28,0.0253,0
611,70,60,0.04,0.45,0.03,0.2,0.0116,0
68,48,2914,13.02,0.22,0.67,0.91,0.0021,1
22,20,103,1.0,0.57,0.41,0.44,0.012,0
20,301,6951,2.74,0.62,0.95,0.42,0.0038,1
386,797,482,1.77,0.81,0.36,0.53,0.0199,1
30,58,4688,17.24,0.4,0.91,0.81,0.0019,1
323,132,274,1.39,0.69,0.14,0.55,0.0589,1
374,298,319,1.28,0.53,0.07,0.48,0.0717,1
327,54,289,0.03,0.54,0.06,0.11,0.0387,0
378,359,1756,4.89,0.71,0.44,0.58,0.0041,1
2112,765,3699,11.38,0.67,0.82,0.56,0.004,1
764,63,139,0.04,0.28,0.06,0.12,0.0363,0
289,438,356,4.23,0.68,0.3,0.43,0.013,1
11,10,52,0.31,0.42,0.2,0.37,0.0398,0
382,750,1189,3.42,0.76,0.36,0.72,0.0138,1
25,25,11,1.83,0.45,0.19,0.43,0.0306,0
118,860,1905,1.47,0.63,0.02,0.43,0.0869,0
464,120,355,3.31,0.65,0.42,0.62,0.0062,1
102,434,7199,1.81,0.35,0.89,0.41,0.004,1
281,830,1276,0.79,0.72,0.06,0.31,0.1412,0
379,1078,2693,10.35,0.93,0.44,0.4,0.071,0
110,644,1073,2.51,0.81,0.52,0.44,0.0177,1
303,5892,3239,13.63,0.86,0.25,0.71,0.0425,0
9,11,48,0.88,0.65,0.21,0.28,0.0372,0
1090,1226,1137,17.76,0.9,0.19,0.6,0.0169,0
96,464,270,0.82,0.87,0.01,0.31,0.1163,0
78,62,3251,0.71,0.47,0.87,0.62,0.0038,1
267,469,849,2.24,0.66,0.04,0.2,0.0901,0
432,620,2629,17.82,0.99,0.35,0.68,0.032,0
542,3954,717,15.84,0.91,0.29,0.55,0.0642,0
593,121,201,1.48,0.76,0.03,0.62,0.0242,0
215,1666,1704,1.26,1.0,0.0,0.64,0.0126,0
154,853,1405,0.86,0.79,0.09,0.52,0.0499,0
182,177,206,0.99,0.9,0.6,0.31,0.036,0
71,492,7167,2.35,0.53,0.77,0.37,0.0022,0
418,418,1628,1.96,0.71,0.35,0.45,0.018,1
11,49,5101,15.08,0.32,0.92,0.73,0.0027,1
264,737,3183,6.84,0.86,0.18,0.68,0.0391,0
218,225,2238,10.01,0.98,0.16,0.52,0.0769,0
1503,252,1808,5.17,0.95,0.22,0.44,0.0239,0
558,32,262,0.03,0.49,0.09,0.14,0.0134,0
21,13,59,1.57,0.42,0.44,0.49,0.07,0
1153,1836,1251,5.38,0.9,0.46,0.56,0.0737,0
29,67,4893,34.85,0.42,0.92,0.78,0.0028,1
81,18,296,0.01,0.59,0.05,0.05,0.0383,0
3,85,5214,97.29,0.16,0.93,0.77,0.0016,1
12,14,5489,9.36,0.16,0.88,0.85,0.0035,1
766,18,211,0.01,0.31,0.05,0.07,0.0034,0
212,158,207,0.27,1.0,0.09,0.35,0.0806,0
13,27,5,0.13,0.67,0.22,0.21,0.0472,0
535,61,277,0.03,0.58,0.09,0.19,0.0141,0
35,41,2116,9.96,0.23,0.96,0.79,0.0002,1
16,475,4700,0.6,0.48,0.81,0.7,0.0017,1
1,14,1868,57.26,0.25,0.78,0.91,0.0031,1
10,18,2976,12.4,0.29,0.93,0.8,0.0023,1
520,1805,3038,15.4,0.87,0.31,0.56,0.0609,0
302,775,689,5.5,0.77,0.34,0.47,0.0089,1
17,21,14,1.17,0.62,0.19,0.36,0.0465,0
943,357,4403,22.54,0.81,0.56,0.81,0.0032,1
16,85,5714,17.27,0.24,0.67,0.72,0.0032,1
459,318,635,0.21,0.84,0.02,0.2,0.0794,0
1513,328,2325,8.16,0.89,0.42,0.7,0.0477,0
705,833,3122,15.42,0.86,0.23,0.55,0.0611,0
605,85,142,1.42,0.61,0.04,0.16,0.0168,0
413,347,585,1.23,0.86,0.03,0.42,0.084,0
507,46,248,0.02,0.3,0.07,0.3,0.0025,0
151,611,874,2.64,0.7,0.01,0.41,0.0849,0
133,103,233,2.81,0.78,0.02,0.55,0.0443,0
219,41,136,1.47,0.86,0.02,0.27,0.0318,0
380,404,1331,3.27,0.69,0.44,0.44,0.0111,1
372,120,1217,4.15,0.68,0.35,0.41,0.0175,1
281,983,1713,1.89,0.73,0.02,0.34,0.0132,0
293,786,1783,4.97,0.71,0.49,0.78,0.0073,1
23,486,5081,2.56,0.59,0.99,0.51,0.0009,1
321,263,208,0.56,0.99,0.02,0.51,0.2232,0
2,69,4289,52.34,0.25,0.95,0.91,0.0007,1
232,13,209,0.01,0.53,0.07,0.31,0.0173,0
1376,1126,2967,19.73,0.63,0.73,0.56,0.0063,1
107,176,401,3.8,0.88,0.47,0.6,0.0131,1
227,77,146,0.23,0.73,0.02,0.61,0.0132,0
6,0,73,0.45,0.55,0.44,0.36,0.0269,0
26,35,2468,9.09,0.5,0.73,0.72,0.0014,1
8,93,5967,17.87,0.46,0.89,0.79,0.0016,1
368,460,1767,2.76,0.81,0.27,0.66,0.0183,1
292,41,199,0.02,0.27,0.0,0.13,0.02,1
263,416,351,0.21,0.57,0.13,0.39,0.0785,0
576,478,1104,1.62,0.76,0.28,0.79,0.0182,1
252,101,153,0.51,0.81,0.01,0.49,0.1084,0
51,415,4704,1.17,0.37,0.99,0.51,0.0024,1
111,240,3427,2.65,0.37,0.77,0.56,0.0027,1
1595,780,1769,18.78,0.57,0.69,0.77,0.0096,1
550,262,575,2.35,0.6,0.16,0.46,0.1857,0
608,4000,2013,6.5,0.92,0.3,0.69,0.0778,0
549,898,1488,14.55,0.92,0.42,0.52,0.0629,0
40,80,1746,19.92,0.38,0.7,0.83,0.0005,1
32,117,3338,1.56,0.42,0.91,0.62,0.0034,1
221,369,318,0.6,1.0,0.15,0.53,0.0059,0
323,275,909,4.27,0.81,0.34,0.74,0.0107,1
215,53,37,1.04,1.0,0.01,0.28,0.0433,0
1605,343,365,0.69,0.92,0.04,0.6,0.1126,0
21,94,3782,33.15,0.36,0.84,0.91,0.0036,1
462,27,262,0.0,0.37,0.07,0.09,0.011,0
232,390,1742,5.54,0.62,0.42,0.74,0.0198,1
241,440,675,1.25,1.0,0.13,0.47,0.1033,0
705,40,295,0.03,0.26,0.01,0.08,0.0078,0
108,151,276,0.33,0.81,0.05,0.32,0.0146,0
133,678,813,2.49,0.68,0.35,0.42,0.0185,1
515,596,2486,17.53,0.9,0.39,0.66,0.0331,0
442,383,962,1.53,0.73,0.46,0.45,0.0099,1
137,851,1121,0.83,0.8,0.07,0.36,0.0951,0
612,35,164,0.03,0.43,0.08,0.22,0.0245,0
200,481,493,8.36,0.96,0.24,0.55,0.0446,0
418,42,244,0.0,0.5,0.02,0.16,0.0165,0
2188,809,841,17.52,0.85,0.44,0.73,0.0795,0
274,225,989,4.13,0.87,0.28,0.68,0.0188,1
77,466,3847,1.65,0.41,0.78,0.47,0.0034,1
108,1342,2916,0.38,1.0,0.07,0.52,0.0338,0
2007,640,4959,11.32,0.56,0.71,0.71,0.0078,0
14,445,5763,2.13,0.44,0.78,0.56,0.0041,1
758,65,132,0.0,0.38,0.01,0.24,0.0149,0
239,323,178,0.17,1.0,0.06,0.63,0.1484,0
581,603,938,0.34,0.86,0.02,0.29,0.1053,0
267,46,215,0.03,0.59,0.03,0.09,0.0029,0
350,1170,2416,1.22,0.71,0.01,0.57,0.1132,0
1555,453,4164,7.12,0.65,0.57,0.51,0.0034,1
351,627,481,0.95,0.78,0.12,0.53,0.1401,0
2,21,3927,15.59,0.38,0.78,0.95,0.0026,1
379,713,1403,3.41,0.74,0.44,0.65,0.0097,1
1806,1133,4956,14.54,0.84,0.62,0.84,0.0025,1
605,22,58,0.0,0.54,0.02,0.06,0.0103,0
54,139,1404,5.93,0.78,0.46,0.62,0.0163,1
778,1308,1820,3.0,0.87,0.01,0.52,0.0324,0
124,46,35,0.03,0.3,0.09,0.13,0.0141,0
1438,762,1609,15.46,0.88,0.27,0.57,0.0413,0
112,642,930,4.96,0.62,0.48,0.42,0.0048,1
403,56,97,0.04,0.4,0.01,0.07,0.0344,0
1435,99,170,3.17,0.9,0.01,0.27,0.0557,0
473,252,183,0.63,0.82,0.09,0.2,0.0183,0
226,135,929,4.71,0.79,0.45,0.72,0.0137,1
619,160,352,0.16,0.94,0.04,0.58,0.1084,0
85,603,1466,5.68,0.8,0.28,0.48,0.0061,1
593,3176,904,16.7,0.87,0.49,0.74,0.0754,0
674,16,105,0.05,0.47,0.02,0.06,0.0295,0
456,220,228,0.67,0.82,0.05,0.44,0.0203,0
570,30,97,0.0,0.59,0.02,0.11,0.0358,0
169,584,302,3.29,0.88,0.29,0.48,0.0098,1
270,1135,1207,8.62,0.95,0.21,0.35,0.0659,0
123,438,425,2.8,0.85,0.34,0.78,0.0185,1
580,777,1388,1.78,0.62,0.51,0.49,0.0129,1
192,19,126,0.04,0.28,0.08,0.24,0.0242,0
18,9,26,1.03,0.49,0.31,0.21,0.0991,0
119,108,92,1.15,0.99,0.1,0.18,0.0431,0
1338,561,552,0.37,0.85,0.02,0.53,0.04,0
114,486,5043,0.39,0.5,0.84,0.47,0.0036,1
4,3,4869,61.8,0.38,0.83,0.78,0.0004,1
410,17,56,0.0,0.47,0.01,0.23,0.0213,0
482,13925,1082,6.95,0.97,0.48,0.4,0.0356,0
785,928,1690,21.62,0.62,0.66,0.57,0.0093,1
340,275,1358,17.68,0.93,0.26,0.42,0.0207,0
345,83,2375,13.58,0.88,0.36,0.34,0.0602,0
29,11,43,1.6,0.58,0.33,0.23,0.0911,0
855,259,1552,7.45,0.59,0.68,0.64,0.008,1
841,167,202,2.97,0.88,0.07,0.38,0.0749,0
167,121,165,1.49,0.7,0.07,0.36,0.0115,1
10,2,15,0.36,0.49,0.17,0.44,0.0616,0
401,130,240,0.35,0.88,0.02,0.55,0.1017,0
423,291,734,4.68,0.7,0.26,0.49,0.007,1
18,246,7236,1.41,0.38,0.89,0.66,0.0026,1
261,455,512,1.02,0.66,0.01,0.23,0.081,0
229,397,770,1.46,0.92,0.16,0.48,0.0358,0
13,147,6445,0.64,0.45,0.92,0.41,0.0025,0
585,64,260,0.01,0.32,0.01,0.27,0.0049,0
111,380,3393,0.45,0.36,0.88,0.47,0.0006,1
519,357,821,4.06,0.89,0.44,0.58,0.0152,1
298,25,149,0.02,0.36,0.07,0.32,0.0389,0
8,21,1773,39.53,0.39,0.95,0.89,0.0018,1
336,636,335,4.76,0.83,0.47,0.71,0.0103,1
55,57,5650,33.28,0.35,0.82,0.79,0.0011,1
985,1250,1788,1.07,0.69,0.03,0.58,0.1333,0
24,0,79,0.49,0.34,0.33,0.33,0.0213,0
382,727,1995,12.18,0.99,0.36,0.53,0.0685,0
358,68,126,0.03,0.46,0.04,0.23,0.0119,0
77,55,113,0.01,0.34,0.06,0.28,0.0196,0
415,738,340,3.77,0.83,0.47,0.63,0.0052,1
256,127,110,1.65,0.87,0.03,0.52,0.106,0
37,264,2353,1.59,0.53,0.79,0.52,0.0026,1
53,445,5666,1.91,0.4,0.85,0.48,0.0013,1
299,126,93,0.46,0.79,0.07,0.59,0.0391,0
312,412,197,3.82,0.81,0.0,0.59,0.1627,0
96,399,5397,2.55,0.32,0.98,0.54,0.0013,1
210,716,1301,4.19,0.63,0.48,0.77,0.0188,1
387,397,794,0.94,1.0,0.02,0.56,0.0385,0
313,1986,2861,11.69,0.94,0.15,0.42,0.0755,0
142,4483,3497,1.18,1.0,0.07,0.57,0.0592,0
2049,182,1596,23.76,0.79,0.51,0.79,0.0067,1
293,9,39,0.0,0.53,0.0,0.12,0.0122,0
1841,333,489,1.33,0.96,0.08,0.5,0.1261,0
305,96,242,1.36,0.82,0.18,0.58,0.0639,0
24,23,44,0.51,0.62,0.18,0.2,0.0557,0
89,35,189,0.0,0.5,0.04,0.32,0.0225,0
405,303,475,1.74,0.78,0.03,0.34,0.0629,0
638,244,377,2.44,0.97,0.02,0.61,0.1593,0
434,531,1758,2.75,0.82,0.34,0.44,0.0152,1
684,8340,2031,11.0,1.0,0.39,0.7,0.017,0
547,175,1646,5.62,0.8,0.53,0.58,0.0189,1
1869,137,65,0.72,0.75,0.1,0.53,0.023,0
127,279,200,6.17,0.75,0.07,0.42,0.0801,0
782,4908,2637,4.89,0.88,0.35,0.34,0.0425,0
323,281,1334,5.84,0.74,0.35,0.52,0.0037,1
18,8,64,0.12,0.44,0.44,0.37,0.094,0
538,325,498,1.02,1.0,0.45,0.2,0.1719,0
23,65,5123,46.36,0.44,0.78,0.8,0.0018,1
18,16,119,0.42,0.43,0.4,0.47,0.0351,1
8,2,3257,16.06,0.28,0.84,0.72,0.0039,1
2008,683,4838,5.99,0.58,0.61,0.68,0.0099,1
299,355,412,14.73,0.97,0.17,0.56,0.0799,0
883,670,1027,13.55,0.98,0.28,0.75,0.0592,0
3,57,4028,9.92,0.37,0.87,0.82,0.0003,1
341,349,386,0.36,0.89,0.17,0.36,0.0163,0
744,167,410,0.5,0.79,0.04,0.38,0.0342,1
1131,366,202,0.11,0.72,0.05,0.62,0.0503,0
48,68,1942,25.83,0.33,0.71,0.79,0.0005,1
134,464,1508,5.96,0.64,0.46,0.79,0.0109,1
25,56,2571,19.0,0.24,0.69,0.9,0.0003,1
346,1706,1329,4.36,0.88,0.32,0.48,0.0559,0
350,2563,3601,0.36,1.0,0.06,0.3,0.0723,0
381,37,103,0.03,0.56,0.06,0.22,0.0236,0
280,311,662,2.03,0.88,0.53,0.75,0.0066,0
68,694,1653,2.75,0.77,0.47,0.43,0.0118,1
16,25,58,0.33,0.54,0.11,0.49,0.0996,0
660,46,184,0.01,0.28,0.03,0.18,0.0157,0
422,15,147,0.02,0.35,0.08,0.17,0.0357,0
15,12,1802,11.39,0.25,0.65,0.86,0.0016,1
849,518,984,1.08,0.76,0.24,0.27,0.082,0
115,151,5881,2.15,0.52,0.94,0.43,0.0024,1
745,30,159,0.03,0.38,0.09,0.15,0.0249,0
9,13,2117,38.25,0.27,0.96,0.72,0.0006,1
17,20,2755,8.38,0.19,0.84,0.73,0.0007,1
73,336,7063,2.53,0.55,0.95,0.7,0.0044,1
708,7216,2062,8.39,0.95,0.32,0.43,0.0764,0
56,213,5614,2.81,0.61,0.93,0.41,0.0019,1
713,50,77,0.02,0.33,0.07,0.32,0.0313,0
313,71,296,0.01,0.37,0.02,0.11,0.0244,0
353,639,850,5.83,0.7,0.34,0.58,0.0153,1
623,38,114,0.04,0.35,0.01,0.35,0.0152,0
246,779,3470,7.27,0.91,0.4,0.32,0.0393,0
371,2040,752,4.1,0.93,0.34,0.55,0.0619,0
11,78,6636,1.28,0.5,1.0,0.39,0.0041,1
74,332,5392,0.83,0.58,0.78,0.45,0.003,1
16,18,5,0.48,0.55,0.2,0.4,0.0586,0
35,28,5585,18.75,0.2,0.82,0.76,0.0037,1
477,110,1136,4.53,0.8,0.28,0.48,0.0137,1
546,276,1762,3.51,0.83,0.37,0.67,0.015,1
447,26,207,0.01,0.39,0.02,0.08,0.0266,0
1258,1035,3206,9.1,0.59,0.75,0.63,0.0045,1
377,35568,2001,15.09,0.9,0.35,0.43,0.0755,0
141,259,260,2.74,1.0,0.0,0.36,0.1201,0
287,413,600,8.97,0.85,0.36,0.6,0.0312,0
1184,108,163,0.15,0.87,0.12,0.57,0.0573,0
1,46,3954,25.93,0.46,0.75,0.93,0.0014,1
765,437,1750,9.52,0.95,0.43,0.43,0.0765,0
79,302,3557,1.2,0.4,0.85,0.67,0.0022,1
559,62,146,0.02,0.34,0.03,0.11,0.0148,0
514,26,112,0.01,0.32,0.04,0.21,0.0089,0
1,97,4279,16.68,0.17,0.71,0.9,0.002,1
760,25,250,0.04,0.58,0.01,0.11,0.0054,0
311,131,1151,1.51,0.63,0.44,0.42,0.0102,1
4,78,5704,9.78,0.23,0.98,0.7,0.0007,1
135,133,141,1.13,0.86,0.19,0.17,0.0509,0
62,485,6802,2.77,0.35,0.85,0.35,0.0041,1
476,184,1325,1.54,0.69,0.36,0.44,0.0126,1
365,53,208,0.01,0.26,0.07,0.34,0.0061,0
197,6,267,0.01,0.53,0.08,0.11,0.0311,0
1537,10697,1691,14.13,0.86,0.41,0.46,0.0312,0
328,23,225,0.04,0.58,0.07,0.21,0.0162,0
535,638,458,3.11,0.68,0.54,0.6,0.0176,1
119,443,5632,1.56,0.51,0.95,0.65,0.0009,1
5,27,3620,14.4,0.33,0.88,0.97,0.0007,1
441,351,644,1.11,0.63,0.29,0.22,0.1296,0
9,30,2737,11.66,0.19,0.7,0.75,0.0009,1
1,51,1628,57.84,0.28,0.87,0.75,0.0033,1
405,127,183,1.67,0.84,0.12,0.27,0.0319,0
433,123,86,3.43,0.91,0.03,0.49,0.0381,0
619,824,939,0.3,0.96,0.16,0.2,0.1208,0
1132,1509,2171,7.32,0.97,0.2,0.45,0.0385,0
136,289,1240,5.79,0.82,0.47,0.5,0.0043,1
956,495,2457,16.42,0.87,0.32,0.31,0.0333,0
1748,713,2853,22.35,0.82,0.67,0.57,0.0022,0
329,253,458,5.89,0.64,0.38,0.58,0.0031,1
686,260,257,0.71,0.63,0.1,0.27,0.0204,0
825,193,143,0.81,0.6,0.08,0.44,0.0485,0
464,449,871,2.02,0.65,0.17,0.4,0.2458,0
314,62,210,0.03,0.43,0.07,0.1,0.0194,0
264,1288,2140,8.39,0.92,0.37,0.3,0.0612,0
736,716,433,1.09,0.78,0.18,0.18,0.0157,0
127,2871,4147,1.56,0.4,0.06,0.27,0.0165,0
127,1411,1430,0.18,0.84,0.04,0.4,0.0622,0
252,78,162,0.11,0.77,0.09,0.25,0.045,0
777,107,224,1.6,0.81,0.02,0.63,0.0712,0
403,1246,1234,0.72,0.74,0.01,0.46,0.0804,0
375,292,365,0.89,0.93,0.08,0.26,0.1274,0
97,632,484,2.11,0.88,0.05,0.52,0.0232,0
1231,708,3119,17.61,0.81,0.53,0.7,0.0029,0
83,402,3687,1.84,0.65,0.79,0.44,0.0045,1
375,22674,1295,8.04,0.98,0.37,0.41,0.0491,0
221,6493,1009,7.11,0.98,0.39,0.52,0.0287,0
320,109,166,1.19,0.84,0.01,0.22,0.0314,0
735,221,910,16.0,0.98,0.43,0.45,0.029,0
38,45,1345,20.64,0.31,0.93,0.71,0.0006,1
44,6,1990,23.07,0.37,0.71,0.78,0.0037,1
123,79,174,0.44,0.99,0.0,0.46,0.0726,0
162,221,370,0.83,0.76,0.02,0.29,0.1462,0
176,224,251,1.17,0.66,0.02,0.26,0.1087,0
249,151,128,1.37,0.72,0.12,0.2,0.0339,0
47,19,5836,64.3,0.24,0.95,0.8,0.0025,1
1238,493,4292,18.75,0.68,0.8,0.64,0.0057,1
995,918,2898,18.02,0.55,0.79,0.59,0.0058,1
30,484,5147,2.98,0.62,0.92,0.64,0.0017,1
455,16,74,0.05,0.33,0.08,0.13,0.0353,0
259,53,164,0.04,0.34,0.08,0.29,0.024,0
196,246,291,6.95,0.66,0.23,0.49,0.038,0
312,37,42,0.04,0.51,0.08,0.16,0.0379,0
1289,648,3751,24.93,0.73,0.77,0.83,0.0022,1
81,190,3715,2.71,0.48,0.87,0.56,0.0028,1
205,1578,2397,0.21,0.57,0.11,0.41,0.0261,0
1455,65,159,1.67,0.88,0.01,0.23,0.0135,0
379,594,463,3.01,0.78,0.48,0.45,0.0151,1
136,57,111,0.03,0.48,0.01,0.28,0.0215,0
773,803,2959,18.21,0.58,0.51,0.53,0.0046,0
123,141,550,5.62,0.83,0.34,0.5,0.0105,1
99,94,112,0.97,0.75,0.06,0.21,0.116,0
217,207,988,5.88,0.74,0.45,0.6,0.0076,1
326,306,610,1.51,0.62,0.44,0.5,0.0088,1
19,72,3063,29.51,0.33,0.84,0.89,0.0021,1
575,561,513,0.98,0.84,0.17,0.43,0.0591,0
26,372,6116,0.6,0.59,0.89,0.57,0.0041,1
634,56,50,0.03,0.3,0.04,0.25,0.0232,0
7,2,108,0.77,0.52,0.13,0.29,0.0308,0
4,23,3509,37.76,0.29,0.67,0.73,0.0012,1
1180,329,4896,16.77,0.78,0.83,0.71,0.0032,1
933,1612,666,0.78,0.97,0.1,0.34,0.0911,0
126,195,308,1.26,1.0,0.03,0.57,0.0236,0
133,669,518,1.61,0.7,0.26,0.46,0.0061,1
1541,813,2523,15.46,0.68,0.74,0.84,0.0022,1
435,233,305,1.69,0.82,0.08,0.19,0.0761,0
192,190,281,4.12,0.9,0.57,0.63,0.1004,0
305,1065,2101,3.27,0.92,0.03,0.53,0.0946,0
191,752,1728,2.38,0.83,0.34,0.54,0.0073,1
1914,2351,1415,4.76,0.98,0.39,0.66,0.0454,0
10,52,3831,8.65,0.5,0.77,0.83,0.003,1
352,752,315,0.84,0.56,0.02,0.5,0.0842,0
12,29,53,0.42,0.43,0.15,0.38,0.0674,0
1908,429,2241,12.61,0.61,0.63,0.58,0.01,1
1030,1039,2454,18.48,0.72,0.6,0.77,0.0082,1
14,14,119,1.33,0.44,0.44,0.24,0.0991,1
382,624,388,0.78,0.95,0.02,0.5,0.0182,0
18,23,3047,28.69,0.32,0.89,0.93,0.0021,1
795,150,100,0.84,0.56,0.03,0.26,0.0665,0
804,1367,1900,0.16,0.89,0.08,0.29,0.1679,0
183,34,56,0.0,0.41,0.08,0.13,0.0135,0
15,413,6455,0.36,0.53,0.84,0.42,0.0045,1
556,805,1553,2.93,0.95,0.01,0.24,0.098,0
336,274,1268,4.41,0.87,0.29,0.58,0.0102,1
179,47,153,0.04,0.47,0.1,0.08,0.0328,0
8,58,3343,30.15,0.38,0.74,0.76,0.0006,1
656,613,1161,12.99,0.97,0.47,0.4,0.0532,0
533,1071,2991,7.66,0.87,0.25,0.75,0.0578,0
527,536,522,5.29,0.75,0.54,0.72,0.0098,1
105,478,6171,1.22,0.37,0.91,0.37,0.0048,1
124,476,1708,4.28,0.65,0.49,0.66,0.0087,1
700,68,212,0.02,0.54,0.0,0.05,0.0038,0
856,11125,2929,7.67,0.89,0.2,0.41,0.0549,0
5,94,2383,19.96,0.17,0.67,0.86,0.0037,1
396,509,431,0.43,0.95,0.04,0.35,0.0585,0
366,6081,1781,14.79,0.97,0.33,0.33,0.0513,0
222,47,64,0.59,0.95,0.04,0.52,0.0406,0
165,102,237,1.97,0.91,0.06,0.42,0.0241,1
713,384,371,0.12,0.85,0.02,0.5,0.0309,0
28,22,16,1.71,0.58,0.33,0.27,0.0545,0
133,319,467,1.02,1.0,0.46,0.46,0.0302,1
390,93,231,1.9,0.68,0.02,0.55,0.1096,0
1074,457,768,1.35,1.0,0.06,0.43,0.0836,0
39,319,2256,2.75,0.54,0.85,0.43,0.0008,1
46,49,5320,56.48,0.18,0.85,0.96,0.0038,1
12,445,3680,2.94,0.48,0.82,0.55,0.0036,1
19,29,4604,10.53,0.37,0.84,0.79,0.0013,1
21,19,12,1.31,0.42,0.39,0.45,0.0939,0
22,7,15,1.64,0.4,0.19,0.48,0.0692,0
405,51,119,5.09,0.85,0.09,0.56,0.0213,0
27,67,5331,12.61,0.48,0.9,0.75,0.0004,1
386,702,963,1.91,0.61,0.45,0.64,0.0143,1
51,90,4871,31.46,0.29,0.79,0.94,0.0005,1
54,290,2893,0.53,0.33,0.79,0.63,0.0033,1
1272,517,2924,8.48,0.63,0.56,0.57,0.0082,1
20,13,70,1.83,0.53,0.23,0.41,0.0264,0
252,490,580,5.09,0.68,0.26,0.72,0.0196,1
57,61,4553,68.05,0.22,0.79,0.97,0.0017,1
224,67,99,0.02,0.47,0.02,0.13,0.0346,0
31,346,7613,1.46,0.62,0.76,0.58,0.0019,1
4,97,4140,48.54,0.34,0.69,0.93,0.001,1
271,709,1313,2.28,0.7,0.03,0.2,0.0464,0
1438,4436,1123,14.06,0.94,0.49,0.73,0.0214,0
572,337,560,2.69,0.68,0.49,0.46,0.0031,1
474,66,249,0.02,0.58,0.03,0.06,0.0256,0
315,153,322,0.1,0.94,0.03,0.58,0.0257,0
638,181,271,1.74,1.0,0.02,0.3,0.0273,0
418,160,226,0.16,1.0,0.02,0.45,0.0528,0
1528,1374,2586,7.69,0.99,0.23,0.36,0.0231,0
424,736,945,5.95,0.68,0.3,0.62,0.0124,1
221,117,208,0.14,0.75,0.02,0.44,0.1315,0
32,37,243,0.0,0.55,0.03,0.2,0.0098,0
20,86,1586,20.6,0.42,0.89,0.85,0.0016,1
510,985,647,0.13,0.77,0.01,0.51,0.014,0
30,17,2461,13.59,0.24,0.78,0.7,0.0008,1
158,289,913,2.09,0.75,0.37,0.53,0.0161,1
90,346,2986,1.95,0.47,1.0,0.49,0.0048,1
2,32,5039,9.86,0.34,0.93,0.89,0.0033,1
39,57,5888,12.68,0.24,0.84,0.72,0.0037,1
91,31,59,1.33,0.96,0.1,0.31,0.0936,0
102,201,281,0.18,0.66,0.04,0.33,0.0306,0
225,418,1254,3.83,0.77,0.3,0.45,0.0196,1
2002,338,3250,23.13,0.65,0.65,0.66,0.007,1
15,29,25,1.06,0.43,0.44,0.42,0.0531,0
364,1138,1758,0.79,0.66,0.05,0.35,0.0535,0
342,300,675,1.23,0.71,0.08,0.56,0.0466,0
183,288,352,0.36,0.94,0.0,0.16,0.0653,0
19,96,2778,13.1,0.4,0.82,0.72,0.0001,0
217,140,103,0.34,0.84,0.3,0.48,0.0275,0
622,51,129,0.01,0.29,0.06,0.26,0.0094,0
157,584,1270,3.86,0.82,0.35,0.7,0.0112,1
11,7,2214,14.81,0.29,0.72,0.94,0.0005,1
8,9,2675,10.67,0.26,0.85,0.88,0.0022,1
179,299,647,1.89,0.78,0.27,0.46,0.0942,0
609,30,277,0.03,0.3,0.05,0.35,0.0235,1
205,353,1087,2.11,0.74,0.46,0.64,0.0175,1
565,232,740,5.64,0.74,0.34,0.6,0.0121,1
1228,223,499,1.57,1.0,0.08,0.32,0.0193,0
622,89,185,1.21,0.54,0.02,0.32,0.0171,0
407,173,154,1.06,0.78,0.2,0.45,0.0382,0
243,273,464,1.56,0.71,0.01,0.3,0.1121,0
4,53,1735,29.62,0.27,0.7,0.73,0.0005,1
973,1045,3006,23.34,0.8,0.61,0.81,0.0023,1
907,957,4797,13.55,0.68,0.73,0.51,0.0075,0
245,2206,3312,14.98,0.96,0.24,0.32,0.0786,0
66,688,320,1.59,0.68,0.48,0.47,0.0049,1
177,31,31,0.01,0.39,0.01,0.15,0.0264,0
1913,980,3390,14.07,0.71,0.74,0.78,0.0073,1
62,101,6247,2.56,0.44,0.86,0.39,0.0047,1
313,273,553,8.33,0.9,0.43,0.44,0.068,0
1020,427,4159,6.11,0.67,0.58,0.7,0.0083,1
99,150,270,3.14,0.56,0.0,0.36,0.1433,0
534,483,1317,5.34,0.79,0.35,0.79,0.0199,1
31,210,7624,1.08,0.62,0.96,0.55,0.0046,1
437,563,1095,5.76,0.85,0.54,0.47,0.0173,1
1101,771,1274,11.15,0.98,0.12,0.51,0.0392,0
725,50,170,0.03,0.52,0.03,0.26,0.0049,0
126,55,177,0.03,0.47,0.05,0.15,0.0275,0
476,115,219,0.4,0.76,0.08,0.52,0.0637,0
406,16,44,0.04,0.39,0.01,0.35,0.0269,0
189,99,252,0.54,0.81,0.06,0.52,0.0651,0
402,721,340,1.13,0.71,0.08,0.52,0.056,0
463,480,1812,7.66,1.0,0.42,0.67,0.0167,0
353,319,939,5.95,0.86,0.44,0.74,0.0131,1
307,7833,3466,9.33,0.96,0.28,0.3,0.0369,0
8,23,1874,12.04,0.21,0.81,0.91,0.001,1
948,1246,578,8.59,0.87,0.47,0.38,0.0406,0
4,62,3673,16.14,0.28,0.77,0.74,0.0037,0
4,19,93,0.38,0.69,0.1,0.4,0.0892,1
1682,232,3100,9.58,0.82,0.63,0.75,0.0088,1
7,7,100,0.9,0.37,0.4,0.43,0.0616,0
448,920,1312,0.54,0.95,0.01,0.31,0.0721,0
215,442,496,0.46,0.98,0.07,0.19,0.0501,0
393,336,522,4.92,0.74,0.28,0.5,0.0146,1
329,220,1864,13.73,0.86,0.33,0.75,0.035,0
190,505,474,5.7,0.66,0.36,0.53,0.007,1
21,0,64,0.91,0.65,0.43,0.31,0.0588,0
629,138,313,0.98,0.86,0.06,0.62,0.0762,0
16,22,1971,18.94,0.41,0.83,0.82,0.0034,1
10,5,69,1.94,0.67,0.26,0.24,0.0755,0
354,182,135,1.21,1.0,0.08,0.31,0.0865,0
1183,627,646,14.69,0.95,0.22,0.63,0.0473,0
12,17,29,0.69,0.47,0.19,0.49,0.0375,0
272,56,127,0.03,0.5,0.09,0.13,0.0308,0
58,29,2133,26.91,0.26,0.87,0.85,0.0039,1
493,366,1030,3.55,0.87,0.41,0.68,0.0086,1
301,219,347,4.71,0.7,0.46,0.62,0.0072,1
140,157,1347,2.42,0.61,0.31,0.42,0.0115,0
398,14,122,0.02,0.42,0.06,0.06,0.0109,0
7,62,5165,9.51,0.48,0.94,0.72,0.0007,1
11,8,62,1.89,0.52,0.28,0.29,0.0103,0
243,1654,1448,11.35,0.86,0.45,0.51,0.0266,0
469,2898,1888,15.73,0.86,0.19,0.41,0.044,0
247,376,2048,6.9,1.0,0.27,0.43,0.0205,0
440,296,413,0.62,0.66,0.08,0.27,0.1392,0
913,1119,3303,16.77,0.79,0.56,0.73,0.0079,1
176,56,41,0.04,0.33,0.02,0.31,0.0254,0
220,165,347,2.71,0.91,0.1,0.42,0.0281,0
12,2,70,0.82,0.42,0.34,0.41,0.0802,0
272,1105,2898,17.14,0.92,0.18,0.72,0.0202,0
9,29,5330,14.02,0.45,0.87,0.78,0.0038,1
500,103,174,1.33,0.95,0.12,0.29,0.0239,0
190,836,484,1.56,1.0,0.04,0.21,0.005,0
113,183,136,2.97,0.69,0.01,0.56,0.0073,0
1664,710,3156,8.68,0.7,0.71,0.67,0.0051,1
790,300,196,0.55,0.75,0.01,0.42,0.1295,0
782,66,67,0.03,0.57,0.09,0.24,0.0118,0
18,25,88,1.08,0.56,0.41,0.26,0.038,0
842,288,299,0.22,0.65,0.12,0.58,0.0568,0
247,71,299,0.03,0.25,0.05,0.14,0.0042,0
240,198,135,0.53,0.69,0.18,0.53,0.1125,0
453,233,401,3.99,0.63,0.34,0.69,0.0081,1
1931,304,1686,5.56,0.86,0.42,0.59,0.0255,0
18,94,1533,22.88,0.42,0.94,0.91,0.0023,1
838,314,435,5.64,0.83,0.0,0.35,0.073,0
6,25,1932,13.3,0.46,0.7,0.77,0.0007,1
25,15,95,0.57,0.56,0.31,0.48,0.0501,0
10,3,99,1.62,0.44,0.18,0.29,0.0496,0
1471,1021,4236,12.98,0.65,0.65,0.54,0.0036,1
2083,533,2501,7.52,0.56,0.54,0.71,0.0064,1
366,155,109,2.22,0.78,0.03,0.31,0.0887,0
101,488,4458,1.17,0.48,0.97,0.48,0.0009,1
275,509,353,0.33,0.76,0.1,0.39,0.0232,0
396,640,1126,2.31,0.68,0.48,0.57,0.0043,1
15,86,5959,15.24,0.28,0.97,0.88,0.0032,1
778,175,141,0.17,0.77,0.06,0.2,0.1954,0
473,364,533,0.25,0.78,0.08,0.51,0.0597,0
2173,590,2712,15.59,0.74,0.56,0.52,0.0089,1
903,5142,3044,12.6,0.92,0.46,0.53,0.0763,0
1189,1154,1779,12.52,0.78,0.7,0.64,0.0071,1
124,230,442,1.92,0.6,0.0,0.5,0.0596,0
128,394,810,2.47,0.72,0.04,0.18,0.0891,0
440,389,1743,1.71,0.65,0.37,0.54,0.0089,1
435,15,194,0.01,0.27,0.09,0.15,0.0153,0
103,269,6952,2.26,0.49,0.98,0.61,0.0035,1
53,40,1268,29.57,0.27,0.81,0.93,0.0026,1
10,29,103,1.17,0.46,0.31,0.27,0.0441,0
2014,1007,1631,19.56,0.63,0.51,0.65,0.0054,1
13,25,47,1.13,0.67,0.31,0.45,0.0857,0
515,45,2324,8.62,0.85,0.43,0.73,0.0338,0
34,444,2318,0.56,0.6,0.96,0.47,0.0021,1
654,756,2325,5.09,0.98,0.25,0.32,0.0712,0
8,83,2278,16.62,0.16,0.85,0.82,0.0007,1
983,262,3920,21.21,0.76,0.83,0.69,0.0049,1
314,137,303,0.25,0.84,0.01,0.56,0.135,0
472,417,939,2.05,0.77,0.53,0.65,0.012,1
1017,559,4713,5.05,0.85,0.57,0.73,0.0094,1
2093,813,4127,9.15,0.75,0.83,0.81,0.0055,1
144,1422,1453,3.46,1.0,0.05,0.2,0.0946,0
248,24,30,0.0,0.49,0.05,0.16,0.0277,0
799,16,250,0.04,0.32,0.0,0.32,0.0212,0
243,257,1653,5.69,0.63,0.43,0.54,0.0042,1
380,669,601,5.08,0.7,0.29,0.59,0.0097,1
4,28,4676,31.66,0.33,0.77,0.83,0.0036,1
213,746,1653,1.86,0.7,0.47,0.6,0.0191,1
94,314,445,0.27,0.92,0.02,0.22,0.0549,0
567,875,1776,2.33,0.91,0.03,0.32,0.0968,0
292,593,1557,2.04,0.71,0.35,0.46,0.0143,1
81,452,981,4.51,0.82,0.45,0.59,0.0053,1
11,10,43,1.94,0.54,0.12,0.37,0.0349,0
32,76,51,0.02,0.45,0.03,0.19,0.0363,0
22,82,4654,22.82,0.33,0.87,0.77,0.0014,1
94,670,967,4.26,0.73,0.32,0.5,0.0188,1
264,315,530,4.21,0.83,0.35,0.61,0.0055,0
390,550,1592,4.75,0.67,0.5,0.62,0.0198,1
54,60,4641,13.46,0.37,0.84,0.94,0.0032,1
1184,542,3100,14.06,0.93,0.25,0.69,0.0655,0
283,892,503,0.12,0.65,0.21,0.6,0.0804,0
7,12,4609,18.84,0.39,0.68,0.94,0.0024,1
799,7,286,0.04,0.43,0.04,0.32,0.0055,0
7,88,4751,10.44,0.33,0.94,0.87,0.0035,1
276,41,297,0.02,0.32,0.04,0.18,0.0327,0
3,35,5144,12.81,0.25,0.68,0.88,0.0024,1
629,63,142,0.01,0.28,0.0,0.21,0.0148,0
327,40,96,0.04,0.47,0.03,0.28,0.0072,0
150,449,1656,1.99,0.88,0.42,0.66,0.0036,1
1637,2098,2885,7.36,0.91,0.35,0.62,0.0287,0
51,97,2152,53.93,0.2,0.97,0.71,0.0021,1
93,169,3127,2.16,0.47,0.9,0.65,0.0019,1
308,2371,1915,10.14,0.93,0.4,0.56,0.0447,0
26,20,79,1.5,0.37,0.27,0.5,0.0679,0
657,115,264,2.64,0.66,0.04,0.51,0.0921,0
1,49,3457,19.98,0.2,0.71,0.83,0.0014,1
159,268,461,0.31,0.86,0.02,0.63,0.0698,1
289,572,761,0.64,0.72,0.07,0.52,0.0146,0
334,501,567,1.87,0.68,0.19,0.39,0.1244,0
330,621,445,0.38,0.79,0.0,0.38,0.0309,0
103,104,371,5.19,0.67,0.32,0.55,0.0042,1
192,432,912,2.19,0.74,0.01,0.42,0.056,0
136,54,81,0.02,0.43,0.06,0.31,0.0136,0
6,99,3895,34.52,0.47,0.83,0.83,0.0035,1
10,95,4794,8.32,0.3,0.81,0.93,0.0017,1
123,1782,1097,0.9,0.84,0.04,0.38,0.1357,0
5,35,3832,19.01,0.16,0.81,0.94,0.0039,1
264,462,402,0.89,0.9,0.04,0.52,0.225,0
8,7,116,0.11,0.62,0.41,0.25,0.0925,0
107,32,74,0.01,0.33,0.01,0.18,0.0119,0
110,432,7288,2.57,0.43,0.9,0.43,0.0007,1
399,377,202,0.37,0.86,0.06,0.18,0.0419,0
376,36,112,0.96,0.73,0.19,0.44,0.0784,0
1243,1018,911,0.47,0.68,0.01,0.55,0.0501,0
471,171,216,3.03,0.75,0.15,0.22,0.0834,0
6,6,42,0.43,0.31,0.32,0.28,0.0518,0
507,14788,1293,16.29,0.95,0.37,0.63,0.063,0
17,19,38,1.8,0.63,0.12,0.45,0.0909,0
332,6110,839,11.12,0.94,0.24,0.57,0.041,0
313,1905,1873,4.29,0.99,0.24,0.5,0.0768,0
246,5980,2790,7.11,0.93,0.17,0.46,0.049,0
136,577,1321,3.43,0.86,0.44,0.78,0.0078,1
63,131,3831,2.61,0.49,0.9,0.51,0.0012,1
12,411,2678,2.73,0.55,0.76,0.63,0.0027,1
1763,441,2824,8.09,0.92,0.24,0.45,0.074,0
9,98,3212,8.74,0.16,0.67,0.89,0.0017,1
245,605,383,0.88,0.67,0.03,0.2,0.0693,0
140,673,592,0.46,0.66,0.04,0.59,0.234,0
185,766,1081,5.7,0.9,0.48,0.43,0.0178,1
316,258,444,1.92,0.61,0.05,0.41,0.0644,0
12,14,1996,29.74,0.45,0.77,0.74,0.002,1
200,373,559,1.37,0.94,0.03,0.41,0.1984,0
31,445,6016,2.59,0.5,0.92,0.58,0.0021,1
519,651,1196,3.09,0.78,0.44,0.68,0.017,1
40,87,5706,8.44,0.35,0.76,0.98,0.0005,1
392,46,66,2.11,0.83,0.08,0.51,0.005,0
67,63,5277,1.78,0.65,0.96,0.45,0.0048,1
750,50,80,0.05,0.5,0.0,0.15,0.0187,0
343,359,312,1.9,0.66,0.1,0.17,0.0707,0
502,537,1705,3.06,0.81,0.41,0.62,0.0176,1
4,70,5548,17.76,0.43,0.84,0.95,0.0021,1
501,53,190,0.04,0.33,0.09,0.12,0.0365,0
263,764,1234,3.02,0.85,0.46,0.64,0.0146,1
1210,556,679,16.27,0.89,0.32,0.33,0.077,0
1470,785,1230,0.26,0.92,0.04,0.49,0.0401,0
241,48,117,0.75,0.69,0.05,0.61,0.1248,0
16,11,24,1.25,0.33,0.36,0.34,0.0751,0
195,510,435,0.19,0.75,0.02,0.44,0.0282,0
2,99,5539,26.19,0.29,0.75,0.83,0.0004,1
403,28,216,0.0,0.59,0.07,0.13,0.0241,0
78,475,3425,1.35,0.42,0.78,0.36,0.0018,1
49,460,7049,1.61,0.32,0.8,0.64,0.0027,1
374,389,214,0.42,0.75,0.02,0.65,0.0498,0
339,54,33,0.03,0.49,0.09,0.2,0.0142,0
236,91,171,0.97,0.94,0.21,0.57,0.0242,0
290,22,265,0.05,0.36,0.09,0.25,0.0384,0
59,35,160,0.02,0.5,0.08,0.28,0.0277,0
66,82,3255,16.69,0.41,0.82,0.98,0.0028,1
754,33,193,0.05,0.42,0.01,0.25,0.0047,0
829,1117,3475,7.42,0.75,0.67,0.76,0.0043,1
1189,429,3628,16.07,0.59,0.74,0.56,0.0024,1
718,55,146,0.88,0.79,0.11,0.62,0.0944,0
529,33,98,0.05,0.5,0.05,0.22,0.0256,1
426,1000,1601,5.55,0.99,0.39,0.32,0.0242,0
13,80,3354,18.54,0.33,0.97,0.73,0.0039,1
1178,224,205,0.13,0.82,0.11,0.55,0.0754,0
1380,765,4070,19.94,0.64,0.67,0.53,0.0034,1
1439,242,2604,8.19,0.87,0.27,0.4,0.0335,0
724,453,630,0.81,0.93,0.14,0.23,0.0427,0
584,1170,1475,14.63,0.95,0.45,0.4,0.052,0
65,6,1781,27.01,0.32,0.8,0.85,0.0012,1
25,222,6176,2.11,0.43,0.97,0.62,0.0012,1
15,23,2242,24.99,0.31,0.83,0.96,0.0022,1
796,16,97,0.04,0.43,0.07,0.34,0.0125,0
460,556,2185,13.19,0.95,0.28,0.51,0.0706,0
463,8195,1289,13.05,0.91,0.21,0.73,0.0452,0
34,38,3799,9.91,0.3,0.86,0.9,0.0026,1
293,67,244,0.05,0.29,0.07,0.18,0.0163,0
436,333,1033,11.06,0.99,0.25,0.33,0.0746,0
2062,1724,3049,5.48,0.9,0.39,0.55,0.0589,0
489,58,269,0.02,0.47,0.07,0.09,0.0118,0
76,117,3591,2.76,0.33,0.88,0.6,0.0014,1
684,21,291,0.0,0.31,0.02,0.14,0.0161,0
331,81,89,1.39,0.96,0.0,0.3,0.0455,0
461,355,1443,3.85,0.71,0.51,0.45,0.011,1
552,3861,1530,12.46,0.93,0.22,0.32,0.045,0
175,224,124,1.29,0.9,0.03,0.38,0.0192,0
498,211,237,2.16,0.46,0.27,0.33,0.0225,1
325,710,1220,1.63,0.64,0.28,0.44,0.0074,1
22,0,90,1.72,0.62,0.42,0.36,0.0809,0
951,86,67,0.61,0.63,0.24,0.64,0.0249,0
20,53,3040,30.91,0.48,0.87,0.94,0.002,0
281,785,1327,2.44,0.89,0.52,0.51,0.0142,1
193,471,894,0.91,0.59,0.02,0.32,0.0159,0
228,649,528,3.07,0.82,0.41,0.44,0.0159,1
364,176,335,3.16,0.91,0.08,0.34,0.0709,0
1231,3168,2193,2.56,0.98,0.05,0.4,0.0632,0
756,55,66,2.13,0.79,0.02,0.33,0.0548,0
345,126,287,0.1,0.89,0.03,0.26,0.0566,0
103,160,6150,2.0,0.47,0.91,0.56,0.0024,1
106,147,4883,1.74,0.47,0.76,0.57,0.0047,1
31,91,5032,2.22,0.41,0.97,0.68,0.0047,0
7,16,4414,13.16,0.23,0.81,0.79,0.0037,1
242,13401,420,15.54,0.86,0.34,0.43,0.0275,0
86,638,1707,5.56,0.87,0.43,0.58,0.0155,1
144,276,937,4.64,0.76,0.28,0.54,0.0058,1
112,806,538,1.19,0.69,0.07,0.17,0.2234,0
133,239,447,3.61,0.91,0.17,0.27,0.067,0
747,71,118,0.01,0.59,0.09,0.2,0.0385,0
440,8029,1130,5.95,0.88,0.42,0.37,0.0353,0
598,151,97,1.18,0.68,0.13,0.39,0.1181,0
681,4222,2719,10.91,0.99,0.34,0.58,0.0324,0
442,250,1685,16.93,0.86,0.25,0.63,0.0725,0
246,1134,1077,0.45,1.0,0.02,0.51,0.0311,0
17,6,74,1.69,0.54,0.16,0.21,0.0362,0
335,304,790,2.82,0.62,0.29,0.52,0.0196,1
453,517,921,1.7,0.76,0.27,0.72,0.0148,1
485,311,1781,5.69,0.64,0.51,0.69,0.0138,1
309,1035,2074,10.26,0.95,0.49,0.46,0.0551,0
149,69,103,0.01,0.49,0.06,0.07,0.0273,0
178,106,1182,4.27,0.68,0.39,0.7,0.0114,1
229,361,443,3.21,0.7,0.27,0.58,0.0087,1
29,58,3324,10.82,0.18,0.83,0.73,0.0029,1
559,518,1068,4.6,0.79,0.25,0.36,0.0771,0
511,354,1601,3.7,0.83,0.51,0.54,0.0106,1
118,6,120,0.04,0.39,0.08,0.05,0.0221,0
737,4092,3310,12.17,0.94,0.45,0.7,0.0629,0
774,925,3120,18.02,0.7,0.74,0.67,0.0062,1
216,73,222,0.0,0.54,0.01,0.16,0.0289,0
13,36,3327,20.42,0.35,0.79,0.8,0.002,1
20,13,18,0.27,0.39,0.2,0.3,0.0671,0
7,2,29,0.83,0.45,0.33,0.32,0.0655,0
659,273,429,2.05,0.84,0.0,0.56,0.1421,0
24,20,83,1.46,0.58,0.31,0.38,0.0643,0
1,37,3859,14.77,0.36,0.66,0.94,0.0025,1
189,207,106,0.63,0.73,0.07,0.23,0.0349,0
313,117,280,0.35,0.93,0.2,0.19,0.0217,1
59,436,5147,0.54,0.43,0.95,0.52,0.0036,0
371,1761,1413,7.7,0.92,0.44,0.54,0.0309,0
84,16,1378,32.78,0.15,0.91,0.75,0.0024,1
303,500,922,3.61,0.84,0.13,0.24,0.1393,0
342,468,889,0.12,0.73,0.2,0.16,0.1057,0
92,361,4110,2.3,0.53,0.98,0.56,0.0034,1
327,27,44,0.04,0.49,0.09,0.26,0.0382,1
3,91,1560,30.83,0.46,0.81,0.9,0.003,1
107,225,1716,1.66,0.86,0.34,0.55,0.0107,1
494,375,338,0.93,0.87,0.03,0.3,0.1411,0
1837,392,2668,22.91,0.66,0.6,0.83,0.0036,1
1341,713,4832,11.29,0.7,0.83,0.51,0.0084,1
111,2054,2885,0.12,0.85,0.1,0.33,0.0893,0
26,13,114,0.82,0.61,0.15,0.29,0.0648,0
1518,846,2980,8.53,0.82,0.63,0.66,0.0076,1
121,49,67,0.03,0.33,0.03,0.3,0.0373,0
587,198,1549,5.67,0.67,0.36,0.69,0.0081,1
553,188,321,1.06,0.5,0.0,0.3,0.0289,0
120,720,474,4.92,0.67,0.55,0.57,0.0094,1
1885,2026,2976,16.46,0.94,0.23,0.44,0.0486,0
521,140,94,1.55,0.85,0.05,0.28,0.1446,0
92,238,7736,0.97,0.47,0.8,0.66,0.004,1
213,1154,803,0.23,0.69,0.05,0.62,0.034,0
80,299,1267,4.66,0.68,0.3,0.51,0.0194,1
248,433,675,2.81,0.71,0.01,0.23,0.1582,0
267,131,730,1.65,0.86,0.39,0.55,0.0089,1
626,72,421,7.6,0.98,0.38,0.5,0.0269,1
320,198,407,0.87,0.95,0.02,0.45,0.0926,0
115,256,5780,0.72,0.42,0.87,0.45,0.0033,1
2,21,5587,29.32,0.36,0.89,0.98,0.0009,1
619,39,180,0.01,0.52,0.06,0.17,0.008,0
13,20,2753,28.42,0.29,0.94,0.95,0.0036,1
951,301,423,2.95,0.78,0.03,0.16,0.0475,0
10,5,90,1.03,0.41,0.3,0.23,0.0707,0
104,1636,2144,1.1,0.99,0.15,0.29,0.0385,0
9,91,2017,47.52,0.2,0.92,0.82,0.0008,1
185,831,1760,0.18,0.88,0.18,0.44,0.0297,0
441,529,1109,1.37,0.89,0.05,0.34,0.0213,0
23,26,5560,11.57,0.38,0.69,0.73,0.0002,1
32,72,2073,18.01,0.15,0.74,0.73,0.0027,1
144,1565,1084,0.44,0.81,0.28,0.32,0.0623,1
19,12,58,1.35,0.6,0.18,0.3,0.0471,0
354,379,1409,4.57,0.83,0.54,0.61,0.0058,1
1695,366,3275,11.55,0.75,0.63,0.52,0.0047,1
441,735,725,4.56,0.6,0.25,0.71,0.0043,1
1378,433,1683,12.48,0.69,0.61,0.54,0.0044,1
105,174,185,0.43,0.78,0.02,0.38,0.0712,0
735,24,297,0.01,0.47,0.08,0.09,0.0266,0
420,165,878,2.96,0.68,0.26,0.56,0.0051,1
59,41,32,0.01,0.27,0.09,0.13,0.0263,0
257,431,470,4.81,0.92,0.34,0.66,0.0229,0
618,84,121,2.66,0.99,0.05,0.62,0.1002,0
639,700,829,0.39,0.87,0.04,0.52,0.0252,0
283,152,147,1.68,0.5,0.11,0.44,0.0221,0
478,556,1173,3.43,0.73,0.02,0.2,0.0426,0
1259,346,3241,11.39,0.82,0.76,0.84,0.0091,1
334,536,370,5.75,0.89,0.39,0.43,0.0161,1
124,10,249,0.0,0.33,0.07,0.33,0.0142,0
338,774,1006,8.12,0.8,0.08,0.28,0.0737,0
193,706,318,0.42,0.57,0.03,0.61,0.051,0
332,1655,770,15.58,0.96,0.18,0.47,0.0313,0
243,655,1715,5.15,0.79,0.54,0.5,0.0123,1
331,520,830,0.77,0.9,0.16,0.57,0.0568,0
3,28,2772,20.16,0.23,0.95,0.96,0.0034,1
884,68,152,0.58,0.99,0.11,0.46,0.0769,0
446,578,1940,15.81,0.86,0.44,0.54,0.0579,0
62,73,284,0.01,0.49,0.09,0.27,0.0341,0
282,466,272,0.7,0.74,0.06,0.46,0.0532,0
266,380,632,0.4,0.77,0.09,0.46,0.0191,0
2028,753,3299,6.84,0.58,0.78,0.58,0.0025,1
658,4443,2520,15.54,0.94,0.44,0.66,0.0756,0
1266,1966,4300,3.9,0.68,0.07,0.27,0.0707,0
48,87,5968,9.65,0.44,0.69,0.79,0.0016,1
290,405,627,2.79,0.73,0.01,0.3,0.022,1
354,2071,3488,8.33,0.94,0.38,0.59,0.0162,0
1204,1161,4955,22.56,0.66,0.8,0.68,0.0037,1
121,749,1438,0.25,0.69,0.06,0.31,0.0469,0
67,412,2728,2.98,0.57,0.84,0.56,0.002,1
31,66,3464,12.19,0.35,0.81,0.92,0.0016,1
129,2480,1588,1.35,0.88,0.02,0.34,0.009,0
686,1874,2649,5.01,0.99,0.3,0.47,0.074,0
443,4054,1384,4.36,0.99,0.26,0.51,0.0209,0
6,24,13,1.19,0.58,0.41,0.47,0.0938,0
77,37,181,0.02,0.39,0.04,0.1,0.039,0
1892,1104,3396,13.04,0.76,0.51,0.58,0.0091,1
1663,1136,1536,15.33,0.9,0.5,0.65,0.0675,0
232,1589,2871,0.67,0.5,0.11,0.61,0.0156,0
40,386,1503,5.08,0.77,0.4,0.68,0.0095,1
157,61,217,0.0,0.26,0.03,0.11,0.0225,0
251,5,135,0.03,0.47,0.09,0.14,0.0137,0
17,31,2321,9.83,0.35,0.96,0.74,0.0028,1
416,59,286,0.02,0.28,0.06,0.18,0.0053,0
621,709,344,1.16,0.73,0.04,0.42,0.0801,0
554,3982,518,6.82,0.89,0.36,0.66,0.0189,0
365,55,119,3.49,0.78,0.52,0.37,0.0214,1
740,1102,3225,15.41,0.59,0.77,0.62,0.0023,1
1659,530,4712,16.8,0.82,0.62,0.83,0.0028,1
580,36,266,0.0,0.38,0.03,0.3,0.0216,0
20,6,100,1.77,0.68,0.29,0.29,0.0315,0
719,2963,1705,0.39,0.75,0.03,0.34,0.0469,0
1119,460,993,0.58,0.93,0.1,0.62,0.044,0
137,337,749,0.33,0.82,0.03,0.23,0.0478,0
1745,518,3262,7.16,0.71,0.54,0.79,0.004,1
449,212,376,0.37,0.73,0.01,0.15,0.0175,0
212,528,335,5.81,0.79,0.29,0.42,0.0077,1
671,535,1405,14.58,0.93,0.28,0.52,0.0172,0
184,203,176,0.57,0.88,0.35,0.26,0.0554,0
467,686,1219,2.54,0.71,0.3,0.73,0.0159,1
144,72,159,0.04,0.53,0.01,0.17,0.0283,0
281,5813,2892,10.55,0.99,0.48,0.55,0.0446,0
861,924,1556,20.16,0.72,0.64,0.62,0.0032,1
1335,1551,1244,14.96,0.87,0.27,0.4,0.0178,0
218,924,633,2.14,0.39,0.11,0.18,0.0621,0
19,20,76,0.6,0.56,0.43,0.38,0.0124,0
55,48,5049,11.16,0.2,0.71,0.9,0.0024,1
25,8,98,0.49,0.65,0.36,0.3,0.0789,0
210,3503,2790,2.47,0.88,0.01,0.38,0.0615,0
35,37,1205,13.36,0.42,0.71,0.73,0.0021,1
2157,749,3973,7.38,0.84,0.59,0.6,0.0072,1
2161,557,3446,24.73,0.84,0.6,0.81,0.0021,1
13,29,43,1.88,0.48,0.2,0.24,0.0705,0
436,52,109,0.03,0.43,0.0,0.17,0.0318,0
6,3,7,1.31,0.43,0.22,0.27,0.0477,0
199,11,145,0.01,0.58,0.05,0.22,0.009,0
463,412,822,1.51,0.85,0.27,0.5,0.0194,1
97,300,4006,2.67,0.33,0.89,0.45,0.0035,1
278,140,485,4.06,0.71,0.32,0.74,0.0039,1
310,518,2628,4.25,0.9,0.28,0.33,0.0679,0
340,448,1002,1.34,0.85,0.01,0.39,0.1052,0
15,6,5923,19.77,0.4,0.9,0.89,0.0026,1
27,15,51,1.66,0.41,0.17,0.33,0.0907,0
15,15,4369,16.61,0.32,0.98,0.72,0.0028,1
27,9,84,1.97,0.3,0.25,0.28,0.0865,0
64,59,131,0.05,0.54,0.01,0.35,0.0252,0
1475,1064,1682,13.9,0.83,0.5,0.84,0.0085,1
352,14,117,0.05,0.6,0.03,0.2,0.0232,0
109,234,387,1.74,0.79,0.04,0.19,0.0266,0
19,12,110,1.01,0.51,0.29,0.46,0.0856,0
209,276,355,0.39,0.76,0.09,0.46,0.088,0
255,568,1974,15.51,1.0,0.28,0.53,0.0438,0
728,992,3464,4.49,0.87,0.48,0.61,0.0416,0
131,24,251,0.04,0.28,0.08,0.11,0.0114,0
914,122,170,0.64,0.8,0.21,0.28,0.0474,0
725,272,141,1.06,0.53,0.09,0.23,0.0954,0
436,189,169,2.04,0.88,0.15,0.32,0.0614,0
583,556,452,5.5,0.67,0.45,0.72,0.0122,1
266,213,903,3.25,0.64,0.25,0.5,0.0045,1
571,105,884,5.39,0.79,0.39,0.41,0.0187,1
866,127,212,0.34,0.75,0.08,0.57,0.0328,0
21,16,97,1.85,0.34,0.28,0.38,0.0999,0
6,6,5944,31.47,0.42,0.95,0.9,0.0021,1
16,5,4007,23.98,0.49,0.9,0.75,0.0019,1
2,15,17,1.95,0.59,0.34,0.5,0.0813,0
105,494,5769,1.51,0.61,0.95,0.59,0.0008,0
584,2156,2972,15.12,0.95,0.24,0.72,0.0319,0
37,30,3369,36.8,0.34,0.97,0.88,0.0016,1
495,5,78,0.02,0.27,0.07,0.28,0.0048,0
91,551,1481,2.95,0.84,0.28,0.58,0.0133,1
206,760,1444,5.53,0.83,0.5,0.71,0.0196,1
440,26,124,0.01,0.33,0.07,0.08,0.0382,0
188,471,587,0.53,0.77,0.03,0.3,0.128,0
297,88,85,0.42,1.0,0.08,0.32,0.051,0
266,365,491,5.35,0.81,0.31,0.69,0.015,1
359,31,214,0.0,0.31,0.08,0.3,0.0136,0
99,163,96,2.17,0.86,0.01,0.58,0.0132,0
369,143,123,1.81,0.73,0.01,0.37,0.0203,0
119,283,7886,1.62,0.39,0.91,0.51,0.0049,1
10,92,5820,27.59,0.4,0.74,0.93,0.0024,1
22,77,3210,21.47,0.16,0.8,0.86,0.002,1
184,30,79,0.0,0.32,0.08,0.05,0.0388,0
17,65,5613,14.82,0.2,0.82,0.85,0.0029,1
232,209,433,1.28,0.66,0.05,0.48,0.1835,1
2,23,5521,21.95,0.24,0.94,0.95,0.0014,1
26,89,2469,26.66,0.4,0.71,0.89,0.0012,1
1015,459,2124,10.35,1.0,0.47,0.74,0.0431,0
256,509,490,3.07,0.7,0.44,0.66,0.009,1
1183,25435,1404,8.33,0.85,0.47,0.61,0.0321,0
380,271,391,0.29,0.54,0.05,0.48,0.0515,0
22,210,5797,1.93,0.53,0.87,0.42,0.0006,1
133,78,84,0.04,0.6,0.07,0.27,0.0366,0
21,16,56,1.04,0.5,0.18,0.37,0.0298,0
354,58,67,0.05,0.58,0.01,0.32,0.0235,0
1804,338,3186,9.61,0.63,0.59,0.68,0.0051,1
671,274,373,0.35,0.6,0.34,0.63,0.0306,0
1332,281,152,0.89,0.66,0.09,0.44,0.1191,0
113,260,6320,1.18,0.53,0.78,0.64,0.0022,1
869,3881,1104,15.33,0.96,0.46,0.53,0.0302,0
231,684,1636,2.25,0.65,0.47,0.76,0.0097,1
113,332,331,0.34,0.89,0.02,0.28,0.0765,0
1375,958,2122,12.2,0.72,0.52,0.71,0.0025,1
220,7474,13636,0.55,0.52,0.06,0.26,0.0256,0
109,414,2588,0.74,0.38,0.99,0.36,0.0021,0
3,21,116,0.32,0.52,0.34,0.32,0.0758,0
145,55,297,0.02,0.25,0.09,0.05,0.0272,0
462,1777,1035,4.06,0.97,0.39,0.45,0.0452,0
15,2,118,1.21,0.58,0.11,0.35,0.0749,0
506,799,1786,2.53,0.79,0.52,0.53,0.0135,1
9,78,3519,9.43,0.45,0.97,0.83,0.001,1
103,616,1238,1.06,0.51,0.03,0.34,0.0984,0
201,146,323,5.92,0.73,0.27,0.53,0.0083,1
852,1390,3102,7.86,0.9,0.46,0.71,0.0319,0
368,451,2764,6.98,0.98,0.2,0.64,0.0385,0
283,302,634,1.77,0.85,0.04,0.32,0.0532,0
651,1357,2272,1.12,0.7,0.22,0.29,0.064,0
2,6,3232,13.68,0.32,0.81,0.87,0.0035,1
212,1183,2455,0.26,0.68,0.1,0.57,0.12,0
23,349,3446,0.91,0.58,0.86,0.43,0.0041,1
621,248,467,2.16,0.8,0.07,0.45,0.0368,0
725,145,1650,6.87,0.93,0.46,0.69,0.0638,0
131,195,366,0.22,0.95,0.05,0.37,0.0247,0
630,3583,2122,0.27,0.91,0.0,0.49,0.1339,0
117,218,658,5.44,0.83,0.4,0.64,0.0126,1
445,768,1430,2.56,0.89,0.44,0.42,0.0087,1
187,329,386,2.73,0.71,0.3,0.5,0.0062,0
240,9,112,0.03,0.51,0.01,0.08,0.0234,0
1,17,3322,13.62,0.41,0.9,0.8,0.0004,1
1378,849,3290,23.47,0.77,0.85,0.8,0.0053,1
186,143,108,0.29,0.78,0.07,0.31,0.0621,0
173,209,415,0.17,1.0,0.02,0.49,0.1189,0
40,308,3263,2.5,0.6,0.85,0.7,0.0043,1
18,312,3598,0.7,0.55,0.99,0.45,0.002,1
73,85,5850,23.5,0.35,0.72,0.77,0.0014,1
91,412,1602,4.79,0.75,0.28,0.43,0.0186,0
14,4,3800,23.98,0.24,0.68,0.96,0.0013,1
202,650,430,3.51,0.9,0.37,0.54,0.0185,1
1178,375,525,3.15,0.8,0.21,0.54,0.0544,0
72,87,3230,2.01,0.41,0.94,0.51,0.0006,1
179,183,380,0.16,0.81,0.07,0.57,0.1727,0
206,1421,1115,0.11,0.93,0.1,0.3,0.25,0
481,34,289,0.01,0.33,0.06,0.26,0.0139,0
2432,1154,892,14.68,0.99,0.3,0.32,0.0372,0
1512,1120,1566,22.01,0.75,0.69,0.67,0.0081,1
606,397,675,2.17,0.8,0.01,0.56,0.0936,0
101,232,5331,1.44,0.35,0.92,0.46,0.0041,1
1087,88,198,1.46,0.83,0.1,0.24,0.0354,0
7,24,51,0.37,0.46,0.32,0.43,0.0932,0
388,22,52,1.37,0.96,0.06,0.45,0.0998,0
170,74,166,0.04,0.4,0.02,0.34,0.0207,0
10,185,3067,0.68,0.43,0.79,0.49,0.003,1
391,762,2755,9.97,0.91,0.38,0.75,0.073,0
53,369,1377,2.11,0.73,0.52,0.7,0.0197,1
265,55,42,0.0,0.42,0.09,0.19,0.0046,0
264,105,87,0.55,0.65,0.06,0.37,0.2066,0
633,2573,2953,4.07,1.0,0.21,0.63,0.0176,0
189,335,1491,4.15,0.68,0.28,0.48,0.0185,0
266,79,279,0.01,0.31,0.03,0.12,0.0257,0
639,109,169,0.6,0.84,0.04,0.57,0.0818,0
262,471,806,4.45,0.84,0.03,0.6,0.0988,0
1149,218,2055,13.5,0.57,0.54,0.53,0.0024,1
4,16,20,0.36,0.46,0.11,0.31,0.0653,0
217,149,272,1.25,0.73,0.1,0.39,0.0465,0
60,635,1481,4.05,0.7,0.28,0.66,0.011,1
267,6339,2074,6.11,0.85,0.24,0.38,0.0664,0
3,24,51,0.68,0.46,0.37,0.49,0.0787,0
96,276,6101,2.64,0.35,0.9,0.48,0.0029,1
136,826,1816,1.23,0.82,0.16,0.22,0.0556,0
1240,1965,2455,5.52,1.0,0.47,0.55,0.06,0
21,23,54,0.85,0.54,0.22,0.41,0.0894,0
6,13,4068,48.78,0.47,0.7,0.93,0.0028,1
652,36,121,0.0,0.29,0.03,0.13,0.0297,0
375,125,1622,5.31,0.72,0.27,0.65,0.0198,1
367,210,588,5.22,0.83,0.28,0.73,0.0073,1
219,74,150,1.32,0.7,0.08,0.51,0.0271,0
789,28,85,0.05,0.59,0.06,0.19,0.0082,0
650,52,61,0.05,0.32,0.06,0.17,0.0119,0
608,3094,2616,8.63,0.85,0.36,0.69,0.0361,0
840,392,1646,6.97,0.98,0.46,0.47,0.0239,0
606,97,98,0.27,1.0,0.02,0.17,0.1421,0
304,6,232,0.0,0.5,0.02,0.2,0.0112,0
1406,1188,798,9.78,0.88,0.31,0.61,0.0777,0
118,231,189,2.03,0.73,0.03,0.34,0.0591,0
359,649,821,3.4,0.7,0.51,0.59,0.0153,1
731,1324,1281,0.23,0.81,0.16,0.58,0.2303,0
28,15,49,0.27,0.63,0.41,0.31,0.0418,0
95,294,7328,2.0,0.41,0.86,0.49,0.002,1
585,5792,2610,6.66,1.0,0.46,0.51,0.0308,0
236,580,1659,2.32,0.81,0.46,0.54,0.0112,1
466,2144,440,16.02,0.95,0.19,0.59,0.026,1
127,464,337,1.38,0.61,0.11,0.36,0.0511,0
23,3,51,1.02,0.5,0.19,0.33,0.0488,1
473,1037,1136,0.39,0.83,0.07,0.4,0.0307,0
16,28,1485,10.47,0.19,0.82,0.72,0.0012,1
72,251,7038,2.15,0.48,0.82,0.63,0.0028,1
95,230,5096,1.49,0.5,0.91,0.7,0.0043,1
337,3143,931,8.47,0.9,0.2,0.59,0.0611,0
571,138,139,0.19,1.0,0.04,0.38,0.0136,0
27,0,90,1.45,0.43,0.12,0.3,0.0266,0
44,84,1427,9.05,0.28,0.84,0.8,0.002,1
142,1109,1512,2.75,0.75,0.14,0.42,0.0915,0
233,901,1403,1.85,0.97,0.09,0.58,0.1075,0
47,235,6205,1.19,0.55,0.85,0.69,0.0048,1
77,193,1556,4.76,0.71,0.34,0.78,0.0066,1
456,405,1245,5.52,0.66,0.54,0.67,0.0175,1
235,693,2013,13.16,0.87,0.2,0.32,0.0645,0
284,38,281,0.02,0.57,0.06,0.12,0.0267,0
775,71,85,0.01,0.56,0.06,0.18,0.0242,0
275,206,134,0.32,0.79,0.02,0.64,0.1063,0
106,726,411,5.89,0.85,0.38,0.6,0.0077,1
17,22,58,0.2,0.55,0.17,0.35,0.0193,0
49,78,3237,13.56,0.23,0.97,0.7,0.0008,1
442,567,337,0.64,0.97,0.24,0.35,0.025,1
55,144,7435,0.74,0.54,0.8,0.38,0.0009,1
138,347,304,2.68,1.0,0.0,0.34,0.0212,0
541,181,379,5.68,0.83,0.53,0.73,0.0098,1
12,98,3268,49.36,0.17,0.71,0.87,0.0035,1
247,340,601,0.13,0.95,0.07,0.57,0.1701,0
1,25,14,1.54,0.64,0.25,0.36,0.0448,0
894,1695,2137,15.34,0.88,0.39,0.6,0.0741,0
433,14,274,0.01,0.35,0.05,0.15,0.0236,0
1794,507,1028,3.32,0.97,0.09,0.31,0.0567,0
14,10,2342,38.77,0.45,0.87,0.98,0.0036,1
309,354,670,1.52,0.88,0.01,0.4,0.1142,0
328,493,359,1.02,0.59,0.23,0.58,0.0762,0
961,159,2214,6.75,0.6,0.68,0.81,0.007,1
14,1,6,1.82,0.57,0.43,0.25,0.0948,0
341,380,373,2.8,1.0,0.17,0.59,0.0644,0
695,150,194,0.35,0.85,0.3,0.32,0.0525,0
1045,221,182,1.06,0.89,0.03,0.61,0.0444,0
790,5423,3026,8.75,0.9,0.32,0.42,0.0395,0
18,56,1685,23.15,0.43,0.89,0.71,0.003,1
632,1200,906,0.31,0.86,0.04,0.27,0.0812,0
442,96,218,2.22,0.87,0.15,0.21,0.0603,0
125,2862,5764,4.0,0.89,0.11,0.3,0.0059,0
475,33,113,0.04,0.44,0.04,0.08,0.0333,0
6,23,101,1.01,0.66,0.38,0.43,0.0244,0
48,55,5886,43.32,0.44,0.95,0.83,0.0032,1
921,751,689,10.29,0.87,0.41,0.36,0.0275,0
357,44823,970,10.1,0.94,0.28,0.66,0.078,0
289,181,113,1.87,0.53,0.03,0.55,0.1477,0
197,136,1149,3.83,0.74,0.27,0.79,0.0172,1
387,669,1176,0.64,0.6,0.12,0.19,0.0461,0
245,1325,3000,16.35,0.99,0.29,0.69,0.0521,1
7,28,4712,8.85,0.48,0.7,0.81,0.0017,1
18,4,20,0.76,0.33,0.36,0.38,0.058,0
21,18,116,1.34,0.67,0.12,0.25,0.0219,0
368,126,132,1.01,0.83,0.14,0.42,0.1627,0
11,3,3541,36.24,0.24,0.65,0.89,0.0002,1
7,70,4519,13.37,0.21,0.78,0.74,0.0028,1
377,1069,1802,10.67,0.88,0.5,0.72,0.0151,0
12,47,4991,8.44,0.43,0.8,0.85,0.0011,1
47,87,4931,31.17,0.35,0.73,0.74,0.0013,1
2,4,4657,23.84,0.16,0.68,0.9,0.0007,1
118,276,531,0.53,0.84,0.05,0.25,0.108,0
2198,1107,2235,23.11,0.64,0.79,0.82,0.0044,1
536,729,1778,5.56,0.65,0.34,0.72,0.0167,1
10,21,101,0.67,0.31,0.4,0.38,0.0254,0
877,386,723,0.14,0.8,0.01,0.2,0.0453,0
592,377,391,1.8,0.69,0.29,0.23,0.25,0
97,85,5990,0.93,0.5,0.83,0.68,0.001,1
16,49,3529,8.59,0.25,0.71,0.83,0.0019,1
182,334,276,1.24,0.88,0.0,0.49,0.0363,0
265,1674,1811,12.99,0.89,0.31,0.54,0.068,0
54,523,1419,5.94,0.7,0.46,0.78,0.0169,1
327,1054,2240,2.25,0.8,0.42,0.62,0.0434,0
208,47,33,0.02,0.55,0.1,0.25,0.0303,0
516,68,189,0.04,0.54,0.04,0.27,0.0366,0
758,4228,1454,11.11,0.87,0.28,0.62,0.0555,0
132,87,200,0.58,0.81,0.03,0.21,0.0482,0
94,204,2927,2.7,0.37,0.89,0.49,0.0031,1
93,780,896,0.27,0.89,0.01,0.17,0.1145,0
548,8100,2911,11.77,0.94,0.31,0.43,0.0564,0
13,4,78,0.66,0.68,0.3,0.31,0.0477,0
225,120,154,0.12,0.65,0.02,0.21,0.0786,0
779,229,451,0.77,0.85,0.25,0.24,0.0299,0
99,304,2082,0.57,0.55,0.98,0.68,0.0032,1
841,167,156,1.18,0.51,0.07,0.54,0.1419,0
17,26,20,1.32,0.7,0.21,0.42,0.0412,0
15,62,5035,17.6,0.18,0.83,0.79,0.004,1
104,326,190,1.27,0.88,0.1,0.62,0.1535,0
33,92,5312,59.14,0.29,0.98,0.78,0.0019,1
379,452,368,5.28,0.79,0.25,0.79,0.0056,1
384,279,589,1.18,0.8,0.01,0.57,0.1943,0
580,1420,852,13.93,0.92,0.37,0.32,0.0242,0
186,200,281,0.54,0.84,0.14,0.18,0.0741,0
13,91,4153,9.01,0.47,0.87,0.87,0.0037,1
405,40,249,0.05,0.55,0.07,0.16,0.0273,0
173,2030,958,0.12,0.82,0.06,0.44,0.0913,0
183,239,302,1.15,0.72,0.04,0.61,0.005,0
56,24,233,0.04,0.45,0.04,0.12,0.0223,0
386,175,264,0.65,0.85,0.19,0.41,0.0609,0
945,406,2321,6.7,0.66,0.53,0.61,0.0041,1
284,353,1432,2.74,0.61,0.39,0.8,0.0168,1
728,282,347,1.98,1.0,0.04,0.49,0.0256,0
101,263,5043,0.49,0.63,0.9,0.63,0.0029,1
228,77,153,0.02,0.51,0.0,0.31,0.019,0
7,20,3433,19.2,0.35,0.83,0.84,0.0038,1
5,12,66,1.0,0.45,0.27,0.38,0.076,0
897,4014,1645,11.18,0.93,0.28,0.35,0.0376,0
100,74,88,0.05,0.51,0.05,0.19,0.0398,0
1280,982,2126,13.16,0.95,0.25,0.41,0.0408,0
1347,583,1204,8.74,0.89,0.45,0.63,0.0725,0
396,320,523,1.12,0.65,0.12,0.65,0.0645,0
167,601,1770,3.77,0.83,0.26,0.62,0.0111,1
262,49,118,0.4,0.98,0.02,0.28,0.076,0
324,553,487,3.22,0.7,0.51,0.41,0.0136,1
271,366,1095,5.91,0.89,0.32,0.44,0.013,1
15,70,2827,10.03,0.39,0.81,0.93,0.0006,1
53,90,2353,47.14,0.26,0.68,0.92,0.0032,1
12,27,44,1.51,0.42,0.37,0.24,0.0403,0
732,17,273,0.01,0.42,0.01,0.19,0.0194,1
137,47,141,0.03,0.52,0.05,0.15,0.0334,0
1169,11272,1203,10.75,0.91,0.49,0.67,0.0645,0
327,368,418,0.58,0.76,0.03,0.46,0.0561,0
524,13,239,0.03,0.41,0.01,0.2,0.0188,0
122,315,357,0.59,0.73,0.03,0.46,0.0612,0
265,452,225,0.37,0.86,0.14,0.38,0.087,0
489,2346,1381,0.49,1.0,0.13,0.58,0.0554,0
224,67,159,0.01,0.48,0.02,0.29,0.0305,0
1,8,70,1.61,0.68,0.32,0.32,0.0327,0
199,1111,1778,1.11,1.0,0.03,0.56,0.0197,0
1004,1024,2292,14.86,0.64,0.55,0.62,0.0071,1
298,2218,2831,16.65,1.0,0.49,0.74,0.0613,0
788,19,62,0.04,0.5,0.02,0.11,0.0329,0
151,82,187,0.62,0.98,0.12,0.16,0.0846,0
1186,506,1893,9.02,0.56,0.55,0.81,0.0021,1
5,76,1978,17.67,0.21,0.79,0.75,0.0016,1
1573,2745,621,10.24,0.9,0.21,0.45,0.0321,0
528,81,142,0.87,1.0,0.05,0.25,0.0315,0
171,501,1306,1.89,0.7,0.4,0.67,0.0045,1
457,41,190,0.04,0.59,0.01,0.21,0.0049,0
872,463,728,0.28,0.68,0.01,0.3,0.0567,0
752,14,156,0.04,0.35,0.0,0.12,0.0236,0
59,395,5881,1.54,0.63,0.78,0.49,0.0045,1
747,1727,2512,4.79,0.99,0.24,0.68,0.0317,0
35,194,4210,1.89,0.38,0.97,0.51,0.0011,1
756,228,308,1.1,0.79,0.04,0.6,0.0694,0
35,90,4807,33.86,0.38,0.98,0.75,0.0016,1
285,132,169,0.64,0.7,0.06,0.54,0.0877,0
408,341,638,0.73,0.78,0.0,0.24,0.0868,0
747,2069,3280,13.01,0.97,0.36,0.52,0.0692,0
2151,440,1880,10.66,0.7,0.53,0.83,0.0099,1
107,206,870,1.74,0.75,0.35,0.56,0.02,1
6,32,4936,20.26,0.17,0.82,0.76,0.0013,1
390,385,707,0.55,0.77,0.15,0.51,0.0398,0
344,420,737,0.27,0.65,0.08,0.41,0.068,0
110,18,197,0.04,0.5,0.09,0.12,0.0107,0
11,15,97,1.47,0.45,0.21,0.43,0.099,0
1116,839,3915,18.87,0.82,0.74,0.77,0.0037,1
652,119,119,1.73,0.74,0.16,0.42,0.025,1
60,277,7709,1.61,0.4,0.9,0.5,0.0019,1
114,7,34,0.03,0.29,0.09,0.14,0.0269,1
22,6,66,1.16,0.42,0.13,0.32,0.0776,0
304,880,457,0.45,0.58,0.02,0.27,0.0747,0
779,18,194,0.03,0.33,0.09,0.19,0.014,0
88,290,6098,1.21,0.6,0.76,0.38,0.005,1
11,69,1599,34.97,0.19,0.72,0.88,0.003,1
22,20,52,0.8,0.69,0.43,0.49,0.0299,0
5,83,5928,68.21,0.43,0.74,0.93,0.0016,1
162,566,1612,5.56,0.88,0.49,0.77,0.017,0
176,373,726,0.95,1.0,0.08,0.18,0.0652,0
160,946,1899,0.36,0.73,0.02,0.53,0.101,0
569,151,1768,5.87,0.66,0.37,0.66,0.0196,1
191,458,418,0.81,1.0,0.06,0.17,0.0774,0
262,1786,3112,5.46,0.94,0.37,0.64,0.0757,0
896,409,927,2.46,0.59,0.39,0.48,0.0728,0
1123,322,509,0.24,0.79,0.01,0.48,0.136,0
743,249,514,1.56,1.0,0.41,0.23,0.1827,0
1034,733,2935,22.02,0.81,0.66,0.51,0.0022,1
371,736,1111,2.91,0.68,0.5,0.75,0.0078,1
184,251,244,0.56,0.53,0.13,0.63,0.1086,0
188,45,287,0.03,0.34,0.06,0.18,0.0162,0
791,75,67,0.0,0.56,0.08,0.08,0.011,0
916,189,2197,7.99,0.63,0.84,0.84,0.0058,1
1014,167,330,0.88,0.65,0.02,0.56,0.0236,0
317,233,1770,3.7,0.65,0.43,0.49,0.0161,1
198,9,89,0.03,0.27,0.09,0.34,0.028,0
26,421,6317,1.47,0.36,0.81,0.42,0.0019,1
42,643,1403,3.52,0.64,0.41,0.8,0.0042,1
256,34,243,0.04,0.35,0.05,0.33,0.0306,0
620,49,188,0.01,0.3,0.07,0.07,0.0113,0
1108,79,63,1.87,0.83,0.07,0.65,0.0701,0
157,959,1233,0.87,1.0,0.08,0.56,0.0382,0
485,334,746,1.63,0.68,0.47,0.6,0.0104,1
1230,212,3151,24.17,0.65,0.72,0.74,0.0031,1
755,352,561,1.5,0.93,0.29,0.36,0.1659,0
384,110,635,3.71,0.61,0.54,0.6,0.0141,1
768,802,489,2.1,0.91,0.06,0.6,0.0446,0
14,19,2412,13.03,0.25,0.91,0.74,0.0033,1
630,511,954,0.47,0.97,0.01,0.29,0.1652,0
9,58,4727,9.48,0.33,0.82,0.87,0.0014,1
542,3448,1938,16.74,0.91,0.15,0.62,0.0486,0
114,250,584,2.21,0.88,0.12,0.38,0.1834,0
109,208,466,0.22,0.5,0.02,0.43,0.0837,0
387,100,153,2.33,0.84,0.12,0.62,0.0093,0
349,682,1521,1.0,0.96,0.1,0.53,0.0149,0
85,343,455,3.91,0.79,0.5,0.5,0.004,1
4,15,80,1.07,0.59,0.17,0.28,0.0422,0
3,23,1726,10.05,0.18,0.84,0.97,0.0034,1
1930,387,3739,5.42,0.8,0.69,0.72,0.0025,1
1956,556,4507,6.46,0.61,0.58,0.52,0.0032,1
598,6,90,0.01,0.46,0.06,0.21,0.0054,0
497,362,414,5.28,0.52,0.11,0.45,0.0993,0
360,193,242,1.36,0.77,0.04,0.16,0.1029,0
24,390,2664,0.28,0.62,1.0,0.63,0.0046,1
368,48,52,0.04,0.44,0.04,0.22,0.0354,0
1757,786,2601,23.1,0.56,0.73,0.6,0.0042,1
2,72,2445,42.38,0.3,0.95,0.93,0.0034,1
470,809,1044,4.26,0.88,0.31,0.56,0.0783,0
225,344,541,0.89,0.95,0.07,0.36,0.0149,0
460,204,1027,5.45,0.87,0.38,0.31,0.0162,0
27,7,97,0.21,0.34,0.3,0.4,0.0677,0
732,119,104,2.93,0.83,0.08,0.61,0.0583,0
3,38,2460,27.44,0.33,0.78,0.87,0.0031,1
5,24,81,1.77,0.58,0.11,0.37,0.0772,0
744,50,153,0.01,0.51,0.02,0.12,0.0265,0
389,7,49,0.03,0.4,0.04,0.1,0.0319,0
528,92,69,0.25,1.0,0.14,0.17,0.1046,0
722,467,999,0.87,0.67,0.09,0.59,0.0619,0
2,12,1444,26.14,0.47,0.82,0.87,0.0021,1
878,139,292,3.46,0.99,0.16,0.53,0.1097,0
11,29,56,1.88,0.37,0.41,0.49,0.089,0
60,334,6744,1.0,0.56,0.91,0.55,0.0034,1
404,707,739,3.15,0.71,0.26,0.45,0.015,1
58,11,69,0.04,0.33,0.06,0.14,0.0115,0
51,54,268,0.05,0.45,0.08,0.19,0.0334,1
1487,173,350,0.7,0.57,0.24,0.48,0.0862,0
789,65,64,0.04,0.49,0.07,0.26,0.0229,0
382,79,273,0.03,0.59,0.08,0.24,0.0236,0
272,306,474,0.22,0.92,0.07,0.23,0.0967,0
385,171,1774,2.77,0.77,0.37,0.78,0.0174,1
285,145,854,5.38,0.79,0.47,0.68,0.0174,1
595,2174,616,8.48,0.95,0.38,0.39,0.059,0
26,86,2211,9.58,0.2,0.82,0.87,0.0008,0
234,513,300,4.98,0.87,0.31,0.6,0.0139,1
92,490,2789,2.87,0.59,0.77,0.68,0.0046,1
731,75,102,0.02,0.28,0.02,0.24,0.0208,0
397,248,774,2.95,0.81,0.51,0.62,0.0163,1
978,988,1354,0.15,0.64,0.04,0.36,0.0806,0
17,75,3972,33.12,0.3,0.86,0.73,0.0005,1
23,58,4582,17.06,0.29,0.91,0.74,0.0022,1
1092,561,2967,21.11,0.81,0.83,0.83,0.0039,1
8,60,2183,8.96,0.17,0.77,0.75,0.0029,1
95,242,7484,0.9,0.56,0.82,0.4,0.001,1
93,226,252,3.28,1.0,0.09,0.34,0.0904,0
145,55,288,0.01,0.26,0.0,0.34,0.0144,0
70,93,7446,1.95,0.46,0.8,0.4,0.0027,1
119,522,272,0.97,0.94,0.06,0.27,0.1524,0
17,2,43,1.24,0.33,0.23,0.47,0.0507,0
103,678,395,3.23,0.83,0.52,0.59,0.0031,1
218,243,275,0.44,0.92,0.01,0.21,0.0856,0
90,189,221,0.94,0.86,0.17,0.57,0.053,0
8,21,114,1.57,0.49,0.39,0.27,0.0711,0
669,524,842,0.94,0.49,0.09,0.47,0.0693,0
569,210,240,2.13,1.0,0.01,0.43,0.0168,0
49,55,1642,19.94,0.33,0.96,0.87,0.0029,1
206,204,897,4.61,0.72,0.38,0.48,0.0032,1
718,119,107,0.12,0.69,0.12,0.52,0.0694,0
320,788,1378,2.14,0.6,0.27,0.61,0.0137,1
57,79,3777,51.03,0.49,0.8,0.84,0.0012,1
212,236,2900,5.43,0.94,0.25,0.7,0.0255,0
282,15,39,0.01,0.27,0.07,0.32,0.0083,0
261,441,1069,2.14,0.82,0.32,0.62,0.0153,1
1419,584,2633,5.04,0.88,0.29,0.46,0.0609,0
582,19,243,0.0,0.35,0.08,0.25,0.0189,0
825,182,292,1.11,0.83,0.04,0.6,0.0985,1
149,2475,1975,0.21,0.76,0.09,0.43,0.0537,0
282,4650,1406,8.74,0.85,0.37,0.74,0.061,0
941,1106,638,1.59,0.69,0.02,0.29,0.1931,0
7,0,51,1.21,0.7,0.14,0.34,0.0798,0
9,80,4503,13.1,0.35,0.79,0.75,0.0033,1
387,629,1312,4.07,0.84,0.55,0.52,0.0124,1
65,443,5946,0.89,0.56,0.96,0.69,0.003,1
414,2269,957,12.68,0.94,0.17,0.52,0.0676,0
14,12,99,0.12,0.34,0.44,0.21,0.0354,0
242,622,593,1.49,0.74,0.02,0.3,0.0461,0
93,332,349,1.12,1.0,0.01,0.43,0.0253,0
490,694,833,3.34,0.68,0.54,0.56,0.0182,1
96,83,5807,10.54,0.15,0.96,0.89,0.0005,1
148,26,80,0.02,0.58,0.1,0.14,0.0265,0
66,10,268,0.01,0.45,0.04,0.16,0.0274,0
578,235,505,0.51,0.72,0.04,0.41,0.0481,0
235,34,118,0.01,0.44,0.01,0.22,0.0035,0
353,203,315,1.94,0.7,0.33,0.63,0.0093,1
368,637,1271,2.03,0.83,0.54,0.6,0.0125,1
315,760,1519,5.78,0.75,0.34,0.71,0.0174,1
65,105,3772,2.13,0.33,0.93,0.67,0.0039,1
1186,386,738,0.93,0.77,0.02,0.54,0.0646,0
266,617,1335,4.82,0.73,0.42,0.57,0.0105,1
204,146,308,2.5,0.83,0.03,0.38,0.1317,0
610,6,54,0.02,0.57,0.04,0.23,0.0328,0
288,136,169,0.94,0.77,0.03,0.52,0.0234,0
438,403,1139,4.26,0.87,0.42,0.64,0.0094,1
21,10,61,1.61,0.68,0.25,0.28,0.0878,0
232,560,1169,1.7,0.84,0.42,0.5,0.0144,1
595,136,1406,2.44,0.73,0.33,0.41,0.0183,1
378,327,1559,2.08,0.89,0.55,0.71,0.0159,1
696,1370,1013,0.36,0.79,0.01,0.37,0.0556,0
465,3415,2044,7.27,0.9,0.45,0.63,0.0613,0
11,6,5836,9.94,0.3,0.66,0.83,0.0029,1
328,1290,939,2.02,0.63,0.06,0.28,0.0516,1
191,38,258,0.01,0.35,0.01,0.07,0.0274,0
68,412,5107,1.62,0.45,0.83,0.47,0.0017,1
1274,997,3488,9.29,0.77,0.73,0.55,0.007,1
1109,1198,1660,5.17,0.58,0.83,0.78,0.0074,1
285,24,175,0.01,0.52,0.09,0.21,0.0177,0
159,356,629,1.61,0.89,0.05,0.64,0.0748,0
457,584,983,3.7,0.69,0.3,0.64,0.0128,1
310,160,988,4.33,0.86,0.33,0.64,0.0112,1
16,397,6534,1.59,0.32,0.81,0.53,0.0038,1
1368,1240,523,5.39,0.92,0.36,0.3,0.0444,0
183,265,1390,3.27,0.86,0.49,0.5,0.0039,1
4,18,85,1.72,0.32,0.18,0.3,0.0663,0
651,762,1264,1.28,0.9,0.07,0.44,0.0197,0
296,191,893,2.45,0.64,0.26,0.49,0.0087,1
76,295,4848,2.79,0.31,0.88,0.44,0.0017,1
361,264,505,0.68,0.55,0.04,0.25,0.0579,0
1595,1081,1980,18.19,0.73,0.79,0.68,0.0045,0
16,63,3030,14.33,0.29,0.94,0.86,0.0031,1
563,9,210,0.05,0.46,0.08,0.25,0.0328,0
665,42,175,0.01,0.51,0.03,0.25,0.0355,0
2,75,1818,21.6,0.25,0.96,0.92,0.003,1
267,494,1536,2.34,0.83,0.44,0.61,0.0194,1
255,78,294,0.01,0.33,0.02,0.27,0.0076,0
362,51,79,0.05,0.39,0.02,0.1,0.0202,0
10,416,4585,2.69,0.36,0.97,0.37,0.0035,1
995,354,411,1.02,0.76,0.06,0.25,0.0675,0
459,336,637,0.4,0.91,0.06,0.6,0.0159,0
443,32,209,0.03,0.28,0.03,0.16,0.0217,0
1500,4047,1280,13.49,0.88,0.39,0.75,0.0644,0
464,104,990,5.88,0.82,0.46,0.61,0.0117,1
140,412,446,0.31,0.67,0.3,0.33,0.0392,0
14,1,92,1.96,0.7,0.25,0.47,0.0633,0
94,67,102,0.02,0.41,0.05,0.14,0.0261,0
33,58,5570,17.58,0.22,0.84,0.97,0.0008,1
1864,254,4331,13.86,0.67,0.74,0.62,0.0034,1
107,59,299,0.02,0.29,0.04,0.08,0.0204,0
690,7878,2694,15.17,0.94,0.25,0.46,0.0269,0
24,75,1742,8.14,0.47,0.85,0.89,0.0033,1
795,1692,2614,8.64,0.97,0.2,0.71,0.0367,0
97,395,5021,1.07,0.48,0.94,0.52,0.0008,1
317,314,494,3.34,0.73,0.07,0.63,0.1295,0
14,29,65,1.69,0.34,0.42,0.45,0.0765,0
21,62,3215,9.07,0.45,0.72,0.82,0.0037,1
39,424,2377,2.53,0.45,0.94,0.7,0.0044,0
770,203,3560,6.09,0.58,0.67,0.78,0.0043,1
2090,1093,1727,12.19,0.7,0.66,0.59,0.007,1
403,275,442,1.0,1.0,0.02,0.2,0.087,0
1189,751,4642,5.2,0.61,0.62,0.8,0.0083,1
221,133,704,1.95,0.88,0.53,0.6,0.0128,1
901,258,2042,6.39,0.7,0.58,0.51,0.0069,1
1381,365,178,0.9,0.65,0.02,0.21,0.0648,0
752,802,712,2.22,0.79,0.02,0.16,0.0181,0
390,11096,1569,11.5,0.96,0.44,0.5,0.0301,0
123,64,117,0.03,0.26,0.09,0.25,0.0118,0
1657,472,2257,6.62,0.73,0.67,0.6,0.0098,1
514,514,590,2.3,0.86,0.47,0.63,0.0052,1
379,20,234,0.01,0.59,0.08,0.12,0.0386,0
42,186,2489,0.39,0.39,0.8,0.69,0.0044,1
440,110,162,1.82,0.7,0.11,0.28,0.0802,0
351,815,441,1.33,0.94,0.0,0.31,0.0177,0
170,804,1515,2.06,0.97,0.23,0.29,0.0375,0
108,121,4559,1.33,0.64,0.81,0.62,0.0039,1
437,1631,1738,3.36,0.85,0.0,0.35,0.1029,0
92,23,2709,14.59,0.18,0.87,0.9,0.0006,1
553,654,906,4.86,0.76,0.32,0.68,0.0163,1
427,3178,1078,17.54,0.96,0.47,0.41,0.0614,0
7,70,5844,11.73,0.31,0.94,0.75,0.0012,1
7,0,45,1.07,0.63,0.11,0.46,0.0172,0
252,3565,811,17.89,0.91,0.19,0.69,0.046,0
326,116,187,1.69,0.78,0.14,0.64,0.0861,0
156,443,477,0.41,0.82,0.03,0.18,0.0571,0
616,75,225,0.01,0.56,0.01,0.22,0.0211,0
665,5305,3187,17.47,0.98,0.39,0.62,0.0455,0
55,261,6583,1.59,0.42,0.86,0.56,0.0038,1
643,10794,1671,13.07,0.87,0.16,0.69,0.0644,0
675,459,691,0.38,0.77,0.11,0.17,0.1097,0
260,176,904,4.46,0.81,0.42,0.58,0.0175,1
129,628,1167,5.2,0.63,0.36,0.53,0.0173,1
450,2214,2606,6.34,0.94,0.29,0.53,0.0614,0
370,348,425,3.37,0.77,0.25,0.35,0.0735,0
1,1,33,1.37,0.57,0.29,0.48,0.0919,0
109,441,631,0.31,0.83,0.02,0.42,0.0406,0
3,24,69,0.43,0.32,0.29,0.27,0.0239,0
36,472,3321,0.3,0.34,0.8,0.36,0.0009,1
623,67,47,0.05,0.48,0.05,0.18,0.0038,0
169,462,915,2.56,0.78,0.4,0.73,0.0036,1
406,74,84,3.81,0.89,0.03,0.61,0.0705,0
1477,817,4784,10.45,0.73,0.55,0.51,0.0064,1
492,44,55,0.39,0.78,0.34,0.17,0.0838,0
216,183,391,2.36,0.83,0.53,0.76,0.0072,1
1167,152,147,0.86,1.0,0.03,0.45,0.0823,0
129,635,695,5.57,0.64,0.48,0.63,0.019,1
34,82,3434,13.21,0.2,0.9,0.75,0.0005,1
429,403,1213,2.79,0.82,0.45,0.74,0.0065,1
551,734,1677,2.7,0.68,0.42,0.47,0.006,0
1084,707,4601,14.75,0.74,0.66,0.79,0.006,1
253,968,2021,0.93,1.0,0.02,0.59,0.1764,0
175,154,183,4.58,0.94,0.03,0.15,0.1404,0
3,49,5150,29.15,0.25,0.71,0.93,0.0014,1
159,519,856,0.74,0.78,0.18,0.53,0.0364,0
276,12,30,0.03,0.34,0.1,0.21,0.0365,0
17,447,7296,0.47,0.35,0.82,0.68,0.0035,1
83,191,2336,2.3,0.39,1.0,0.46,0.0035,1
435,3225,3056,16.63,0.99,0.4,0.55,0.0296,0
193,80,134,0.79,0.8,0.13,0.43,0.0563,0
1036,229,442,2.03,0.78,0.14,0.23,0.0445,0
7,35,4451,37.74,0.45,0.93,0.86,0.0025,1
236,16,254,0.04,0.37,0.0,0.2,0.02,0
289,702,1082,3.08,0.65,0.4,0.63,0.0129,1
105,350,5510,1.84,0.35,0.95,0.5,0.002,1
2166,1119,3272,14.69,0.66,0.84,0.64,0.0029,1
681,4257,1896,4.42,0.95,0.18,0.51,0.0733,0
229,23,274,0.03,0.51,0.01,0.31,0.0063,0
109,1161,817,1.39,0.76,0.03,0.53,0.0327,0
456,135,294,0.77,1.0,0.13,0.56,0.144,0
65,253,7547,2.25,0.53,0.84,0.43,0.0028,1
7,26,13,1.53,0.43,0.36,0.44,0.0194,0
67,565,1521,3.39,0.68,0.45,0.73,0.0127,1
534,5,188,0.02,0.42,0.07,0.13,0.0051,0
1800,1511,3162,10.48,0.92,0.37,0.33,0.0233,0
61,448,2849,2.88,0.56,0.83,0.65,0.0039,1
14,297,3646,1.22,0.38,0.87,0.36,0.0032,1
1028,1407,1076,14.18,1.0,0.47,0.57,0.0322,0
24,91,2745,16.9,0.4,0.8,0.88,0.002,1
22,263,2673,0.37,0.59,0.76,0.42,0.0029,1
69,95,2261,19.25,0.2,0.79,0.93,0.0012,1
365,776,1272,2.29,0.68,0.32,0.63,0.0043,1
496,80,116,1.74,0.79,0.06,0.39,0.0891,0
1024,545,2864,7.14,0.88,0.41,0.73,0.04,0
26,7,1706,43.38,0.2,0.71,0.8,0.002,1
1157,716,1538,12.67,0.83,0.58,0.55,0.0087,1
555,742,659,4.43,0.77,0.48,0.57,0.0053,1
501,177,403,2.71,0.65,0.52,0.46,0.0089,1
942,106,159,1.68,1.0,0.12,0.4,0.0283,0
528,49,119,0.02,0.29,0.05,0.12,0.0381,0
18,27,114,0.73,0.33,0.31,0.46,0.0829,0
1770,2772,1803,15.49,0.86,0.19,0.7,0.0168,0
9,29,5925,8.75,0.41,0.67,0.96,0.0013,1
414,3999,2219,6.44,0.91,0.34,0.74,0.0669,0
147,328,475,0.28,0.96,0.05,0.15,0.0484,0
14,38,3424,37.11,0.39,0.85,0.98,0.0039,1
793,175,208,0.25,0.88,0.02,0.37,0.0275,0
29,4,5644,27.41,0.46,0.71,0.9,0.0036,1
152,508,1019,5.36,0.77,0.48,0.52,0.0116,0
29,58,1410,22.82,0.17,0.95,0.71,0.0032,1
21,67,1372,28.42,0.24,0.89,0.75,0.0029,1
312,66,207,0.01,0.34,0.03,0.14,0.0145,0
385,208,137,1.38,0.65,0.05,0.59,0.0141,0
22,81,1424,31.34,0.43,0.92,0.75,0.0039,1
282,460,1568,5.07,0.64,0.43,0.64,0.003,1
421,552,1260,1.53,0.86,0.26,0.76,0.0087,1
467,365,1304,1.99,0.76,0.28,0.67,0.016,1
4,23,5562,8.71,0.49,0.77,0.76,0.002,1
238,97,2218,12.0,0.91,0.23,0.36,0.0446,0
73,214,1753,2.56,0.75,0.49,0.41,0.0054,1
223,411,765,0.19,0.95,0.05,0.41,0.25,0
734,77,122,0.02,0.37,0.06,0.21,0.0108,0
233,3301,7128,1.55,1.0,0.03,0.46,0.1452,0
724,572,3347,4.6,0.85,0.32,0.48,0.0329,0
262,37,295,0.03,0.25,0.0,0.09,0.0105,0
202,322,484,1.75,0.62,0.53,0.72,0.0162,1
34,54,1681,28.22,0.35,0.95,0.96,0.001,1
179,506,789,3.28,0.85,0.51,0.51,0.0165,1
211,199,327,0.94,0.88,0.03,0.16,0.0236,0
119,235,538,0.49,0.82,0.03,0.41,0.0203,1
16,7,36,1.29,0.32,0.1,0.35,0.0206,0
154,562,1000,2.44,0.94,0.02,0.57,0.0844,0
13,11,114,1.38,0.32,0.22,0.33,0.0592,0
369,183,1504,4.8,0.64,0.54,0.44,0.0064,1
13,289,3908,1.37,0.46,0.85,0.46,0.0039,0
138,847,1862,0.65,0.7,0.02,0.21,0.0811,0
12,12,1770,26.62,0.22,0.68,0.94,0.002,1
2034,999,3599,16.15,0.7,0.52,0.61,0.0053,1
664,23,211,0.04,0.3,0.04,0.16,0.0082,0
73,25,1261,12.45,0.24,0.69,0.94,0.0029,1
446,47,184,0.0,0.29,0.01,0.13,0.0118,0
1138,686,3722,7.54,0.67,0.51,0.77,0.0033,1
21,95,5267,11.05,0.36,0.89,0.8,0.0007,1
3,17,4455,23.3,0.5,0.75,0.76,0.0013,1
513,170,251,0.6,0.5,0.01,0.33,0.0197,0
106,354,702,5.68,0.71,0.36,0.62,0.0089,1
1226,133,289,0.24,0.67,0.03,0.48,0.0389,0
1,14,105,1.65,0.31,0.36,0.5,0.0634,0
621,1148,2911,11.38,0.85,0.3,0.37,0.0445,0
468,134,974,4.08,0.81,0.41,0.44,0.009,1
75,434,1614,4.71,0.87,0.5,0.68,0.0071,1
440,1333,2054,0.17,0.85,0.04,0.52,0.1117,0
857,139,178,4.01,0.66,0.06,0.58,0.0621,0
293,1685,3138,3.81,0.81,0.11,0.61,0.01,0
208,16,287,0.02,0.48,0.08,0.31,0.0028,0
14,88,5238,12.11,0.32,0.94,0.92,0.002,1
5,98,1810,10.83,0.4,0.8,0.92,0.0004,1
365,333,574,1.27,1.0,0.36,0.31,0.005,0
466,32,87,3.78,0.98,0.03,0.44,0.0893,0
1536,4659,2345,4.11,0.89,0.34,0.33,0.055,0
897,1181,2754,20.72,0.82,0.59,0.67,0.0068,1
293,179,283,0.75,0.69,0.08,0.65,0.029,0
576,413,337,3.0,0.73,0.4,0.4,0.0113,1
881,12182,3139,8.39,0.92,0.21,0.61,0.0374,0
312,160,128,1.16,0.82,0.07,0.39,0.1001,0
564,76,109,0.01,0.32,0.0,0.18,0.0184,0
23,41,5181,21.92,0.47,0.66,0.72,0.0029,1
251,781,1475,5.36,0.62,0.51,0.48,0.0092,1
17,29,89,0.66,0.62,0.29,0.33,0.0934,0
3,70,1672,36.66,0.35,0.85,0.9,0.0035,1
716,716,499,0.2,0.96,0.08,0.56,0.1303,0
681,17,60,0.02,0.42,0.07,0.1,0.012,0
109,595,1486,3.79,0.62,0.48,0.64,0.0143,1
744,4945,2248,12.94,0.97,0.32,0.57,0.0267,0
113,71,163,1.82,0.91,0.07,0.34,0.1089,0
196,672,1461,1.4,1.0,0.18,0.6,0.0214,0
204,365,391,0.16,0.66,0.01,0.21,0.0973,0
447,1003,1945,2.53,0.75,0.03,0.52,0.0222,0
961,6441,764,17.41,0.96,0.35,0.58,0.0702,0
878,151,327,3.19,0.6,0.14,0.42,0.25,0
138,31,238,0.02,0.41,0.08,0.15,0.0213,0
6,71,1890,13.21,0.39,0.85,0.93,0.0023,1
731,341,1906,21.72,0.68,0.75,0.65,0.002,1
225,411,354,1.44,0.87,0.11,0.57,0.0464,0
13,22,4331,17.56,0.4,0.66,0.71,0.0036,1
13,23,1905,13.7,0.44,0.82,0.84,0.0018,1
15,4,42,1.78,0.34,0.34,0.23,0.0774,0
279,7895,1222,6.86,0.94,0.38,0.32,0.0194,0
1575,425,2440,13.02,0.71,0.78,0.58,0.0044,1
519,525,316,4.3,0.75,0.51,0.7,0.0057,1
1343,3344,2232,9.91,0.86,0.29,0.7,0.0155,0
1912,604,2041,5.75,0.63,0.63,0.74,0.0072,1
546,573,1009,1.56,0.68,0.37,0.48,0.0133,1
289,404,396,0.5,0.79,0.08,0.34,0.038,0
648,78,49,0.04,0.52,0.02,0.16,0.0021,0
588,499,706,1.79,0.82,0.21,0.43,0.25,0
940,2648,1956,16.68,0.92,0.46,0.56,0.0427,1
30,20,279,0.02,0.35,0.05,0.16,0.0366,0
47,361,7466,2.43,0.35,0.84,0.65,0.0027,1
697,287,537,1.38,1.0,0.05,0.51,0.1132,0
64,465,4682,2.35,0.44,0.8,0.39,0.0006,1
2078,821,1999,11.21,0.96,0.4,0.32,0.0237,0
149,67,203,0.01,0.38,0.08,0.12,0.0326,0
676,734,3050,14.75,0.93,0.27,0.71,0.0201,0
134,231,300,0.63,0.78,0.01,0.48,0.0728,1
460,779,1969,9.39,0.93,0.48,0.52,0.0172,0
298,49,204,0.02,0.6,0.01,0.24,0.0033,0
96,253,1268,3.67,0.79,0.37,0.43,0.0134,1
316,18416,2587,15.11,0.9,0.49,0.64,0.0445,0
74,8,5396,19.41,0.26,0.67,0.9,0.0039,1
25,10,84,0.93,0.46,0.44,0.34,0.0245,0
355,370,1025,4.0,0.68,0.49,0.56,0.0113,0
203,1546,2226,0.29,0.42,0.12,0.4,0.066,0
937,611,1609,21.64,0.81,0.76,0.67,0.0033,0
1798,427,4041,21.67,0.72,0.7,0.52,0.0072,1
85,443,4131,1.78,0.37,0.91,0.54,0.004,1
16,11,18,1.46,0.65,0.11,0.44,0.0168,0
125,510,387,0.12,0.8,0.08,0.51,0.0231,0
44,735,906,4.16,0.82,0.33,0.78,0.015,1
79,182,4228,2.98,0.51,0.99,0.63,0.0011,1
699,6,241,0.02,0.52,0.03,0.29,0.0061,0
578,1662,1970,11.9,0.93,0.29,0.71,0.0513,0
1626,118,220,0.84,0.88,0.01,0.35,0.0662,0
594,726,649,2.85,0.69,0.27,0.74,0.0177,1
36,305,5705,0.71,0.44,0.82,0.37,0.0039,1
1390,659,2954,14.51,0.66,0.82,0.54,0.0078,1
20,30,5219,9.45,0.19,0.78,0.83,0.0009,1
200,49,90,0.04,0.37,0.06,0.23,0.0373,0
4,72,1963,16.78,0.41,0.75,0.79,0.0017,1
970,192,234,1.8,0.77,0.12,0.36,0.1216,0
41,164,7958,2.13,0.36,0.82,0.54,0.0033,1
79,498,6236,1.67,0.34,0.96,0.7,0.0024,1
1214,6032,2702,7.65,0.86,0.38,0.62,0.0167,0
359,372,950,2.54,0.83,0.51,0.73,0.0074,1
154,293,585,1.85,0.95,0.01,0.16,0.1235,0
444,116,1222,1.77,0.68,0.32,0.44,0.0106,1
42,14,5631,9.97,0.4,0.96,0.71,0.0002,1
1052,1078,2826,19.01,0.62,0.74,0.61,0.0038,1
43,148,6500,0.49,0.44,0.8,0.48,0.0017,1
1308,996,1987,1.4,0.93,0.01,0.57,0.0301,0
880,790,3322,23.74,0.62,0.78,0.5,0.0022,1
513,787,1714,5.49,0.8,0.51,0.75,0.0162,1
109,85,6260,1.71,0.49,0.84,0.54,0.0009,1
676,68,225,0.03,0.26,0.09,0.33,0.003,0
546,1289,2952,13.57,0.91,0.39,0.73,0.0202,0
38,321,4294,2.62,0.58,0.95,0.56,0.0007,1
874,66303,493,8.78,0.91,0.33,0.72,0.0247,0
267,249,336,1.2,0.77,0.0,0.38,0.1065,0
100,133,243,0.18,0.99,0.03,0.43,0.0481,0
5,7,2278,10.01,0.3,0.86,0.89,0.003,1
104,372,490,5.59,0.77,0.43,0.62,0.0037,1
14,16,40,1.65,0.45,0.24,0.48,0.0976,0
186,397,669,4.67,0.79,0.33,0.62,0.0072,1
553,495,462,0.46,0.79,0.2,0.37,0.0895,0
5,85,4808,10.83,0.47,0.65,0.82,0.0002,1
698,4282,810,4.24,0.96,0.21,0.61,0.0157,0
504,754,1038,0.63,0.94,0.02,0.53,0.103,0
256,3662,1501,9.66,0.93,0.44,0.56,0.0737,0
846,1767,3040,16.81,0.96,0.36,0.34,0.0755,0
541,2554,2580,15.69,0.87,0.37,0.32,0.0618,0
569,34,37,0.01,0.44,0.02,0.25,0.0246,0
341,184,232,1.06,0.97,0.33,0.45,0.0212,0
392,115,246,0.71,0.81,0.07,0.27,0.2242,0
79,73,4265,0.65,0.63,0.78,0.64,0.0029,1
1974,719,1599,17.56,0.74,0.76,0.52,0.0028,1
294,363,2039,15.02,0.9,0.37,0.35,0.0359,0
234,33,48,0.03,0.56,0.03,0.21,0.0184,0
117,29,245,0.02,0.47,0.05,0.33,0.007,1
172,36,244,0.02,0.33,0.04,0.16,0.0146,0
409,729,1211,4.43,0.68,0.43,0.62,0.0037,1
206,403,324,0.2,0.96,0.01,0.62,0.0603,0
36,95,1750,16.23,0.2,0.72,0.78,0.001,1
384,515,396,3.62,0.83,0.35,0.61,0.0149,1
338,792,961,0.63,0.93,0.08,0.33,0.037,0
6,72,5829,19.91,0.35,0.67,0.9,0.0024,1
155,1628,2627,1.8,0.94,0.02,0.58,0.1968,0
258,4294,574,16.42,0.99,0.41,0.55,0.0755,0
830,776,1787,13.48,0.77,0.71,0.52,0.0031,1
474,612,1081,5.76,0.73,0.41,0.73,0.0189,1
192,227,285,1.85,0.94,0.05,0.33,0.0336,0
536,558,1356,2.67,0.6,0.34,0.44,0.0067,1
316,48,235,0.03,0.56,0.01,0.11,0.0349,0
768,413,895,2.3,0.79,0.04,0.54,0.0368,0
180,229,473,1.17,0.94,0.11,0.44,0.0235,0
78,346,6898,2.12,0.35,0.98,0.63,0.0016,1
2737,1659,946,11.72,0.96,0.37,0.73,0.0202,0
235,396,1525,3.67,0.67,0.54,0.5,0.0155,1
624,711,2405,14.64,0.99,0.32,0.75,0.0428,0
165,562,1660,1.71,0.79,0.39,0.54,0.0149,1
234,78,204,0.04,0.5,0.09,0.2,0.0108,0
27,19,84,1.63,0.45,0.14,0.49,0.026,0
149,255,196,0.59,0.87,0.0,0.61,0.1132,0
2047,317,4854,9.46,0.7,0.65,0.84,0.0093,1
985,1653,2600,4.2,0.87,0.26,0.57,0.0278,0
609,206,399,0.11,1.0,0.06,0.35,0.005,0
241,349,705,0.15,0.82,0.11,0.45,0.1334,0
476,304,1353,2.78,0.87,0.48,0.46,0.0152,1
784,963,739,1.34,1.0,0.01,0.52,0.0406,0
92,404,499,1.69,0.85,0.04,0.51,0.1975,1
184,500,1226,4.74,0.89,0.3,0.42,0.0083,1
26,22,100,0.23,0.42,0.26,0.39,0.0756,0
416,248,1141,4.45,0.87,0.27,0.45,0.0089,1
2108,861,2544,13.89,0.81,0.72,0.85,0.0092,1
451,332,695,1.16,0.87,0.05,0.48,0.1199,0
329,42,133,0.04,0.52,0.0,0.05,0.005,0
321,397,1013,1.59,0.6,0.47,0.41,0.0077,1
423,722,583,3.27,0.74,0.31,0.42,0.0089,1
10,36,3363,26.31,0.41,0.68,0.92,0.0003,1
371,1412,2927,16.49,0.96,0.37,0.49,0.0328,0
491,327,1590,3.55,0.69,0.5,0.79,0.019,1
15,19,5027,12.29,0.48,0.86,0.83,0.0003,1
51,197,5299,2.96,0.44,0.76,0.5,0.0035,1
2023,386,2676,6.66,0.6,0.53,0.72,0.0026,1
375,372,431,1.37,0.76,0.03,0.56,0.0263,0
576,126,1678,5.15,0.86,0.26,0.55,0.0037,1
249,12,141,0.01,0.6,0.09,0.32,0.0312,0
796,733,1295,8.05,0.86,0.24,0.38,0.075,0
175,14,79,0.05,0.4,0.0,0.31,0.0052,0
1793,633,4357,9.21,0.79,0.53,0.76,0.0021,1
1402,78,128,0.57,0.75,0.12,0.26,0.1327,0
13,101,4054,2.59,0.53,0.76,0.46,0.003,1
5,4,4881,33.05,0.28,0.73,0.9,0.0004,1
1725,320,2748,9.47,0.56,0.63,0.81,0.006,1
2,88,1604,32.42,0.36,0.73,0.79,0.0036,1
662,48,220,0.02,0.56,0.04,0.35,0.0088,0
243,97,175,2.52,1.0,0.02,0.18,0.054,0
1780,808,2552,18.85,0.69,0.65,0.65,0.0081,1
425,19,108,0.03,0.53,0.04,0.3,0.0062,0
261,7557,1832,16.61,0.9,0.26,0.65,0.042,0
720,18,129,0.03,0.39,0.1,0.33,0.0318,0
3,31,1859,9.36,0.32,0.79,0.93,0.0018,1
337,3940,3263,8.86,0.93,0.15,0.39,0.0264,0
1534,141,233,0.99,0.75,0.04,0.57,0.0905,0
95,291,6704,2.35,0.42,0.91,0.42,0.003,1
1188,205,4399,16.7,0.66,0.85,0.65,0.0055,1
763,350,544,1.71,0.86,0.04,0.42,0.1502,0
674,8387,1750,9.99,0.95,0.4,0.7,0.0697,0
8,34,2671,11.34,0.21,0.92,0.74,0.0011,1
351,288,364,4.01,0.87,0.5,0.57,0.0138,1
599,537,1684,5.18,0.72,0.35,0.73,0.0147,1
22,20,99,1.96,0.36,0.42,0.4,0.0698,0
443,712,608,3.59,0.88,0.33,0.42,0.0129,1
685,2732,1000,17.91,0.89,0.28,0.4,0.0568,0
549,613,1690,4.65,0.86,0.43,0.47,0.0181,1
510,28,77,0.76,0.61,0.06,0.26,0.0872,0
11,45,2177,21.6,0.3,0.78,0.9,0.0038,1
203,434,2558,10.5,0.92,0.36,0.63,0.0624,0
94,103,2246,0.22,0.59,0.87,0.51,0.0025,1
222,3271,1523,15.86,0.98,0.16,0.65,0.0477,0
691,66,268,0.05,0.58,0.06,0.21,0.0122,0
156,547,612,0.94,1.0,0.06,0.41,0.1065,0
727,599,2422,23.55,0.79,0.77,0.62,0.0095,1
425,412,1335,7.3,0.93,0.31,0.32,0.0286,0
46,256,3124,2.65,0.32,0.87,0.4,0.0021,1
370,290,665,2.13,0.78,0.53,0.44,0.0058,1
15,20,56,0.57,0.48,0.41,0.27,0.0302,0
97,795,957,2.72,0.76,0.3,0.53,0.0151,1
487,343,460,0.28,0.96,0.04,0.59,0.0542,0
234,730,1005,3.57,0.81,0.3,0.6,0.0105,1
212,59,117,0.24,0.74,0.22,0.64,0.1485,0
14,11,3128,12.38,0.27,0.96,0.81,0.0023,1
712,73,104,0.04,0.44,0.09,0.32,0.0168,0
1,82,1354,18.61,0.37,0.65,0.88,0.0029,1
294,52,213,0.04,0.47,0.07,0.15,0.0369,0
1864,238,4427,8.31,0.84,0.84,0.54,0.0056,1
360,244,350,3.64,0.97,0.06,0.19,0.0719,0
323,37,47,0.03,0.46,0.01,0.14,0.0175,0
466,241,379,0.63,0.68,0.01,0.44,0.1547,0
714,363,260,2.7,0.95,0.04,0.21,0.0638,0
49,13,2183,10.7,0.41,0.71,0.86,0.0004,1
218,1075,1120,1.86,0.71,0.02,0.26,0.1168,0
548,54,82,0.03,0.55,0.0,0.17,0.0386,0
1175,5061,2592,17.74,0.93,0.23,0.72,0.0604,0
81,248,4467,1.82,0.37,0.83,0.41,0.0043,1
410,13076,2058,16.37,0.9,0.34,0.67,0.0319,0
94,140,2288,2.13,0.37,0.87,0.56,0.0041,1
1470,1198,2176,13.33,0.64,0.75,0.66,0.0076,0
2214,5444,923,4.55,0.93,0.29,0.65,0.062,0
79,41,2740,8.11,0.19,0.77,0.91,0.0016,1
26,159,3498,1.98,0.52,0.77,0.67,0.0026,1
156,11,295,0.01,0.48,0.04,0.32,0.0069,0
146,115,233,2.57,0.78,0.11,0.38,0.0644,0
438,559,856,1.97,0.76,0.36,0.61,0.0175,1
27,478,7114,0.68,0.56,0.91,0.66,0.0017,1
297,434,506,3.05,0.86,0.37,0.42,0.0041,1
41,82,3931,8.11,0.49,0.86,0.83,0.0038,1
24,124,6452,2.14,0.51,0.89,0.58,0.0032,1
324,195,1123,1.54,0.89,0.26,0.4,0.0176,1
6,12,13,0.33,0.49,0.33,0.49,0.0342,0
262,40,227,0.02,0.59,0.08,0.15,0.0266,0
167,44,137,0.03,0.33,0.09,0.16,0.0028,0
1,85,3908,43.59,0.29,0.75,0.85,0.0039,1
466,791,958,2.42,0.9,0.46,0.65,0.0085,1
635,24,140,0.01,0.52,0.05,0.11,0.0344,0
1154,13798,1359,16.37,0.93,0.42,0.73,0.029,0
12,254,4442,2.18,0.48,0.76,0.52,0.0024,1
1934,159,4444,20.95,0.74,0.84,0.65,0.0062,0
10,77,2125,8.05,0.26,0.96,0.74,0.0022,1
5,80,4586,30.99,0.48,0.65,0.83,0.004,1
25,15,4844,10.9,0.49,0.96,0.84,0.0023,1
127,117,253,0.5,0.71,0.05,0.57,0.0771,0
658,372,527,0.42,0.88,0.25,0.44,0.054,0
33,312,6528,1.47,0.48,0.82,0.61,0.0021,1
290,680,381,0.44,1.0,0.34,0.18,0.0063,0
204,47,122,0.34,0.87,0.02,0.51,0.0874,0
199,62,85,1.76,0.87,0.05,0.5,0.0801,0
946,543,934,2.55,0.72,0.05,0.56,0.0785,0
130,436,742,1.19,0.87,0.15,0.39,0.1941,0
35,58,1569,8.68,0.38,0.89,0.73,0.0033,1
103,714,375,0.55,0.77,0.01,0.23,0.1344,1
29,9,110,0.18,0.37,0.39,0.2,0.0139,0
158,224,141,1.24,0.75,0.15,0.36,0.0538,1
178,69,262,0.03,0.45,0.07,0.27,0.0207,0
477,225,1051,1.75,0.73,0.46,0.57,0.003,1
378,33,293,0.01,0.39,0.03,0.12,0.0312,0
400,1665,2768,13.61,0.93,0.2,0.33,0.0239,0
602,68,291,0.01,0.28,0.06,0.29,0.0058,0
710,517,274,2.29,0.72,0.01,0.35,0.0499,0
477,629,1087,2.38,0.9,0.01,0.55,0.1521,0
670,67,174,0.03,0.57,0.01,0.12,0.0137,1
541,140,171,0.83,0.65,0.16,0.17,0.1486,0
302,226,227,1.87,0.46,0.1,0.45,0.0852,0
292,193,277,0.92,0.66,0.1,0.55,0.0658,0
351,414,786,0.24,0.64,0.04,0.25,0.0458,0
3,54,2593,17.26,0.36,0.94,0.95,0.0036,1
280,216,736,5.13,0.89,0.36,0.46,0.0185,1
75,134,5075,2.72,0.64,0.84,0.43,0.0009,1
16,81,1393,35.73,0.36,0.78,0.87,0.0035,1
91,5572,7193,2.07,0.76,0.01,0.17,0.0835,0
43,71,5606,14.1,0.33,0.67,0.74,0.0036,1
272,607,1673,5.28,0.81,0.39,0.51,0.0103,1
116,474,2716,0.6,0.56,0.86,0.65,0.0017,1
1972,865,4259,15.67,0.74,0.58,0.53,0.0041,1
150,150,169,0.38,0.92,0.09,0.33,0.0085,0
296,3411,2649,0.39,0.61,0.01,0.63,0.0342,0
11,482,6407,1.27,0.51,0.78,0.61,0.0021,1
858,610,4571,17.72,0.78,0.8,0.61,0.0072,1
484,2098,677,13.07,0.86,0.5,0.58,0.0411,0
626,54,53,0.04,0.56,0.02,0.22,0.0249,0
86,414,3330,2.21,0.3,0.87,0.47,0.0043,1
204,37,64,0.04,0.36,0.05,0.06,0.021,0
336,548,1750,5.14,0.66,0.47,0.73,0.0174,0
1439,43,78,1.19,1.0,0.01,0.61,0.0799,0
5,19,61,0.76,0.4,0.32,0.44,0.0497,0
21,24,102,0.61,0.65,0.17,0.22,0.0325,0
200,229,3259,14.54,0.89,0.19,0.38,0.0551,0
506,78,38,0.03,0.31,0.05,0.17,0.0036,0
317,601,1292,4.96,0.81,0.28,0.74,0.0061,1
103,509,1434,4.28,0.85,0.48,0.75,0.008,1
176,279,556,1.56,0.98,0.22,0.51,0.0747,0
212,375,405,0.51,0.72,0.01,0.56,0.0058,0
681,78,93,0.0,0.54,0.06,0.3,0.0124,0
109,323,6326,2.44,0.35,0.75,0.62,0.0046,1
761,2429,3290,5.14,0.94,0.33,0.37,0.0178,0
558,555,1006,2.47,0.79,0.52,0.7,0.0133,1
448,112,523,4.05,0.7,0.48,0.46,0.0117,1
1765,187,4908,9.67,0.65,0.83,0.84,0.0056,0
81,706,1117,2.51,0.74,0.27,0.59,0.0075,1
76,234,4350,2.2,0.61,0.94,0.53,0.001,1
218,92,200,2.34,0.65,0.16,0.4,0.0856,0
876,1193,3752,14.63,0.77,0.84,0.57,0.0024,1
2,24,5513,23.95,0.26,0.93,0.76,0.0015,1
187,460,775,1.55,0.79,0.1,0.64,0.0776,0
299,11,93,0.0,0.44,0.06,0.24,0.0364,0
191,460,669,2.23,0.69,0.44,0.42,0.0164,1
375,143,110,0.63,1.0,0.03,0.2,0.0882,0
302,802,1194,1.52,0.6,0.04,0.51,0.081,1
568,2520,1241,13.15,0.86,0.27,0.74,0.0229,0
363,2239,609,8.73,0.88,0.48,0.71,0.0716,0
1959,256,1754,13.34,0.96,0.25,0.44,0.0609,0
93,541,874,4.41,0.7,0.34,0.42,0.0193,1
220,717,1307,4.39,0.79,0.47,0.77,0.0188,1
852,895,1766,0.3,0.87,0.03,0.46,0.1156,0
25,16,4406,36.37,0.28,0.7,0.87,0.0018,1
458,95,164,0.12,0.85,0.32,0.36,0.023,0
441,3635,2254,12.78,0.9,0.29,0.62,0.0705,0
326,72,168,0.04,0.48,0.04,0.23,0.0088,1
179,79,131,2.3,0.79,0.08,0.21,0.0684,0
488,549,1054,0.26,0.66,0.07,0.4,0.0686,0
4,98,2276,27.93,0.36,0.69,0.73,0.0003,1
497,24,289,0.01,0.28,0.05,0.11,0.0177,0
248,110,1469,5.73,0.76,0.54,0.66,0.0052,1
638,813,1565,0.24,0.86,0.07,0.39,0.0563,0
36,19,269,0.03,0.36,0.09,0.13,0.0244,0
6,98,1363,28.52,0.34,0.89,0.82,0.0032,1
101,28,153,0.03,0.49,0.09,0.07,0.0367,0
398,173,367,0.5,1.0,0.01,0.42,0.0213,0
173,260,369,2.77,0.57,0.07,0.29,0.0809,0
28,63,5910,70.17,0.28,0.78,0.85,0.0033,1
512,1562,1738,12.27,0.97,0.24,0.63,0.0587,0
199,30,135,0.03,0.57,0.05,0.27,0.0194,0
97,365,529,1.46,1.0,0.18,0.33,0.0333,0
476,105,580,3.05,0.78,0.53,0.66,0.0128,1
866,174,294,0.85,0.71,0.1,0.41,0.0596,0
32,124,6558,2.51,0.44,0.89,0.54,0.0031,1
318,1086,2239,1.93,0.93,0.04,0.33,0.0691,0
1811,1033,2465,10.82,0.68,0.76,0.52,0.0082,1
9,51,1981,12.82,0.3,0.7,0.76,0.0002,1
16,45,2064,27.0,0.38,0.71,0.8,0.0037,1
22,91,3731,33.01,0.44,0.84,0.7,0.0033,0
692,75,256,0.04,0.44,0.07,0.3,0.0394,0
1202,363,3444,13.04,0.61,0.56,0.57,0.0076,1
16,61,3542,21.01,0.49,0.94,0.71,0.0034,1
163,795,1487,5.77,0.66,0.32,0.45,0.0154,1
356,399,667,0.43,0.94,0.24,0.45,0.0337,1
307,405,2012,9.47,0.93,0.18,0.56,0.0164,0
937,1903,3307,6.36,0.92,0.47,0.67,0.0467,0
3094,957,2186,6.14,0.86,0.34,0.74,0.0611,0
565,578,1459,1.72,0.67,0.47,0.62,0.0034,1
2193,1137,3857,16.14,0.6,0.72,0.74,0.006,1
26,231,4513,1.72,0.5,0.97,0.42,0.0036,1
206,10056,508,11.79,0.96,0.3,0.45,0.0746,0
194,86,97,0.91,1.0,0.05,0.16,0.0287,0
459,586,323,5.72,0.83,0.39,0.65,0.0116,1
586,783,474,1.54,0.65,0.4,0.7,0.0168,1
295,851,377,0.19,0.87,0.0,0.44,0.0237,0
838,245,372,0.41,0.85,0.01,0.16,0.1283,0
130,135,220,2.89,0.87,0.21,0.4,0.17,0
105,11,263,0.04,0.46,0.05,0.35,0.0091,0
212,292,338,1.9,0.98,0.05,0.18,0.1805,0
525,7,275,0.04,0.28,0.09,0.3,0.028,0
661,26,204,0.0,0.32,0.07,0.12,0.0335,0
525,30,283,0.01,0.57,0.07,0.06,0.024,0
585,671,1101,5.95,0.68,0.41,0.47,0.0105,1
206,3389,5432,3.35,0.81,0.02,0.35,0.0632,0
490,305,471,3.08,0.6,0.04,0.26,0.1156,0
27,3,10,1.04,0.37,0.21,0.23,0.0278,0
177,18,206,0.0,0.32,0.06,0.32,0.0323,0
303,796,1424,4.78,0.61,0.27,0.65,0.0157,0
182,132,141,0.95,0.83,0.16,0.23,0.1014,0
9,1,59,1.34,0.57,0.32,0.22,0.0643,0
729,57,197,0.03,0.29,0.03,0.24,0.0135,0
15,83,1412,16.27,0.46,0.85,0.85,0.0032,1
378,59,81,0.98,0.61,0.06,0.3,0.0123,0
431,9964,2237,16.31,0.93,0.48,0.37,0.0332,0
899,181,263,0.56,0.88,0.18,0.48,0.0379,0
1936,595,2593,24.41,0.63,0.62,0.77,0.0047,1
692,2046,789,8.25,1.0,0.21,0.47,0.0551,0
27,10,47,0.11,0.6,0.41,0.3,0.04,1
265,417,2179,13.77,0.9,0.4,0.36,0.0447,0
229,66,188,0.02,0.28,0.04,0.31,0.0396,0
633,1389,2203,5.44,0.47,0.06,0.57,0.0529,0
1965,246,3400,22.08,0.83,0.56,0.76,0.007,1
253,3419,2803,7.31,0.98,0.42,0.6,0.0285,0
347,1229,1889,15.11,0.88,0.32,0.36,0.0418,0
664,53,263,0.04,0.41,0.03,0.18,0.0182,0
310,146,228,1.58,0.72,0.04,0.65,0.0653,0
11,24,4942,8.37,0.15,0.91,0.84,0.0002,1
316,32,258,0.02,0.53,0.02,0.07,0.0035,1
81,534,1489,4.07,0.9,0.54,0.6,0.0046,1
416,955,1370,9.14,0.99,0.2,0.33,0.0658,0
24,22,25,1.06,0.47,0.21,0.42,0.0597,0
1166,785,4363,17.57,0.56,0.67,0.74,0.0053,1
891,342,2088,16.93,0.57,0.61,0.69,0.0064,1
577,889,1849,1.1,0.85,0.1,0.51,0.0809,0
401,27,55,0.03,0.49,0.1,0.21,0.0306,0
279,1857,2138,4.97,0.72,0.06,0.43,0.0299,0
50,50,5128,22.64,0.2,0.96,0.92,0.0012,1
266,1282,673,14.91,0.95,0.42,0.49,0.0628,0
362,591,1035,2.78,0.87,0.0,0.32,0.0675,0
382,849,2930,17.46,0.88,0.31,0.39,0.0587,0
797,688,1795,20.69,0.81,0.8,0.63,0.0079,1
109,947,564,0.4,1.0,0.1,0.25,0.0219,0
569,364,501,4.64,0.72,0.36,0.73,0.0045,1
35,395,2709,2.68,0.47,0.83,0.6,0.0046,1
41,54,2292,11.86,0.19,0.66,0.74,0.0009,1
143,296,663,0.95,0.91,0.05,0.46,0.0777,0
200,16,84,0.05,0.48,0.05,0.05,0.0059,0
701,464,464,1.62,0.72,0.0,0.39,0.0458,0
237,2754,2726,0.58,0.98,0.06,0.35,0.0684,0
521,745,727,3.47,0.77,0.54,0.65,0.013,1
524,435,1652,4.89,0.75,0.26,0.56,0.0098,1
109,117,254,2.43,0.64,0.1,0.38,0.1063,0
678,25,30,0.01,0.51,0.1,0.18,0.0228,0
1981,774,3167,11.97,0.58,0.83,0.53,0.0074,1
284,670,659,0.6,0.76,0.09,0.16,0.0315,0
324,1581,2572,0.22,0.98,0.25,0.54,0.0358,0
11,7,78,0.26,0.48,0.3,0.35,0.0726,0
162,1172,2422,0.75,0.59,0.19,0.18,0.1129,0
483,472,607,4.87,0.82,0.34,0.47,0.0136,1
203,350,747,2.47,0.92,0.05,0.54,0.0148,0
1043,1368,2718,15.06,0.93,0.42,0.49,0.0698,0
28,56,3533,56.29,0.4,0.71,0.8,0.0021,1
549,694,1412,3.79,0.74,0.31,0.59,0.0062,1
379,147,90,4.8,0.68,0.07,0.28,0.089,0
228,403,638,2.09,0.64,0.05,0.63,0.0503,0
395,221,202,2.97,0.91,0.23,0.25,0.098,0
153,138,159,2.25,0.75,0.07,0.36,0.0723,0
487,561,504,0.95,0.72,0.05,0.17,0.1639,0
95,322,438,1.5,0.76,0.0,0.61,0.0735,1
568,753,1547,1.3,0.9,0.02,0.32,0.0735,0
507,334,725,0.48,0.87,0.2,0.54,0.134,1
56,403,4911,0.83,0.57,0.92,0.42,0.0049,1
1415,832,2279,9.91,0.73,0.55,0.73,0.0066,1
1337,1210,2294,13.85,0.87,0.27,0.61,0.0514,0
1029,627,3099,10.59,0.72,0.66,0.85,0.0063,1
395,366,589,2.98,0.72,0.33,0.54,0.0145,1
197,321,554,0.59,0.84,0.01,0.33,0.1337,0
199,1977,2608,1.01,0.91,0.3,0.58,0.0378,0
340,641,473,5.47,0.87,0.32,0.71,0.0146,1
543,738,691,0.22,0.73,0.19,0.46,0.1041,0
590,104,586,2.29,0.72,0.36,0.5,0.02,1
204,148,102,3.08,0.77,0.26,0.54,0.0406,0
267,136,1650,5.09,0.61,0.5,0.53,0.0147,1
441,41,299,0.04,0.36,0.08,0.18,0.0191,0
1984,1522,2398,2.45,1.0,0.15,0.47,0.0415,0
55,73,173,0.04,0.43,0.04,0.32,0.0228,0
564,7371,1465,9.66,0.92,0.42,0.59,0.0434,0
698,2066,1907,12.64,0.92,0.35,0.43,0.0253,0
189,212,258,0.44,0.64,0.0,0.33,0.0318,1
164,183,158,0.83,0.96,0.11,0.51,0.1358,0
5,8,71,1.58,0.5,0.17,0.24,0.0926,0
20,375,7908,1.07,0.49,0.91,0.59,0.0025,1
965,319,2739,17.55,0.7,0.85,0.6,0.0078,1
606,29,152,0.04,0.58,0.08,0.29,0.0351,0
138,698,614,3.16,0.71,0.36,0.59,0.0049,1
573,1648,763,14.98,0.9,0.17,0.38,0.0152,0
22,76,5482,35.72,0.3,0.92,0.92,0.0009,1
90,165,6107,2.06,0.47,0.79,0.61,0.0028,1
1550,417,3003,12.88,0.62,0.81,0.79,0.007,1
166,214,173,0.59,0.94,0.01,0.64,0.1137,0
248,38,65,0.02,0.38,0.04,0.19,0.0055,0
191,229,111,2.24,0.68,0.12,0.56,0.072,0
213,763,1782,14.75,0.98,0.34,0.68,0.075,0
551,9126,1006,7.69,0.93,0.15,0.72,0.0766,0
327,32,67,0.6,0.64,0.05,0.27,0.0155,0
112,184,4559,1.17,0.51,0.96,0.54,0.0026,1
114,358,544,1.21,0.81,0.1,0.17,0.0573,0
671,484,545,3.24,0.75,0.04,0.49,0.0306,0
36,93,5696,20.52,0.25,0.81,0.94,0.0024,1
12,28,1573,9.77,0.31,0.7,0.94,0.0038,1
29,5,3734,11.67,0.25,0.7,0.96,0.0021,1
978,3734,2857,8.61,0.87,0.26,0.53,0.0401,0
119,66,5910,20.56,0.42,0.76,0.79,0.0036,1
127,43,295,0.03,0.44,0.03,0.09,0.0089,0
24,90,3760,30.86,0.45,0.74,0.86,0.0008,1
287,584,741,2.66,0.87,0.29,0.59,0.0129,1
203,946,2440,11.26,0.91,0.31,0.51,0.0732,0
741,646,533,1.64,0.76,0.14,0.33,0.0423,0
176,776,348,0.12,0.51,0.02,0.23,0.0588,0
139,290,447,1.22,1.0,0.03,0.56,0.0543,0
111,208,135,0.26,0.88,0.05,0.33,0.0518,0
149,179,216,1.53,0.72,0.08,0.54,0.0284,0
42,416,4601,2.16,0.6,0.95,0.61,0.0022,1
1261,673,495,0.38,1.0,0.06,0.47,0.0152,0
1027,165,370,0.19,0.81,0.09,0.52,0.0601,0
9,69,4124,26.71,0.3,0.78,0.95,0.0009,1
449,148,1000,3.29,0.67,0.46,0.79,0.0182,1
358,578,691,2.91,0.7,0.4,0.65,0.0154,1
183,408,317,5.77,0.66,0.51,0.63,0.0189,1
212,245,1098,3.35,0.86,0.31,0.72,0.0168,1
267,1151,1468,0.32,0.81,0.01,0.28,0.0731,0
96,292,730,3.5,0.87,0.48,0.53,0.0124,1
99,181,4412,0.24,0.57,0.98,0.44,0.0012,1
20,57,4819,21.78,0.17,0.7,0.76,0.0004,1
638,2124,1705,2.02,0.84,0.02,0.54,0.0963,0
96,413,4514,1.15,0.46,0.9,0.42,0.0027,1
446,2451,633,7.44,0.85,0.35,0.43,0.0263,0
625,1014,2189,14.61,0.88,0.23,0.31,0.0565,0
1082,2770,2811,9.88,0.87,0.33,0.71,0.0544,0
98,422,540,0.37,0.9,0.04,0.23,0.2176,0
155,244,255,1.84,0.77,0.08,0.58,0.005,1
25,12,58,0.36,0.51,0.4,0.3,0.053,0
551,740,462,2.17,0.85,0.44,0.46,0.0059,1
76,124,6251,1.55,0.37,0.76,0.58,0.0049,1
107,140,266,0.14,0.83,0.07,0.28,0.0906,1
253,39,183,0.04,0.53,0.09,0.12,0.0301,0
20,41,4659,12.97,0.39,0.88,0.75,0.0018,1
99,165,4722,2.56,0.45,0.97,0.59,0.0048,1
14,8,114,0.53,0.3,0.35,0.41,0.0306,0
584,793,850,5.91,0.8,0.33,0.7,0.0129,1
451,1123,1500,13.17,0.94,0.25,0.48,0.0335,0
1135,1065,1546,16.28,0.69,0.8,0.56,0.0033,1
453,601,529,2.98,0.79,0.54,0.72,0.0094,1
437,362,635,2.74,0.79,0.28,0.67,0.0069,1
107,451,7802,2.13,0.36,0.89,0.42,0.0012,1
13,19,30,1.89,0.57,0.17,0.2,0.0467,0
17,249,2988,0.73,0.45,0.99,0.56,0.0027,1
329,8,148,0.0,0.26,0.07,0.13,0.0354,0
643,11,74,0.03,0.43,0.09,0.32,0.0145,0
17,15,3163,30.44,0.33,0.85,0.9,0.0029,1
53,590,543,5.1,0.88,0.49,0.6,0.0172,1
160,83,102,0.72,0.77,0.46,0.33,0.0839,0
283,126,100,1.2,0.76,0.08,0.54,0.072,0
154,324,581,1.52,0.68,0.14,0.36,0.0201,0
357,389,613,2.19,0.96,0.04,0.33,0.1345,0
96,640,1241,1.59,0.68,0.37,0.52,0.0137,1
203,394,950,4.43,0.66,0.46,0.52,0.0064,1
311,1977,2968,11.47,0.88,0.33,0.62,0.0193,0
600,2855,4181,0.84,0.59,0.34,0.17,0.0214,0
1266,196,377,0.24,0.94,0.02,0.43,0.0799,0
2021,998,3287,6.18,0.69,0.73,0.73,0.0096,1
1661,155,1763,23.46,0.72,0.78,0.83,0.0066,1
33,179,5838,1.56,0.6,0.82,0.5,0.0032,1
733,1001,4860,21.91,0.73,0.6,0.7,0.0055,1
536,59,88,0.04,0.55,0.03,0.18,0.0051,0
19,74,5598,63.63,0.4,0.67,0.88,0.002,1
379,531,417,4.65,0.72,0.29,0.68,0.019,1
480,4607,1651,17.12,0.96,0.31,0.45,0.0211,0
707,1438,2199,14.4,0.85,0.25,0.42,0.0489,0
607,16,42,0.05,0.6,0.06,0.25,0.0288,0
366,152,929,15.59,0.92,0.38,0.41,0.04,0
241,69,127,0.62,0.84,0.1,0.44,0.0374,0
1831,1000,1309,16.5,0.95,0.45,0.37,0.0739,0
21,445,7322,2.69,0.44,0.98,0.49,0.001,1
253,591,521,4.24,0.72,0.29,0.75,0.0123,1
455,3467,2073,11.21,0.97,0.45,0.67,0.0733,0
209,240,333,4.11,0.65,0.31,0.49,0.0155,1
305,65,189,0.01,0.46,0.08,0.2,0.0205,0
1958,1181,1517,7.02,0.92,0.2,0.38,0.0724,0
17,16,6,0.76,0.4,0.22,0.47,0.0408,0
883,2066,1597,16.5,1.0,0.39,0.74,0.0337,0
191,676,520,5.06,0.86,0.44,0.69,0.0075,1
65,585,1440,4.01,0.67,0.36,0.57,0.0033,0
1758,554,2946,15.48,0.92,0.35,0.72,0.0642,0
115,1159,996,2.59,0.69,0.02,0.16,0.0322,0
112,239,431,1.87,0.82,0.02,0.37,0.0819,0
879,177,2638,17.39,0.56,0.64,0.64,0.0088,1
61,435,1424,2.77,0.74,0.36,0.73,0.018,1
66,16,236,0.0,0.46,0.02,0.06,0.0189,0
304,15518,3393,4.87,0.99,0.33,0.41,0.0388,0
548,73,62,0.02,0.39,0.01,0.06,0.0349,0
128,1055,1367,0.7,1.0,0.1,0.45,0.1948,0
215,51,106,1.37,0.93,0.05,0.54,0.0391,0
219,92,171,0.13,0.63,0.1,0.59,0.0661,0
444,517,420,0.2,1.0,0.07,0.63,0.0209,0
14,38,5704,29.16,0.33,0.67,0.97,0.0016,1
1714,984,3423,24.7,0.55,0.8,0.79,0.0041,1
496,500,2335,11.01,0.96,0.43,0.73,0.0614,0
150,288,548,1.11,0.56,0.01,0.52,0.0705,0
480,46,59,0.02,0.35,0.03,0.25,0.0082,0
391,712,729,4.57,0.78,0.31,0.76,0.0163,1
6,18,64,0.29,0.42,0.41,0.35,0.0843,1
399,531,1252,3.85,0.78,0.26,0.56,0.0083,1
20,16,3554,41.1,0.37,0.82,0.92,0.0013,1
579,181,263,0.63,0.85,0.01,0.47,0.0727,0
1935,835,4640,11.89,0.59,0.63,0.51,0.0061,1
1364,369,691,0.73,0.66,0.02,0.56,0.0846,0
105,432,461,1.23,0.92,0.2,0.46,0.0634,0
239,558,733,4.34,0.89,0.49,0.61,0.0176,1
511,30,215,0.03,0.47,0.02,0.12,0.0078,0
731,280,541,0.55,1.0,0.06,0.48,0.1274,0
12,83,5501,14.98,0.36,0.76,0.88,0.0009,1
10,38,1342,14.02,0.43,0.75,0.95,0.0014,1
455,193,439,0.9,0.75,0.02,0.4,0.0634,0
34,7,3835,22.2,0.47,0.94,0.75,0.0025,1
242,540,2027,14.76,0.87,0.22,0.71,0.0156,0
248,22,39,0.71,0.96,0.03,0.42,0.0925,0
260,122,235,1.05,0.64,0.19,0.36,0.0588,0
457,411,1783,1.53,0.69,0.3,0.5,0.0039,1
107,181,6279,2.24,0.64,0.78,0.47,0.0013,1
459,723,991,3.51,0.8,0.31,0.49,0.0059,1
103,159,107,0.21,1.0,0.07,0.51,0.0362,0
35,25,3121,10.09,0.5,0.7,0.83,0.001,1
232,323,337,2.73,0.86,0.48,0.67,0.0055,1
27,1,65,0.68,0.57,0.19,0.49,0.0145,0
37,44,2381,36.16,0.33,0.72,0.7,0.0007,0
282,792,3395,14.78,0.98,0.27,0.53,0.0601,0
16,25,3260,34.23,0.24,0.79,0.81,0.0035,1
174,1400,1251,0.33,0.83,0.03,0.53,0.0224,0
765,6,280,0.01,0.44,0.08,0.16,0.0185,0
333,409,280,0.62,0.55,0.01,0.64,0.1222,0
118,282,6281,1.39,0.4,0.95,0.59,0.0006,1
932,118,2130,10.74,0.96,0.38,0.75,0.0379,0
686,48,136,0.01,0.32,0.08,0.22,0.0356,0
304,7551,1109,13.3,0.95,0.25,0.59,0.0691,0
471,604,1785,4.05,0.69,0.39,0.73,0.0185,1
324,345,694,0.24,0.89,0.1,0.47,0.0576,0
1,71,1462,13.72,0.16,0.72,0.75,0.0024,1
1350,8629,1446,13.2,0.87,0.33,0.57,0.0697,0
26,15,88,1.64,0.45,0.15,0.25,0.0985,0
252,596,304,1.82,0.65,0.01,0.64,0.0199,0
33,343,7480,1.24,0.49,0.8,0.55,0.0049,1
592,395,1098,5.61,0.79,0.55,0.5,0.0146,1
441,938,1033,0.38,0.76,0.17,0.36,0.1468,0
2072,1099,3336,7.89,0.58,0.53,0.78,0.0077,1
432,62,86,0.03,0.35,0.09,0.12,0.0274,0
1346,981,4756,8.79,0.8,0.54,0.82,0.0068,1
102,432,6778,1.86,0.42,0.99,0.49,0.0019,1
1145,826,4453,18.27,0.55,0.67,0.78,0.0024,1
293,13,194,0.05,0.42,0.0,0.07,0.0069,0
30,51,2734,12.62,0.29,0.79,0.71,0.0021,1
243,360,1914,8.97,0.89,0.37,0.72,0.0647,0
29,167,6874,0.42,0.61,0.96,0.68,0.0028,1
93,13,61,0.0,0.53,0.09,0.22,0.0043,0
674,310,431,0.15,0.79,0.03,0.45,0.0876,0
312,157,178,0.71,0.95,0.02,0.46,0.0919,0
373,2328,4344,0.17,0.81,0.08,0.63,0.0517,0
3,89,4346,9.0,0.33,0.68,0.7,0.0014,1
438,160,238,0.29,0.88,0.27,0.16,0.0097,0
595,596,1389,2.31,0.77,0.35,0.69,0.0057,1
151,519,1090,0.52,0.77,0.1,0.18,0.0386,0
350,568,727,0.65,1.0,0.03,0.35,0.0484,0
2131,217,2831,8.63,0.83,0.53,0.58,0.0043,1
345,565,593,0.34,0.9,0.14,0.63,0.1317,0
221,6,233,0.02,0.42,0.04,0.14,0.0262,0
16,3,32,0.45,0.35,0.21,0.34,0.0142,0
1,8,54,1.86,0.3,0.38,0.46,0.083,0
762,419,4661,24.51,0.63,0.78,0.68,0.0036,1
215,7761,1527,16.82,0.85,0.36,0.65,0.0626,0
8,25,86,0.34,0.33,0.16,0.35,0.0114,0
1069,486,2080,18.23,0.63,0.62,0.58,0.0098,1
349,261,1611,1.93,0.8,0.3,0.53,0.0152,1
175,416,762,5.33,0.85,0.36,0.72,0.0043,0
1213,179,1934,16.52,0.6,0.72,0.79,0.0035,1
191,55,268,0.03,0.39,0.05,0.13,0.0196,0
20,23,55,1.15,0.5,0.41,0.43,0.0393,0
325,149,143,0.27,0.63,0.0,0.61,0.0204,0
595,64,185,0.02,0.41,0.07,0.24,0.018,0
17,154,2813,2.97,0.58,0.83,0.62,0.0025,1
286,365,676,1.19,0.94,0.03,0.31,0.0563,0
248,418,1346,4.72,0.74,0.53,0.5,0.0127,1
22,3,39,1.56,0.58,0.1,0.33,0.0552,0
117,1285,1212,0.45,0.76,0.01,0.29,0.0731,0
310,574,692,1.34,0.67,0.08,0.21,0.0969,0
1552,650,4620,23.56,0.69,0.66,0.53,0.0037,1
118,896,1216,4.41,0.98,0.03,0.17,0.0192,0
41,77,4866,2.37,0.58,0.87,0.52,0.001,1
1834,712,4297,22.06,0.78,0.74,0.64,0.0031,1
381,591,481,3.05,1.0,0.23,0.59,0.065,0
925,5686,1914,7.35,0.88,0.33,0.4,0.0619,0
157,1028,1137,0.75,0.51,0.1,0.42,0.0488,0
682,1998,3370,15.97,0.96,0.16,0.55,0.0599,0
433,214,1044,3.67,0.67,0.51,0.71,0.0132,1
151,183,356,2.42,0.85,0.0,0.43,0.1003,0
617,1404,1452,17.24,0.93,0.4,0.61,0.08,0
488,767,1630,5.34,0.73,0.41,0.79,0.0172,1
136,196,139,1.6,1.0,0.13,0.51,0.0796,0
885,5178,2345,9.99,0.99,0.23,0.74,0.029,0
434,13,262,0.03,0.51,0.08,0.09,0.0028,0
303,42,45,3.48,0.95,0.08,0.43,0.151,1
259,1246,1676,6.89,0.93,0.29,0.35,0.0177,0
287,668,1421,0.31,0.56,0.37,0.61,0.1549,0
231,3145,3316,16.7,0.98,0.47,0.34,0.0579,0
24,4,21,1.92,0.62,0.17,0.2,0.0702,0
10,19,57,1.63,0.56,0.14,0.28,0.0242,0
309,200,475,0.46,0.8,0.19,0.15,0.0156,0
504,3225,3111,6.35,0.89,0.46,0.48,0.0314,0
244,15,248,0.02,0.31,0.02,0.1,0.0248,0
1,29,93,1.88,0.32,0.44,0.35,0.0807,0
68,223,3870,0.35,0.39,0.92,0.39,0.0029,1
14,29,4399,25.12,0.47,0.88,0.71,0.0021,1
257,29,231,0.05,0.51,0.0,0.2,0.0337,0
265,366,670,2.14,0.77,0.06,0.18,0.1664,0
515,336,1078,3.58,0.85,0.3,0.62,0.0162,0
160,194,437,1.49,0.81,0.06,0.56,0.0471,0
482,346,1777,3.6,0.61,0.31,0.68,0.0049,1
537,335,670,0.29,0.94,0.1,0.45,0.08,0
218,290,528,2.19,0.83,0.11,0.37,0.0694,0
2324,1746,3490,14.97,0.9,0.23,0.42,0.0647,0
7,11,3943,9.29,0.3,0.93,0.77,0.0035,1
1016,2164,785,11.61,0.95,0.24,0.55,0.0285,0
6,44,3458,14.75,0.44,0.76,0.78,0.0037,1
52,417,4355,0.26,0.55,0.93,0.39,0.0021,1
15,153,3747,1.2,0.39,0.91,0.58,0.0006,1
565,10,135,0.02,0.49,0.06,0.07,0.0289,0
14,76,4404,12.7,0.22,0.69,0.97,0.0012,1
945,3698,2968,3.32,0.62,0.11,0.64,0.0616,0
787,18,212,0.02,0.32,0.07,0.17,0.0274,0
27,21,8,1.86,0.46,0.25,0.49,0.0698,0
263,691,930,0.75,0.77,0.08,0.19,0.0333,0
280,159,114,0.6,0.94,0.15,0.56,0.046,0
369,54,129,0.01,0.49,0.08,0.13,0.0328,0
564,477,1120,4.76,0.8,0.51,0.47,0.0142,1
213,586,2856,14.82,0.96,0.41,0.41,0.025,0
736,28,195,0.04,0.26,0.06,0.14,0.0124,0
140,324,1605,3.76,0.63,0.35,0.42,0.012,1
591,99,138,1.4,0.75,0.02,0.48,0.0659,0
97,1375,2945,3.26,0.91,0.01,0.4,0.0915,0
411,479,1065,1.16,0.84,0.05,0.4,0.005,0
603,377,847,0.12,0.75,0.08,0.27,0.0834,0
8,66,4657,12.43,0.3,0.89,0.78,0.0024,1
18,34,4166,14.13,0.31,0.97,0.89,0.0021,1
1105,344,1331,6.48,0.92,0.25,0.46,0.0296,0
68,366,4647,1.62,0.48,0.98,0.44,0.0036,1
23,14,113,0.46,0.54,0.29,0.29,0.037,0
609,81,88,0.13,1.0,0.03,0.38,0.0631,0
47,38,188,0.04,0.3,0.01,0.31,0.0334,0
38,211,4809,1.55,0.63,0.96,0.51,0.0015,1
3,5,1614,21.98,0.35,0.88,0.85,0.0026,1
380,728,394,4.59,0.82,0.46,0.44,0.0096,1
307,6171,718,13.82,0.88,0.49,0.67,0.0381,0
1176,996,2954,8.29,0.84,0.77,0.51,0.0064,1
392,1820,650,10.98,0.89,0.33,0.33,0.0619,0
2065,314,1799,16.07,0.69,0.66,0.57,0.006,1
139,219,405,1.54,1.0,0.15,0.42,0.068,1
158,683,1350,5.18,0.88,0.49,0.78,0.0183,1
670,674,1396,0.51,0.82,0.05,0.24,0.1073,1
451,21,97,0.02,0.59,0.04,0.13,0.0236,0
1104,3586,1798,10.08,0.95,0.4,0.68,0.0638,0
195,4692,9022,1.41,0.75,0.04,0.48,0.0192,0
48,168,2796,1.09,0.4,0.99,0.55,0.0017,1
2032,598,4729,15.78,0.73,0.75,0.69,0.0046,1
19,450,4227,0.61,0.63,0.87,0.52,0.0011,1
222,205,633,5.38,0.67,0.26,0.61,0.0129,1
211,477,476,2.53,0.71,0.4,0.44,0.0047,1
183,2059,3523,0.95,0.99,0.12,0.49,0.0326,0
584,727,1420,2.8,0.85,0.37,0.46,0.0165,0
254,9024,1466,9.51,0.91,0.49,0.6,0.0174,0
33,214,4205,0.46,0.43,0.83,0.66,0.0009,1
3,77,5616,22.78,0.15,0.97,0.86,0.0028,1
22,59,4404,37.66,0.16,0.74,0.77,0.0001,1
126,1441,2633,4.81,0.88,0.11,0.42,0.1659,0
210,61,75,0.04,0.46,0.09,0.34,0.0068,0
1977,944,4034,9.46,0.82,0.5,0.58,0.0053,1
461,315,1032,3.45,0.66,0.41,0.71,0.01,1
1080,418,2992,4.89,0.88,0.46,0.7,0.0281,0
276,296,1430,5.13,0.87,0.52,0.77,0.018,1
1625,2363,2903,14.2,0.95,0.48,0.43,0.0248,0
156,447,1503,4.0,0.82,0.36,0.56,0.0167,1
373,974,1299,2.05,0.87,0.04,0.6,0.0248,0
55,54,7131,2.21,0.6,0.93,0.67,0.0045,1
143,702,614,5.59,0.6,0.38,0.41,0.0119,1
71,61,2962,1.07,0.57,0.89,0.35,0.004,1
22,19,19,0.41,0.52,0.27,0.33,0.0524,0
879,1119,3001,5.35,0.68,0.68,0.79,0.0094,1
392,527,650,0.47,0.78,0.09,0.63,0.005,0
369,420,1207,4.23,0.82,0.5,0.43,0.0112,1
1027,998,3955,13.25,0.64,0.51,0.72,0.0064,1
506,438,481,1.19,0.48,0.04,0.57,0.037,0
246,47,132,0.0,0.56,0.07,0.07,0.0334,0
408,377,519,0.33,0.82,0.08,0.28,0.0128,0
393,65,72,1.24,0.82,0.04,0.6,0.0445,0
306,267,512,0.34,0.98,0.03,0.15,0.0696,0
1766,493,3843,17.43,0.65,0.75,0.56,0.0068,1
230,14861,599,14.04,0.97,0.17,0.61,0.0733,0
564,140,685,11.64,0.89,0.41,0.51,0.0692,0
16,232,4446,2.31,0.38,0.87,0.4,0.0014,1
18,9,71,1.79,0.64,0.29,0.23,0.0727,0
10,20,87,0.28,0.66,0.11,0.33,0.0876,0
271,1777,1477,8.36,0.74,0.16,0.47,0.0114,0
8,48,4068,13.79,0.33,0.84,0.82,0.0017,1
18,28,117,1.07,0.42,0.43,0.33,0.019,0
488,493,1486,2.22,0.84,0.26,0.65,0.0088,1
65,102,5837,1.94,0.62,0.81,0.59,0.0025,1
224,317,165,2.06,0.96,0.01,0.44,0.0108,0
5,70,5036,8.12,0.3,0.75,0.73,0.0008,1
2,59,2174,9.11,0.22,0.75,0.76,0.0012,1
421,860,1046,0.69,0.82,0.26,0.17,0.1798,0
9,51,1362,58.39,0.23,0.71,0.77,0.0039,1
432,223,1394,3.66,0.63,0.26,0.49,0.0113,1
116,1056,799,0.53,0.92,0.04,0.5,0.1062,0
569,29,239,0.01,0.45,0.1,0.16,0.0037,0
107,439,781,0.91,0.78,0.01,0.5,0.043,0
183,405,791,4.33,0.71,0.44,0.44,0.0075,1
319,505,1077,5.99,0.86,0.4,0.75,0.0142,1
327,441,1601,5.11,0.86,0.55,0.43,0.0165,1
496,3241,1267,9.09,0.94,0.17,0.5,0.0545,0
77,534,1567,3.64,0.71,0.28,0.62,0.0052,1
2,56,1326,40.9,0.17,0.88,0.86,0.0008,1
131,239,1324,5.53,0.89,0.38,0.58,0.0156,1
98,363,541,0.31,0.83,0.06,0.32,0.033,1
923,182,2766,10.88,0.98,0.24,0.5,0.0205,0
48,199,5918,2.32,0.51,0.88,0.62,0.0037,1
382,449,1300,5.79,0.66,0.54,0.57,0.0184,1
4,60,4806,22.8,0.17,0.73,0.76,0.0018,1
879,1126,2934,23.43,0.79,0.82,0.54,0.0097,1
615,2792,2851,9.63,0.9,0.38,0.69,0.0591,0
48,94,4571,0.52,0.54,0.78,0.51,0.0015,1
240,42,57,0.04,0.58,0.08,0.06,0.0268,0
355,162,887,4.27,0.75,0.26,0.78,0.0045,1
114,483,4700,1.62,0.62,0.85,0.66,0.0048,1
250,9,228,0.04,0.44,0.09,0.27,0.0152,0
8,0,24,0.83,0.32,0.19,0.22,0.0234,0
82,318,7039,0.55,0.32,0.92,0.36,0.0042,1
666,16623,1025,6.35,0.95,0.46,0.66,0.0644,0
633,1706,3288,6.67,0.86,0.17,0.56,0.0265,0
690,48,89,0.0,0.46,0.07,0.13,0.0142,0
1725,268,2097,20.14,0.63,0.54,0.53,0.0029,1
399,279,904,3.49,0.75,0.25,0.43,0.0156,1
106,663,1117,0.75,1.0,0.01,0.32,0.1003,0
185,1292,684,1.27,0.73,0.1,0.16,0.0772,0
733,33,211,0.01,0.37,0.01,0.2,0.0165,1
724,712,930,1.51,0.67,0.0,0.48,0.1252,0
411,43,84,0.03,0.58,0.03,0.18,0.0121,0
278,3025,935,6.89,0.97,0.18,0.41,0.048,0
675,2258,1457,14.63,1.0,0.48,0.33,0.0165,0
247,1550,2206,10.49,0.94,0.47,0.62,0.0698,0
794,258,2832,9.8,0.86,0.3,0.65,0.0193,0
23,34,5697,15.37,0.28,0.85,0.81,0.0027,1
13,13,89,0.22,0.67,0.42,0.31,0.0209,0
775,47,162,0.01,0.57,0.02,0.12,0.0354,0
83,389,2687,1.46,0.63,0.85,0.43,0.0025,1
1618,805,1807,8.74,0.61,0.64,0.52,0.0059,1
26,1,23,0.23,0.61,0.22,0.22,0.049,1
13,53,4495,9.29,0.29,0.76,0.93,0.0025,1
233,3178,1795,4.67,0.89,0.4,0.62,0.0737,0
587,1166,2274,3.04,0.77,0.04,0.5,0.1679,0
17,96,2916,38.97,0.48,0.67,0.9,0.0022,1
110,148,5605,1.88,0.45,0.79,0.44,0.0044,1
115,467,346,0.3,0.76,0.37,0.16,0.1401,0
297,747,413,2.75,0.62,0.46,0.77,0.0159,1
645,50,254,0.02,0.46,0.09,0.16,0.0112,0
125,909,1047,1.58,0.74,0.04,0.28,0.0189,1
1100,2617,2377,11.9,0.95,0.17,0.33,0.0473,0
113,179,6832,1.87,0.6,1.0,0.36,0.0026,1
5,89,2784,57.14,0.23,0.84,0.97,0.0003,1
75,254,6319,1.42,0.53,0.96,0.58,0.001,1
339,428,2978,4.21,0.9,0.29,0.74,0.0764,0
289,193,281,0.84,0.9,0.02,0.56,0.2442,0
191,353,600,1.6,0.87,0.52,0.67,0.0081,1
60,403,2676,0.99,0.33,0.77,0.48,0.0029,1
718,51,156,0.03,0.55,0.04,0.19,0.018,0
580,1249,1773,13.69,0.93,0.49,0.68,0.0266,0
761,37,134,0.03,0.58,0.09,0.21,0.0251,0
2078,847,4419,24.46,0.56,0.85,0.6,0.0051,1
736,26,122,0.01,0.58,0.08,0.1,0.0167,0
26,13,99,1.32,0.66,0.35,0.31,0.0919,0
1,31,2103,8.51,0.36,0.79,0.82,0.0017,1
109,333,201,1.85,0.63,0.16,0.24,0.0908,0
123,427,777,0.37,0.96,0.09,0.49,0.0796,0
35,53,4469,21.2,0.41,0.68,0.94,0.0029,1
496,867,568,12.47,0.89,0.42,0.46,0.0586,0
111,251,6898,0.42,0.37,0.81,0.52,0.0029,1
35,208,6277,0.47,0.51,0.99,0.41,0.0006,1
930,820,3865,9.31,0.71,0.67,0.66,0.0045,1
1392,1107,2229,12.59,0.62,0.56,0.54,0.0023,1
28,96,2152,30.68,0.18,0.81,0.75,0.003,1
544,775,1554,5.38,0.66,0.34,0.58,0.0119,1
718,758,1154,7.62,0.98,0.22,0.71,0.0673,0
518,58,102,0.02,0.29,0.02,0.31,0.0235,0
70,333,6165,1.08,0.36,1.0,0.55,0.0012,1
863,287,4359,12.1,0.67,0.78,0.5,0.0074,1
436,5254,4825,4.12,0.74,0.04,0.31,0.0722,0
1193,685,831,16.85,0.95,0.16,0.71,0.0618,0
25,28,65,0.73,0.6,0.43,0.23,0.0576,1
43,479,332,4.46,0.82,0.37,0.5,0.004,1
287,13,101,0.05,0.59,0.09,0.32,0.0239,0
23,11,60,0.27,0.55,0.13,0.39,0.0575,0
184,270,389,0.72,1.0,0.0,0.16,0.2054,0
103,285,509,1.09,0.6,0.16,0.44,0.0929,0
58,123,7763,1.2,0.46,0.97,0.57,0.0023,1
41,18,3769,19.15,0.49,0.96,0.97,0.001,1
99,293,5114,2.05,0.45,0.84,0.54,0.0048,1
839,695,1322,7.9,0.95,0.3,0.34,0.0726,0
16,22,2942,17.3,0.37,0.73,0.77,0.0022,1
119,438,6242,1.59,0.35,0.94,0.67,0.001,1
23,83,5127,9.42,0.25,0.77,0.88,0.0016,1
198,462,812,1.59,0.86,0.06,0.45,0.0302,0
525,2865,2635,14.33,0.9,0.4,0.62,0.0355,0
482,365,482,1.44,0.7,0.04,0.31,0.015,0
1122,213,3833,19.89,0.76,0.5,0.54,0.0022,1
360,606,1058,0.86,0.86,0.09,0.31,0.1431,0
439,591,1451,3.78,0.63,0.54,0.43,0.0057,1
147,164,1399,2.45,0.66,0.46,0.53,0.0059,1
172,13,276,0.01,0.51,0.08,0.09,0.0046,0
13,37,4870,25.67,0.18,0.91,0.78,0.0029,1
26,18,1843,32.23,0.48,0.9,0.91,0.0009,1
495,1132,2580,12.48,0.9,0.27,0.48,0.0678,0
154,394,1703,5.53,0.82,0.29,0.78,0.0062,1
625,284,310,2.06,0.71,0.06,0.62,0.0873,0
568,830,580,0.61,1.0,0.04,0.33,0.0963,0
8,8,99,1.83,0.41,0.23,0.46,0.0542,0
393,648,758,3.53,0.63,0.33,0.47,0.0157,1
79,272,2259,0.84,0.37,0.82,0.39,0.0007,1
177,191,292,0.38,0.87,0.02,0.44,0.0282,0
224,737,336,0.17,0.91,0.03,0.36,0.0714,0
18,26,2813,19.37,0.46,0.8,0.81,0.0008,1
12,16,78,1.14,0.49,0.35,0.42,0.0399,1
573,19784,496,12.19,0.95,0.35,0.56,0.0756,0
340,219,318,0.67,0.8,0.0,0.61,0.1163,0
270,794,868,0.7,0.61,0.03,0.64,0.0579,0
8,10,11,1.36,0.62,0.22,0.43,0.0627,0
29,21,110,1.37,0.62,0.36,0.22,0.0516,0
486,374,1401,2.62,0.66,0.47,0.55,0.0153,1
3,45,1205,48.43,0.41,0.83,0.77,0.0029,1
346,10,104,0.03,0.52,0.0,0.18,0.0346,0
115,335,7562,2.23,0.32,0.84,0.67,0.0031,1
368,1049,2028,12.92,0.92,0.42,0.64,0.0278,0
17,76,4325,17.93,0.32,0.86,0.72,0.0024,1
733,51,217,0.01,0.47,0.06,0.12,0.0394,0
245,216,450,2.49,0.81,0.01,0.16,0.0946,0
5,1,80,0.83,0.69,0.23,0.32,0.0668,0
26,7,27,1.2,0.66,0.12,0.29,0.0291,0
540,635,1009,0.14,0.98,0.1,0.38,0.1251,0
274,605,1005,0.22,1.0,0.02,0.21,0.0722,0
59,19,5969,30.03,0.21,0.72,0.78,0.0034,1
1379,108,196,2.09,0.94,0.09,0.43,0.0915,0
1184,1094,2517,20.19,0.65,0.65,0.76,0.0073,1
8,19,6,1.63,0.63,0.13,0.35,0.0719,0
3,66,5522,28.58,0.19,0.76,0.73,0.0028,1
358,338,809,2.79,0.62,0.29,0.49,0.0031,1
59,20,2857,16.81,0.17,0.7,0.89,0.001,1
11,251,5496,1.9,0.33,0.99,0.65,0.0015,1
588,79,153,2.13,0.6,0.06,0.44,0.0333,1
430,627,1589,2.9,0.68,0.47,0.57,0.0072,1
367,846,770,0.63,0.85,0.17,0.19,0.0709,0
591,263,426,1.8,0.92,0.08,0.63,0.0851,0
230,120,251,0.33,0.67,0.2,0.25,0.0604,0
310,232,155,0.73,0.85,0.16,0.28,0.1119,0
5,52,4962,20.17,0.43,0.89,0.96,0.0001,1
684,133,230,1.34,0.97,0.03,0.54,0.049,0
206,4445,2670,17.51,0.96,0.33,0.35,0.0492,0
982,1194,2752,13.7,0.99,0.49,0.67,0.0324,0
471,19,151,0.02,0.58,0.04,0.29,0.0262,0
268,36,38,0.01,0.52,0.1,0.3,0.028,0
225,27,95,2.89,0.69,0.05,0.23,0.0371,0
650,236,196,0.19,0.98,0.14,0.17,0.1005,0
281,8469,553,16.7,0.92,0.31,0.36,0.0787,0
239,461,198,0.33,0.95,0.17,0.27,0.037,0
294,3818,2977,6.41,0.97,0.47,0.68,0.0558,0
23,369,4073,1.24,0.42,0.84,0.42,0.0033,1
101,353,2510,2.15,0.42,0.99,0.57,0.0031,1
186,1591,2994,4.16,0.6,0.04,0.41,0.0287,0
14,12,1875,39.25,0.42,0.7,0.8,0.0022,1
314,45,291,0.03,0.53,0.04,0.09,0.0159,0
409,150,1561,3.98,0.89,0.47,0.49,0.0138,1
268,660,753,3.6,0.67,0.53,0.59,0.0089,1
29,10,59,1.07,0.4,0.33,0.21,0.0968,0
560,6211,841,6.92,0.89,0.2,0.54,0.0721,0
20,64,4365,40.49,0.32,0.74,0.97,0.0029,1
166,336,635,0.3,0.56,0.0,0.28,0.1011,0
485,1936,1476,6.31,0.9,0.47,0.66,0.058,0
527,295,475,0.29,0.73,0.07,0.31,0.1558,0
18,2,78,0.75,0.48,0.14,0.25,0.062,1
714,233,376,0.33,0.84,0.05,0.31,0.1139,0
483,400,1349,5.36,0.63,0.46,0.47,0.0155,1
11,64,2338,28.26,0.31,0.68,0.84,0.0035,1
93,3659,3550,0.72,0.86,0.05,0.36,0.0976,0
12,34,5788,21.83,0.19,0.86,0.91,0.0035,1
636,12,170,0.02,0.36,0.01,0.08,0.0054,0
705,125,76,0.19,0.78,0.35,0.41,0.0839,0
195,302,536,0.31,0.89,0.03,0.26,0.1123,0
313,3343,3052,14.53,0.88,0.29,0.36,0.0237,0
858,793,1032,17.25,0.9,0.18,0.41,0.069,0
107,80,119,0.52,0.9,0.03,0.45,0.0325,0
272,50,82,0.16,1.0,0.05,0.45,0.0842,0
118,428,899,0.78,0.88,0.07,0.48,0.2414,0
51,334,3697,1.72,0.38,0.8,0.64,0.0016,1
346,50,262,0.04,0.46,0.07,0.13,0.0058,0
127,779,498,1.33,0.65,0.04,0.3,0.2095,0
206,40,299,0.02,0.35,0.02,0.31,0.0065,0
161,479,951,2.27,0.65,0.15,0.34,0.0443,0
390,319,613,0.23,0.78,0.0,0.17,0.0213,0
116,375,391,4.9,0.8,0.28,0.59,0.0141,1
62,84,7041,1.5,0.54,0.75,0.62,0.0048,1
15,7,3711,17.25,0.45,0.76,0.73,0.0021,1
27,23,98,1.51,0.58,0.19,0.34,0.0911,0
175,1287,642,1.4,0.87,0.02,0.4,0.0999,0
72,70,4131,10.57,0.34,0.66,0.74,0.0008,1
444,37,157,0.03,0.42,0.04,0.24,0.0346,0
190,119,154,0.1,0.73,0.09,0.26,0.0524,0
447,155,365,1.99,0.89,0.01,0.51,0.0286,0
110,596,559,4.38,0.74,0.38,0.71,0.0067,1
303,5741,1721,15.46,0.98,0.2,0.57,0.079,0
1512,628,2057,17.29,0.59,0.65,0.75,0.0092,1
433,171,948,4.42,0.84,0.52,0.6,0.007,1
67,11,212,0.05,0.51,0.07,0.23,0.0199,0
89,112,6184,2.06,0.55,0.86,0.47,0.0016,1
816,360,252,1.48,0.87,0.03,0.43,0.0113,0
14,2,33,1.11,0.32,0.34,0.32,0.0457,0
654,59,35,0.03,0.45,0.03,0.25,0.0364,0
672,841,477,0.18,0.86,0.03,0.23,0.0552,0
118,1631,2501,0.21,0.81,0.05,0.15,0.1966,0
2863,9906,2624,6.83,0.96,0.4,0.7,0.0511,0
274,421,557,4.75,0.84,0.41,0.56,0.0185,1
434,773,1196,2.85,0.82,0.48,0.52,0.0196,1
725,73,75,0.03,0.26,0.03,0.31,0.0108,0
2,11,116,1.42,0.5,0.38,0.46,0.0739,0
163,103,105,0.75,0.79,0.01,0.19,0.0301,0
385,696,1480,0.27,0.81,0.0,0.54,0.1422,0
246,4756,1041,17.4,0.9,0.41,0.53,0.0551,0
26,22,3233,51.58,0.46,0.78,0.91,0.0015,1
325,433,649,1.21,0.66,0.3,0.34,0.0146,0
344,192,164,1.4,0.57,0.09,0.62,0.029,1
172,543,1212,4.93,0.73,0.3,0.63,0.0164,1
134,400,674,1.92,1.0,0.18,0.62,0.0842,0
622,24221,567,4.95,0.88,0.29,0.58,0.0244,0
1458,1396,3428,6.37,0.96,0.2,0.5,0.0557,0
312,1661,3340,1.17,0.66,0.01,0.32,0.1005,0
4,51,5063,40.97,0.38,0.72,0.9,0.0029,1
181,603,1680,1.57,0.63,0.38,0.41,0.0155,1
961,692,4922,20.52,0.67,0.74,0.82,0.0052,1
7,5,1476,9.12,0.27,0.88,0.72,0.0012,1
569,179,153,0.87,0.75,0.06,0.64,0.0513,0
204,109,87,0.86,0.76,0.04,0.58,0.1353,0
1083,157,133,0.3,0.8,0.07,0.31,0.0849,1
1138,900,1510,2.78,0.94,0.07,0.16,0.0591,0
265,163,133,0.57,0.57,0.22,0.21,0.0343,0
156,1120,1501,1.52,0.81,0.03,0.31,0.1407,0
1,5,19,0.85,0.44,0.1,0.25,0.0413,0
674,2028,3872,0.25,0.66,0.01,0.42,0.0206,0
583,262,600,2.13,0.79,0.07,0.22,0.0786,0
588,148,215,1.6,0.68,0.03,0.62,0.0323,0
539,190,1375,2.14,0.9,0.45,0.51,0.0043,1
63,90,3592,12.58,0.27,0.85,0.71,0.0009,1
342,44,288,0.0,0.55,0.02,0.28,0.0033,0
385,85,77,1.72,0.57,0.03,0.58,0.081,1
826,139,255,0.1,0.69,0.01,0.24,0.0194,0
59,39,57,0.05,0.25,0.05,0.1,0.0145,0
86,76,1322,45.39,0.23,0.76,0.8,0.0034,1
50,160,1709,3.87,0.9,0.51,0.76,0.013,1
116,56,3617,1.99,0.55,0.86,0.6,0.0017,1
289,61,98,0.02,0.55,0.01,0.32,0.0268,0
483,732,878,5.82,0.83,0.53,0.52,0.0044,1
705,36,214,0.04,0.49,0.03,0.12,0.0123,0
19,40,4481,43.24,0.46,0.7,0.98,0.0007,1
663,2715,2489,17.37,0.91,0.24,0.6,0.0202,0
429,308,938,5.4,0.7,0.38,0.46,0.0089,1
52,461,3160,0.53,0.34,0.88,0.56,0.0049,1
1654,801,3030,22.03,0.81,0.59,0.78,0.0061,1
630,833,660,0.38,0.93,0.08,0.21,0.0269,0
478,150,3078,9.52,0.88,0.49,0.67,0.0323,0
130,2182,1569,4.35,0.66,0.19,0.64,0.0341,0
148,258,346,5.08,0.89,0.5,0.53,0.0125,1
227,149,340,4.74,0.97,0.1,0.47,0.0498,0
206,312,1031,5.93,0.82,0.54,0.74,0.0179,1
758,30,265,0.01,0.46,0.07,0.2,0.0109,0
194,744,878,3.43,0.66,0.49,0.54,0.0062,1
10,48,4752,23.81,0.38,0.74,0.96,0.0009,1
25,25,30,0.5,0.5,0.37,0.25,0.0537,0
23,212,7665,1.77,0.52,0.87,0.6,0.0045,1
437,667,3119,4.54,0.93,0.5,0.39,0.0551,0
497,197,389,0.12,0.56,0.06,0.24,0.07,0
236,527,594,13.58,0.87,0.46,0.72,0.0323,0
267,647,790,2.89,0.65,0.36,0.62,0.0046,1
51,312,6905,1.21,0.36,0.98,0.54,0.0048,1
668,352,437,0.14,0.81,0.05,0.3,0.0462,0
455,26,207,0.03,0.55,0.05,0.16,0.0267,0
172,54,57,0.01,0.42,0.05,0.28,0.0356,0
351,88,95,0.92,0.66,0.15,0.62,0.0342,0
57,27,4822,9.98,0.29,0.79,0.8,0.0031,1
281,881,1947,1.12,0.74,0.04,0.15,0.0556,0
528,211,500,4.35,0.63,0.54,0.71,0.0124,1
226,847,616,0.49,0.79,0.16,0.4,0.0571,1
429,620,989,0.38,0.75,0.04,0.58,0.0323,0
320,380,1039,1.87,0.83,0.47,0.6,0.0107,1
138,303,632,0.23,0.56,0.09,0.31,0.1821,0
112,499,4436,2.12,0.58,0.76,0.66,0.0033,1
1117,424,620,0.85,0.93,0.06,0.39,0.1037,0
236,2993,2622,7.47,0.93,0.34,0.72,0.031,0
413,144,1114,4.77,0.82,0.3,0.53,0.019,1
1932,928,695,15.43,0.91,0.27,0.75,0.0681,0
320,119,147,0.1,0.59,0.04,0.18,0.0467,0
13,22,104,1.72,0.53,0.28,0.31,0.0157,0
18,5,58,0.11,0.43,0.19,0.37,0.09,0
361,37,195,0.01,0.35,0.09,0.16,0.0231,0
463,665,731,0.38,0.72,0.03,0.53,0.0413,0
1248,323,351,1.84,0.63,0.02,0.53,0.0473,0
2,15,74,0.88,0.65,0.13,0.24,0.0959,0
26,3,26,1.74,0.42,0.12,0.39,0.0843,0
2555,113,2098,16.28,0.9,0.23,0.64,0.0209,0
1511,408,737,0.11,0.92,0.2,0.33,0.0817,1
382,731,1442,0.17,0.97,0.03,0.15,0.0865,0
105,42,189,0.01,0.5,0.01,0.27,0.0186,0
558,25,80,0.0,0.58,0.06,0.06,0.0337,0
4,21,5351,11.16,0.28,0.89,0.88,0.0035,1
268,201,800,5.91,0.9,0.38,0.71,0.0132,1
34,25,3012,9.59,0.5,0.75,0.97,0.0012,1
56,55,4672,34.56,0.43,0.67,0.78,0.0019,1
432,131,286,0.36,0.89,0.03,0.37,0.0941,0
84,260,1608,2.56,0.82,0.45,0.52,0.0138,1
6,24,57,0.98,0.56,0.24,0.45,0.0934,0
536,983,1729,0.74,0.72,0.03,0.16,0.0091,0
8,22,35,0.91,0.35,0.12,0.3,0.0681,0
144,773,802,2.92,0.71,0.42,0.41,0.0093,1
302,1030,750,7.31,0.86,0.29,0.62,0.0336,1
448,656,3347,10.87,0.87,0.38,0.63,0.0608,0
853,294,2822,19.08,0.76,0.68,0.82,0.0032,1
109,4517,1878,0.37,0.78,0.03,0.48,0.0221,0
105,344,1273,3.85,0.83,0.44,0.56,0.0078,1
215,157,272,0.56,0.76,0.4,0.48,0.0649,0
136,104,1464,2.78,0.88,0.26,0.51,0.0181,1
353,51,102,0.03,0.35,0.09,0.34,0.0074,0
12,441,7935,1.28,0.56,1.0,0.54,0.0014,1
26,82,3859,41.23,0.24,0.8,0.96,0.0024,1
1868,530,295,1.21,0.77,0.02,0.41,0.0912,0
373,260,578,2.0,0.91,0.0,0.46,0.0412,0
11,17,100,1.62,0.49,0.16,0.37,0.0991,0
195,136,1087,4.07,0.76,0.33,0.41,0.0055,1
158,556,1225,3.65,0.69,0.52,0.76,0.0033,1
1208,1062,2329,10.02,0.93,0.35,0.63,0.0734,0
149,2796,2046,2.2,0.8,0.07,0.61,0.0212,0
30,273,7560,1.43,0.44,0.79,0.37,0.0047,1
1,85,2482,24.14,0.26,0.76,0.83,0.002,1
583,61,65,0.01,0.5,0.05,0.19,0.0392,0
378,324,175,0.58,0.75,0.01,0.2,0.1411,0
295,823,1539,8.3,0.94,0.46,0.52,0.0275,0
618,53,255,0.01,0.35,0.07,0.1,0.0325,0
252,162,3459,15.71,0.9,0.28,0.54,0.0727,0
124,2403,5118,3.06,0.7,0.04,0.24,0.0606,0
17,5,96,1.57,0.63,0.41,0.38,0.0353,0
935,1174,1440,1.25,1.0,0.04,0.29,0.0429,0
512,475,635,0.56,0.69,0.02,0.48,0.0185,0
298,398,428,1.24,0.87,0.0,0.22,0.0302,0
349,477,1404,5.85,0.76,0.43,0.69,0.0087,1
145,403,758,2.02,0.72,0.02,0.49,0.0422,0
12,20,93,0.12,0.31,0.35,0.46,0.0799,0
28,64,2701,14.01,0.49,0.81,0.91,0.0025,1
828,1519,485,12.6,0.91,0.26,0.65,0.0538,1
96,14,254,0.03,0.57,0.05,0.11,0.0119,0
282,77,127,0.02,0.48,0.1,0.24,0.0303,0
340,77,116,0.21,0.81,0.05,0.45,0.0772,0
1161,896,4638,16.92,0.74,0.76,0.7,0.0036,1
700,406,889,0.26,0.73,0.25,0.59,0.0601,0
331,210,2796,13.31,0.95,0.46,0.65,0.0785,1
14,12,69,1.95,0.65,0.12,0.44,0.0806,0
1946,947,4146,22.2,0.81,0.82,0.66,0.0082,1
1107,7140,1422,5.65,0.99,0.2,0.64,0.0247,0
310,335,254,3.91,0.68,0.13,0.37,0.1943,0
330,8367,3118,16.25,0.97,0.27,0.62,0.0772,0
225,78,121,0.02,0.54,0.05,0.21,0.0396,0
36,15,5777,13.41,0.22,0.94,0.9,0.0004,1
404,118,154,1.63,0.53,0.11,0.28,0.039,0
519,38,127,0.03,0.49,0.0,0.23,0.0217,0
158,323,650,2.8,0.89,0.13,0.63,0.0787,1
34,78,2619,10.83,0.49,0.79,0.92,0.003,1
1155,926,2861,23.5,0.66,0.72,0.8,0.0093,1
61,246,5226,0.82,0.64,0.95,0.52,0.002,1
379,55,221,0.05,0.46,0.02,0.06,0.0234,0
22,6,22,1.69,0.61,0.34,0.39,0.093,0
15,8,53,1.98,0.56,0.42,0.36,0.0712,0
628,1181,1677,6.19,0.93,0.32,0.45,0.0604,0
103,442,5055,0.97,0.55,0.8,0.43,0.0049,1
55,109,7582,2.98,0.54,0.83,0.47,0.0006,1
1197,728,4856,23.31,0.81,0.58,0.81,0.0085,1
41,346,7115,2.08,0.44,0.77,0.46,0.0034,1
104,268,6476,2.83,0.58,0.81,0.39,0.0022,1
477,26,104,0.04,0.51,0.06,0.34,0.029,0
440,241,1562,4.42,0.62,0.51,0.79,0.0099,1
203,864,1594,1.71,0.6,0.02,0.53,0.0909,0
276,1753,2171,0.45,0.94,0.04,0.37,0.0497,0
15,14,26,1.2,0.47,0.33,0.25,0.0895,0
366,550,984,4.37,0.71,0.53,0.58,0.0115,1
611,181,368,0.56,0.95,0.05,0.31,0.0419,0
402,1063,629,1.07,0.93,0.01,0.49,0.1395,0
1011,716,2229,13.24,0.63,0.63,0.74,0.0037,1
678,2465,4594,1.2,0.87,0.01,0.2,0.0791,0
113,67,4236,2.43,0.42,0.85,0.45,0.0048,1
165,547,1117,0.1,0.63,0.01,0.26,0.1003,0
25,9,3487,20.57,0.48,0.93,0.87,0.0022,1
283,761,344,3.33,0.67,0.39,0.77,0.0052,1
172,41,62,0.01,0.38,0.1,0.07,0.0029,0
100,519,563,2.55,0.62,0.27,0.62,0.0126,1
411,436,737,0.17,0.6,0.04,0.22,0.1578,0
193,37,220,0.0,0.31,0.1,0.08,0.0301,0
429,499,1531,16.36,0.97,0.27,0.59,0.0638,0
73,421,3673,2.18,0.37,0.81,0.52,0.0045,1
386,708,2665,11.78,0.9,0.24,0.4,0.0515,0
1014,129,94,0.52,0.79,0.08,0.64,0.1248,0
348,66,140,0.03,0.42,0.06,0.24,0.0279,0
1537,236,233,1.39,0.77,0.05,0.61,0.0461,0
747,53,100,0.01,0.55,0.0,0.33,0.0123,0
101,530,643,0.2,0.64,0.04,0.32,0.015,0
12,26,29,0.72,0.44,0.39,0.49,0.0389,0
490,69,54,2.63,0.78,0.01,0.48,0.1035,0
115,468,6707,1.04,0.39,0.94,0.51,0.0023,1
554,39,61,0.04,0.3,0.07,0.12,0.0397,0
187,23,130,0.02,0.46,0.05,0.1,0.0397,0
5,36,1568,12.4,0.35,0.97,0.89,0.0005,1
8,28,102,1.31,0.37,0.32,0.48,0.0799,0
9,97,1749,23.69,0.41,0.71,0.96,0.0027,1
250,4371,3191,4.24,0.85,0.19,0.65,0.0519,0
568,498,966,5.22,0.87,0.29,0.42,0.0084,1
147,64,93,0.22,1.0,0.09,0.36,0.0187,0
1199,228,547,3.18,0.74,0.08,0.23,0.1275,0
146,1773,3255,1.05,0.88,0.02,0.4,0.0204,0
1304,747,3656,12.16,0.74,0.59,0.69,0.0068,1
1009,236,2798,17.96,0.73,0.59,0.64,0.0049,1
381,109,76,0.74,0.97,0.13,0.64,0.0173,0
55,15,223,0.01,0.47,0.06,0.33,0.0304,0
4,22,25,1.87,0.51,0.24,0.49,0.0967,0
233,52,68,0.03,0.54,0.05,0.12,0.0329,0
1069,313,4416,20.71,0.8,0.52,0.67,0.0031,1
291,25,277,0.01,0.5,0.05,0.27,0.0278,0
11,20,5288,14.32,0.45,0.76,0.98,0.0025,1
2479,6459,467,14.41,0.9,0.3,0.55,0.0222,0
134,271,1095,2.28,0.73,0.35,0.57,0.015,1
639,12,156,0.03,0.57,0.08,0.32,0.022,0
351,211,483,1.58,0.9,0.2,0.63,0.0794,0
360,125,158,0.79,0.61,0.04,0.31,0.0517,0
353,556,1229,2.29,0.74,0.51,0.59,0.0169,1
1345,389,398,0.42,0.8,0.04,0.31,0.0401,0
945,330,652,0.83,0.93,0.05,0.36,0.005,1
46,48,4945,18.72,0.32,0.77,0.93,0.0003,1
465,796,2796,11.41,0.88,0.33,0.54,0.0647,0
975,3621,1224,13.81,0.9,0.42,0.6,0.0671,0
220,1472,2458,0.91,0.84,0.03,0.44,0.0316,1
990,3604,2112,16.46,0.93,0.2,0.34,0.0436,1
132,733,536,1.71,0.85,0.53,0.71,0.0186,1
724,316,470,2.29,0.85,0.02,0.44,0.0336,0
539,364,1405,3.52,0.87,0.48,0.51,0.0052,1
671,332,589,3.48,0.78,0.02,0.27,0.0293,0
4,80,3861,25.36,0.39,0.89,0.91,0.0013,1
1966,746,881,6.11,0.95,0.39,0.44,0.0379,0
59,90,7166,0.33,0.53,0.84,0.51,0.0043,1
112,757,1384,2.17,0.7,0.45,0.71,0.0175,0
493,142,124,1.76,0.92,0.09,0.22,0.0693,0
9,23,2824,14.37,0.38,0.89,0.92,0.0035,1
106,364,6621,1.51,0.45,0.87,0.48,0.0016,1
627,244,495,0.35,0.69,0.03,0.51,0.0272,0
1127,2551,510,14.32,0.89,0.22,0.55,0.0565,0
1513,1149,4630,24.51,0.59,0.61,0.77,0.0053,1
613,45,296,0.01,0.5,0.02,0.33,0.0181,0
1220,362,2688,16.07,0.81,0.54,0.77,0.0033,1
550,110,110,0.37,0.92,0.02,0.37,0.1168,0
680,77,267,0.03,0.26,0.09,0.16,0.0267,0
590,23,103,0.04,0.27,0.1,0.24,0.021,0
31,95,3832,47.67,0.39,0.95,0.75,0.0021,1
875,1530,1418,1.23,0.44,0.0,0.28,0.1645,0
12,20,53,0.82,0.49,0.36,0.25,0.034,0
3,29,3960,30.92,0.35,0.78,0.96,0.0013,1
61,91,2877,8.5,0.21,0.74,0.94,0.0033,1
139,459,895,0.38,0.77,0.26,0.5,0.0998,0
393,78,146,0.05,0.5,0.04,0.32,0.0075,0
51,19,2972,14.7,0.35,0.93,0.78,0.0018,1
592,665,1639,4.8,0.74,0.42,0.64,0.0076,1
222,1863,1185,2.05,1.0,0.06,0.39,0.0377,0
662,1279,1042,0.76,0.89,0.26,0.5,0.0428,0
331,782,382,3.19,0.87,0.33,0.67,0.0091,1
868,880,2881,14.32,0.63,0.61,0.6,0.0042,1
92,109,137,0.3,0.76,0.42,0.59,0.0234,0
174,49,87,0.61,0.66,0.02,0.5,0.0381,0
913,2113,2837,11.26,0.91,0.44,0.43,0.0159,0
492,379,1550,4.99,0.73,0.5,0.47,0.0092,1
234,930,421,1.48,0.53,0.05,0.62,0.0492,0
234,6,280,0.03,0.35,0.01,0.3,0.025,0
10,20,5904,13.29,0.26,0.78,0.94,0.0031,1
432,714,1189,1.39,0.82,0.12,0.65,0.0493,0
264,613,1498,5.18,0.67,0.31,0.67,0.0131,1
588,162,237,0.75,0.9,0.07,0.5,0.0887,0
136,496,861,1.9,0.89,0.31,0.48,0.0176,1
1,62,1972,37.58,0.32,0.86,0.83,0.0013,1
166,616,1283,1.74,0.87,0.5,0.73,0.0054,1
1953,570,2920,21.67,0.73,0.75,0.73,0.0059,1
166,552,470,3.97,0.72,0.44,0.59,0.0173,1
584,70,163,0.01,0.57,0.07,0.19,0.0236,0
557,77,96,0.01,0.56,0.09,0.3,0.0332,0
586,695,1502,2.28,0.69,0.43,0.52,0.019,1
2,11,46,0.22,0.39,0.27,0.34,0.0561,0
238,752,952,1.79,0.62,0.44,0.43,0.0127,1
402,139,294,0.7,0.76,0.13,0.61,0.1118,0
528,402,1323,5.94,0.72,0.53,0.57,0.0048,1
109,510,449,0.75,0.53,0.09,0.37,0.0572,0
9,14,111,0.13,0.57,0.14,0.41,0.039,0
291,139,169,0.64,0.89,0.1,0.29,0.019,0
21,387,6667,0.83,0.5,1.0,0.6,0.0036,1
93,145,5603,2.88,0.39,0.88,0.47,0.0013,1
2040,1123,1861,13.61,0.85,0.45,0.67,0.0666,0
87,46,4788,11.97,0.23,0.76,0.72,0.0037,1
17,4,1396,12.18,0.42,0.8,0.83,0.0022,1
46,455,5123,2.87,0.57,0.88,0.42,0.0026,1
96,552,1103,0.16,0.87,0.03,0.28,0.0199,0
10,32,1863,10.86,0.23,0.72,0.95,0.0028,1
1689,558,2064,11.64,0.56,0.62,0.75,0.003,1
155,699,1159,3.9,0.75,0.51,0.46,0.0149,1
504,307,1126,2.02,0.71,0.39,0.43,0.017,1
559,55,61,0.78,0.81,0.04,0.52,0.0641,0
92,203,2433,2.9,0.63,0.92,0.38,0.0028,1
21,85,5579,1.54,0.57,0.79,0.62,0.0013,1
74,408,2088,0.53,0.46,0.85,0.59,0.0013,1
346,380,507,2.38,0.68,0.3,0.63,0.0191,1
375,54,222,0.04,0.59,0.04,0.22,0.0254,0
115,271,582,2.52,0.88,0.16,0.6,0.0591,0
572,11,152,0.04,0.39,0.03,0.19,0.0138,0
953,429,924,0.33,0.71,0.07,0.18,0.0359,0
17,28,2230,56.49,0.3,0.66,0.75,0.0034,1
26,31,3476,8.28,0.16,0.89,0.87,0.0034,1
615,28,213,0.04,0.44,0.08,0.11,0.0336,0
99,294,4497,1.01,0.42,0.79,0.69,0.001,1
131,595,1687,2.67,0.89,0.43,0.43,0.0119,1
941,3302,2671,15.98,0.92,0.17,0.7,0.0517,0
434,1561,2503,6.08,0.88,0.44,0.48,0.0426,0
166,78,121,1.8,0.81,0.04,0.6,0.0986,0
97,443,6773,0.39,0.33,0.89,0.45,0.0048,1
79,269,4405,2.82,0.4,0.8,0.58,0.0011,1
22,99,5461,24.52,0.3,0.74,0.79,0.0012,0
670,36,102,0.02,0.27,0.01,0.2,0.0359,0
764,19,191,0.05,0.38,0.03,0.15,0.0175,0
296,1717,1600,0.86,0.67,0.12,0.49,0.0675,0
776,1683,1273,6.69,0.99,0.41,0.55,0.0441,0
61,300,472,4.27,0.7,0.45,0.43,0.0125,1
103,183,128,0.98,0.85,0.29,0.55,0.0723,0
317,498,811,5.8,0.89,0.41,0.44,0.0108,0
23,7,46,1.09,0.42,0.44,0.2,0.0157,0
298,617,1017,0.96,0.78,0.0,0.57,0.0892,0
17,82,4853,30.52,0.47,0.75,0.92,0.0005,1
428,152,123,3.76,0.84,0.08,0.58,0.0172,0
680,2690,448,13.82,0.85,0.16,0.58,0.0268,0
2014,999,2670,8.42,0.56,0.76,0.54,0.0073,1
1,77,1692,40.44,0.48,0.68,0.97,0.0027,1
216,239,423,2.29,1.0,0.14,0.17,0.1948,0
39,309,7665,1.2,0.49,0.94,0.5,0.0022,1
332,227,606,4.66,0.87,0.31,0.41,0.0095,1
100,582,1503,2.2,0.68,0.43,0.69,0.0138,1
702,29,151,0.0,0.32,0.08,0.3,0.0331,0
14,17,47,0.96,0.35,0.39,0.48,0.0776,0
10,66,5473,9.36,0.23,0.83,0.74,0.0038,1
64,232,4311,2.51,0.61,0.99,0.68,0.0019,1
183,656,408,0.33,0.78,0.02,0.25,0.0831,0
488,614,1712,5.42,0.72,0.42,0.51,0.0168,1
8,51,3881,56.1,0.38,0.97,0.79,0.0034,1
32,316,2188,2.78,0.43,0.76,0.62,0.0048,1
38,61,4361,35.59,0.49,0.71,0.95,0.0027,1
249,360,732,1.36,0.7,0.15,0.21,0.0761,0
8,21,80,1.76,0.65,0.23,0.39,0.0547,0
498,462,873,1.67,0.83,0.54,0.58,0.0165,1
10,401,2373,2.2,0.3,0.98,0.64,0.0036,1
1045,896,1793,21.25,0.8,0.65,0.78,0.0049,1
28,70,4623,24.39,0.29,0.83,0.91,0.0032,1
247,1844,3173,5.36,0.86,0.16,0.37,0.0275,0
362,775,1104,1.02,1.0,0.06,0.61,0.0963,0
17,18,36,0.23,0.61,0.43,0.46,0.0426,0
735,45,145,0.04,0.39,0.01,0.23,0.0156,0
797,166,318,0.17,0.85,0.08,0.38,0.0345,0
335,919,1317,1.12,0.84,0.1,0.32,0.0639,0
8,89,5302,21.85,0.36,0.69,0.89,0.0036,1
76,385,806,4.45,0.69,0.36,0.64,0.0191,1
169,301,447,0.86,0.81,0.01,0.29,0.0909,0
687,745,1652,1.48,0.83,0.1,0.52,0.0566,0
711,21624,767,15.14,1.0,0.21,0.34,0.0792,0
10,28,15,1.63,0.43,0.21,0.33,0.0724,0
329,120,79,1.7,0.79,0.04,0.57,0.1415,0
806,469,407,1.35,1.0,0.1,0.42,0.0368,0
422,274,702,5.19,0.83,0.25,0.57,0.0059,1
61,184,5378,1.85,0.65,0.87,0.66,0.001,1
117,1375,1045,1.6,0.69,0.02,0.3,0.0311,0
90,1169,621,1.4,0.89,0.1,0.29,0.0315,0
256,203,979,3.47,0.89,0.28,0.53,0.0169,1
269,78,164,0.04,0.57,0.01,0.29,0.0061,0
25,223,6587,0.68,0.42,0.86,0.61,0.0015,1
2030,827,2663,8.3,0.69,0.84,0.72,0.0043,1
425,1463,2113,1.77,0.78,0.01,0.63,0.1351,0
11,76,3080,21.77,0.44,0.71,0.77,0.0018,1
451,2465,665,4.43,0.97,0.25,0.35,0.0546,0
16,15,1449,38.08,0.18,0.7,0.93,0.0013,1
7,13,22,0.4,0.57,0.24,0.48,0.0114,0
257,148,137,0.71,0.69,0.07,0.53,0.0274,0
408,11,178,0.02,0.46,0.04,0.25,0.007,0
137,135,138,7.17,0.66,0.07,0.22,0.0371,0
1899,541,4127,5.04,0.56,0.56,0.82,0.0081,1
521,1972,737,9.47,0.98,0.2,0.59,0.077,0
335,574,1463,4.28,0.69,0.37,0.56,0.0087,1
6,25,85,1.11,0.63,0.11,0.28,0.0146,0
1,17,12,1.35,0.43,0.11,0.4,0.0156,0
14,252,3728,0.45,0.47,0.9,0.62,0.0018,1
479,299,677,0.9,0.79,0.01,0.41,0.0121,0
8,30,2062,37.39,0.28,0.67,0.92,0.0027,1
92,491,5385,2.2,0.56,0.85,0.66,0.0047,1
63,76,6615,2.56,0.58,0.76,0.6,0.0009,1
2,67,3483,11.47,0.3,0.68,0.73,0.0021,1
232,852,2093,4.72,1.0,0.41,0.7,0.0436,0
7,23,31,1.02,0.43,0.27,0.45,0.03,0
240,1047,1446,4.6,0.92,0.27,0.65,0.05,0
271,99,74,0.15,0.64,0.01,0.51,0.0636,0
17,19,111,1.7,0.53,0.32,0.5,0.0793,0
2121,541,1545,14.94,0.59,0.69,0.54,0.0092,1
74,104,1169,2.92,0.73,0.36,0.43,0.0183,1
80,470,3564,0.28,0.34,0.93,0.65,0.004,1
27,6,87,1.21,0.52,0.41,0.28,0.0156,0
7,83,4668,30.43,0.33,0.83,0.97,0.0018,1
97,63,2716,1.5,0.49,0.91,0.37,0.0033,1
627,1506,2799,1.18,0.66,0.06,0.53,0.099,0
6,15,1982,22.29,0.42,0.73,0.75,0.0009,1
322,296,427,0.67,0.96,0.01,0.65,0.0487,0
165,737,939,2.74,0.62,0.38,0.68,0.0078,1
5,17,3791,37.79,0.44,0.85,0.85,0.0038,1
279,100,156,0.6,1.0,0.03,0.62,0.1344,0
5,12,5647,26.43,0.19,0.91,0.83,0.0002,1
58,188,2440,1.03,0.58,0.98,0.55,0.0009,1
1605,541,2492,6.32,0.66,0.81,0.81,0.0022,0
890,86,125,3.78,0.65,0.01,0.26,0.0254,0
1105,9482,1599,17.1,0.87,0.46,0.41,0.0746,0
530,576,648,0.71,0.96,0.31,0.64,0.0312,0
909,196,433,3.02,0.66,0.0,0.54,0.081,0
98,92,6199,2.32,0.59,0.87,0.55,0.0045,1
223,73,49,0.0,0.5,0.09,0.08,0.0193,0
301,720,1240,2.15,0.77,0.44,0.58,0.0057,1
9,28,1701,12.56,0.32,0.91,0.75,0.0012,1
231,64,94,0.03,0.39,0.04,0.08,0.0154,0
19,26,66,1.68,0.53,0.33,0.26,0.0602,0
113,448,7658,2.12,0.5,0.84,0.7,0.0026,1
143,716,798,0.28,0.91,0.3,0.53,0.2032,0
714,30,180,0.04,0.57,0.03,0.34,0.0083,0
345,126,274,0.24,0.75,0.01,0.34,0.0543,0
1497,482,4439,13.78,0.7,0.75,0.67,0.0094,1
11,4,57,1.03,0.34,0.42,0.36,0.0378,0
359,144,1952,15.04,0.98,0.36,0.52,0.071,0
225,284,2091,7.89,0.97,0.35,0.64,0.0634,0
1744,981,3701,9.72,0.6,0.78,0.51,0.0092,1
1138,1399,2228,0.38,1.0,0.0,0.24,0.0705,0
12,21,16,1.07,0.38,0.15,0.41,0.0789,0
1003,768,4723,12.07,0.59,0.73,0.75,0.0033,1
207,1783,2436,1.06,0.55,0.14,0.35,0.0228,0
146,125,878,3.69,0.7,0.46,0.55,0.0103,1
3,14,3647,19.64,0.31,0.74,0.96,0.0035,1
4,24,3626,31.95,0.19,0.67,0.94,0.0036,1
137,170,362,2.14,1.0,0.12,0.37,0.0884,0
261,139,116,0.81,0.81,0.21,0.17,0.0645,0
708,66,134,0.0,0.48,0.02,0.28,0.0185,0
58,697,1046,3.54,0.88,0.28,0.46,0.003,1
97,134,6433,2.21,0.36,0.94,0.63,0.0025,1
1348,1055,4236,21.29,0.78,0.67,0.64,0.0029,1
72,8,200,0.0,0.43,0.08,0.28,0.0101,0
264,282,222,0.17,1.0,0.01,0.57,0.0355,0
9,21,4401,28.26,0.3,0.87,0.83,0.0002,1
490,269,1561,3.02,0.74,0.4,0.77,0.0065,1
343,379,500,2.58,0.67,0.3,0.69,0.0141,1
2,26,2862,9.9,0.24,0.88,0.93,0.0025,1
32,217,4158,2.04,0.62,1.0,0.51,0.0029,1
91,120,4689,2.06,0.55,0.96,0.59,0.0029,1
844,2805,1563,6.19,0.86,0.31,0.66,0.0622,0
561,35,60,0.0,0.45,0.0,0.32,0.037,0
9,16,1545,29.32,0.3,0.95,0.97,0.0009,1
302,27,54,0.03,0.39,0.1,0.07,0.0031,0
204,200,1228,17.37,0.96,0.19,0.51,0.0707,0
98,271,6904,2.34,0.36,0.86,0.4,0.0016,1
23,28,86,0.31,0.67,0.23,0.2,0.0201,0
1588,391,4278,13.14,0.58,0.62,0.85,0.007,1
2,44,3548,12.41,0.41,0.71,0.85,0.0028,1
293,240,276,2.32,0.79,0.03,0.43,0.0135,0
832,354,591,0.73,0.68,0.05,0.51,0.1059,0
20,42,3775,17.7,0.32,0.85,0.93,0.0006,1
639,155,120,1.1,0.65,0.02,0.41,0.0221,0
136,577,847,3.14,0.77,0.28,0.55,0.0192,1
100,242,4333,2.58,0.44,0.81,0.58,0.003,1
4,12,2081,10.15,0.49,0.8,0.9,0.0019,1
117,542,1760,2.69,0.74,0.34,0.43,0.0097,1
459,1488,2734,6.68,0.85,0.4,0.41,0.0781,0
432,431,222,4.1,0.98,0.0,0.55,0.0263,0
799,287,194,1.71,0.66,0.24,0.28,0.0262,0
472,428,787,1.71,0.88,0.01,0.39,0.0209,0
473,291,622,2.95,1.0,0.01,0.19,0.0193,0
898,916,4476,18.34,0.65,0.8,0.51,0.0087,1
347,972,1812,0.3,0.79,0.1,0.45,0.0792,0
1611,241,2397,5.44,0.72,0.61,0.81,0.006,1
400,237,923,4.29,0.84,0.38,0.54,0.0121,1
166,65,72,1.06,0.7,0.01,0.39,0.0819,0
46,537,1795,5.75,0.63,0.36,0.45,0.019,1
325,9,39,0.02,0.52,0.1,0.21,0.0134,0
95,155,463,4.36,0.63,0.26,0.52,0.0091,1
234,890,1793,3.05,0.71,0.3,0.49,0.2392,0
1739,2223,1832,12.44,0.98,0.2,0.7,0.0233,0
256,629,416,4.82,0.87,0.47,0.71,0.0107,1
548,5785,1963,8.61,0.87,0.22,0.62,0.0546,0
32,38,5037,36.43,0.39,0.9,0.92,0.0008,1
617,392,826,2.07,0.88,0.01,0.44,0.0345,0
52,671,1430,3.24,0.61,0.27,0.67,0.0049,1
1007,951,1588,10.04,0.99,0.3,0.65,0.041,0
389,292,701,15.35,0.86,0.22,0.58,0.0345,0
372,666,340,2.92,0.76,0.11,0.27,0.1044,0
662,253,386,0.46,0.76,0.14,0.25,0.0841,0
417,32,31,0.01,0.5,0.1,0.09,0.0252,0
361,35,265,0.0,0.51,0.09,0.13,0.0226,0
275,2448,3148,1.58,1.0,0.08,0.59,0.0858,0
363,268,304,0.35,0.88,0.14,0.48,0.1635,0
683,641,1057,3.13,0.89,0.07,0.57,0.1147,0
327,128,1441,3.68,0.68,0.43,0.43,0.0153,1
575,414,240,0.32,0.86,0.01,0.43,0.0843,0
11,400,2811,1.41,0.4,0.89,0.4,0.0042,1
953,91,188,2.16,0.95,0.06,0.32,0.0836,0
1065,172,251,1.29,0.85,0.12,0.36,0.0345,0
184,506,792,0.37,0.71,0.01,0.18,0.1497,0
8,22,2932,28.02,0.37,0.95,0.82,0.0011,1
785,195,4525,8.52,0.82,0.52,0.63,0.0021,1
452,387,310,3.55,0.69,0.48,0.59,0.0117,1
131,121,271,1.8,0.69,0.09,0.58,0.0747,0
342,225,1057,4.46,0.8,0.44,0.62,0.0198,1
86,128,2527,0.34,0.56,0.95,0.52,0.0023,1
75,495,5666,0.7,0.56,0.8,0.38,0.0025,1
685,449,717,3.73,0.72,0.03,0.54,0.0482,0
24,3,3963,15.53,0.19,0.76,0.94,0.0033,0
212,67,250,0.0,0.58,0.0,0.05,0.0106,0
427,35,92,0.04,0.53,0.02,0.31,0.0047,0
393,406,621,3.4,0.82,0.02,0.21,0.0228,0
742,651,428,0.69,0.69,0.0,0.42,0.0434,0
300,1568,3079,0.76,0.69,0.1,0.33,0.0322,0
108,387,3473,2.04,0.42,0.93,0.4,0.0031,1
150,12,254,0.01,0.59,0.08,0.19,0.0392,0
239,685,1537,2.21,0.72,0.46,0.58,0.0033,1
93,404,258,3.17,0.67,0.14,0.36,0.113,0
83,266,3375,1.43,0.43,0.94,0.4,0.0044,1
1116,767,3024,10.13,0.73,0.56,0.78,0.0077,1
254,1531,627,16.71,0.97,0.37,0.71,0.0397,0
273,19286,1244,17.6,0.92,0.5,0.38,0.0577,0
15,10,3432,49.98,0.31,0.9,0.96,0.0012,1
20,67,2652,10.51,0.43,0.79,0.84,0.0026,1
412,580,1619,10.16,0.91,0.29,0.71,0.0604,0
250,291,245,0.2,0.86,0.18,0.37,0.0866,0
46,39,227,0.01,0.59,0.08,0.13,0.0061,0
95,889,1534,0.5,0.77,0.1,0.15,0.0409,0
20,17,89,1.34,0.68,0.17,0.32,0.0825,0
46,69,5422,1.69,0.44,0.89,0.38,0.0049,1
203,1718,1276,14.36,0.91,0.23,0.53,0.0177,0
12,24,64,1.29,0.68,0.27,0.35,0.0755,0
555,27373,1358,7.05,0.9,0.25,0.32,0.0219,0
901,934,2140,5.78,0.75,0.7,0.69,0.006,1
47,282,5109,2.08,0.37,0.89,0.61,0.0016,1
583,679,574,0.71,0.8,0.04,0.23,0.0349,0
361,22,144,0.04,0.45,0.08,0.08,0.0254,0
778,631,4209,20.84,0.71,0.66,0.83,0.005,1
351,219,258,1.34,0.71,0.01,0.37,0.157,0
837,225,430,1.28,0.81,0.06,0.58,0.1618,0
19,42,5894,16.12,0.4,0.76,0.79,0.0021,1
224,867,3267,12.05,0.87,0.21,0.64,0.028,0
195,56,65,9.67,0.91,0.03,0.55,0.1706,0
286,22,104,0.02,0.55,0.04,0.14,0.007,0
490,135,328,0.81,0.91,0.03,0.59,0.1556,0
66,60,147,0.03,0.31,0.06,0.19,0.0317,0
537,1451,1271,14.25,0.89,0.41,0.43,0.0589,0
11,4,2628,19.89,0.37,0.83,0.86,0.0036,1
924,3005,1540,13.31,0.98,0.28,0.61,0.0578,0
500,29,258,0.04,0.48,0.04,0.18,0.0338,0
208,977,1056,5.72,0.54,0.15,0.23,0.024,0
507,138,647,4.92,0.72,0.49,0.6,0.0036,1
74,329,790,2.5,0.82,0.5,0.44,0.0056,1
254,125,190,0.26,0.71,0.01,0.54,0.1013,0
341,176,244,1.01,0.92,0.19,0.27,0.0599,1
124,345,387,0.44,0.91,0.04,0.44,0.0828,0
52,12,2572,16.59,0.22,0.65,0.73,0.0008,1
8,88,1784,19.6,0.36,0.94,0.84,0.0001,1
605,112,249,1.74,0.93,0.03,0.18,0.0318,0
597,1893,732,8.29,0.95,0.29,0.32,0.0428,0
4,11,26,0.78,0.63,0.28,0.34,0.0416,0
593,357,393,3.13,0.9,0.16,0.32,0.2321,0
143,331,471,3.42,0.81,0.28,0.62,0.0067,1
1573,1126,1694,18.98,0.66,0.73,0.65,0.0065,1
629,14,105,0.02,0.5,0.09,0.18,0.0148,0
315,26,248,0.01,0.42,0.05,0.25,0.0325,0
2014,774,3329,22.0,0.57,0.74,0.52,0.0083,1
907,191,289,0.59,0.92,0.01,0.42,0.1302,1
852,572,820,2.05,1.0,0.02,0.19,0.0765,0
489,270,1106,5.87,0.77,0.34,0.76,0.0134,1
586,176,1022,3.76,0.7,0.29,0.5,0.0086,1
522,1186,2073,15.93,0.9,0.49,0.51,0.077,0
126,143,229,1.73,0.96,0.18,0.33,0.1919,0
560,523,1707,2.0,0.73,0.45,0.64,0.0108,1
29,18,85,1.07,0.54,0.26,0.33,0.0924,0
468,1478,2570,0.14,0.88,0.01,0.5,0.0955,0
93,281,6503,0.38,0.53,0.87,0.51,0.0046,1
532,767,1483,4.35,0.85,0.45,0.59,0.0138,1
295,1705,3560,0.21,0.76,0.0,0.15,0.062,0
1817,1033,3213,18.91,0.74,0.6,0.82,0.0067,1
168,290,1142,2.72,0.67,0.47,0.79,0.0043,1
382,894,1069,0.77,0.62,0.1,0.2,0.0843,0
128,822,916,0.15,0.49,0.12,0.19,0.069,0
30,70,5685,14.33,0.35,0.84,0.75,0.0004,0
383,47,110,0.22,0.66,0.05,0.21,0.113,0
711,1052,4486,19.14,0.61,0.75,0.5,0.0045,1
58,418,7646,1.24,0.44,0.87,0.67,0.005,0
33,25,169,0.03,0.48,0.01,0.33,0.0033,0
296,150,135,2.61,0.89,0.02,0.44,0.0981,0
997,185,190,1.74,1.0,0.06,0.58,0.1691,0
23,38,1438,26.98,0.16,0.71,0.85,0.0038,1
477,1361,2669,0.53,0.91,0.03,0.63,0.171,0
152,480,228,0.6,0.73,0.12,0.56,0.1641,0
439,4046,2843,4.01,0.98,0.41,0.55,0.0629,0
368,195,214,0.12,1.0,0.06,0.62,0.1598,0
691,53,77,0.37,1.0,0.09,0.33,0.0759,0
432,188,408,0.77,1.0,0.02,0.32,0.0475,0
379,159,401,1.85,0.69,0.41,0.43,0.0145,1
24,91,5648,23.03,0.42,0.66,0.85,0.0038,1
309,46,155,0.03,0.42,0.08,0.08,0.0105,0
15,21,34,1.16,0.33,0.24,0.3,0.0993,0
970,792,1205,1.97,0.91,0.11,0.35,0.0624,0
25,38,1804,19.46,0.18,0.67,0.92,0.0002,1
314,69,268,0.0,0.56,0.06,0.05,0.0197,0
275,15536,2984,11.96,0.86,0.18,0.69,0.0171,0
178,168,122,1.22,0.96,0.08,0.24,0.0744,0
1123,598,2601,11.84,0.64,0.59,0.72,0.0064,1
112,128,1523,5.59,0.81,0.48,0.45,0.0046,1
311,19,213,0.05,0.54,0.01,0.18,0.0366,1
255,3122,2140,17.4,0.93,0.33,0.63,0.0275,0
433,26,38,1.32,0.7,0.02,0.18,0.0205,0
285,349,662,5.41,0.89,0.27,0.54,0.0416,0
298,152,1385,5.54,0.64,0.55,0.57,0.0095,1
437,1704,3272,2.47,0.71,0.01,0.27,0.11,0
796,1264,2276,0.22,0.75,0.03,0.63,0.0609,0
1068,156,3824,23.83,0.85,0.81,0.72,0.0099,1
162,301,547,0.48,0.83,0.03,0.38,0.1122,0
680,316,1769,13.04,0.91,0.2,0.3,0.0169,0
1522,605,503,5.49,0.92,0.24,0.43,0.0296,0
249,14,185,0.01,0.44,0.1,0.26,0.0126,0
426,212,308,0.88,0.6,0.15,0.2,0.0271,0
276,65,250,0.01,0.33,0.07,0.3,0.0266,0
68,365,2122,1.99,0.51,0.81,0.58,0.0042,1
109,354,600,3.52,0.73,0.31,0.73,0.0146,1
1139,448,2635,15.67,0.69,0.58,0.8,0.0093,1
238,2710,1594,0.11,0.98,0.02,0.26,0.0688,0
129,708,939,2.87,0.72,0.48,0.44,0.0196,1
365,247,411,2.23,0.81,0.09,0.64,0.0688,0
13,10,27,1.63,0.32,0.15,0.47,0.0198,0
398,771,445,8.05,0.97,0.28,0.52,0.0271,0
146,38,284,0.03,0.41,0.06,0.12,0.0332,0
389,425,564,0.58,0.66,0.07,0.39,0.0442,0
1561,1545,2566,0.4,0.64,0.05,0.39,0.0606,0
726,61,128,0.05,0.58,0.06,0.32,0.023,0
343,75,248,0.01,0.46,0.04,0.19,0.0183,0
1352,1014,2583,15.73,0.82,0.75,0.76,0.0096,1
918,1823,2399,4.41,0.95,0.08,0.3,0.2026,0
682,54,197,0.01,0.25,0.01,0.34,0.0169,0
338,498,242,3.32,1.0,0.05,0.33,0.042,0
155,413,501,1.73,0.88,0.06,0.34,0.0869,0
391,867,995,9.93,0.96,0.22,0.42,0.0409,0
1704,608,916,0.84,1.0,0.01,0.23,0.102,0
64,11,253,0.03,0.43,0.06,0.14,0.0264,0
441,393,847,2.7,0.9,0.55,0.77,0.0032,1
765,258,443,2.15,1.0,0.01,0.41,0.0771,0
153,204,217,2.32,0.62,0.02,0.45,0.0624,0
1754,551,3750,7.87,0.64,0.6,0.53,0.0067,1
136,29,265,0.02,0.38,0.01,0.15,0.0096,0
1552,484,2128,12.69,0.66,0.82,0.8,0.005,1
927,357,703,4.05,0.88,0.13,0.17,0.0617,0
15,18,60,1.05,0.49,0.39,0.24,0.0542,0
208,296,899,4.67,0.86,0.36,0.54,0.0085,1
1478,325,4164,24.92,0.64,0.72,0.82,0.0092,1
1668,1609,2634,15.4,0.94,0.27,0.56,0.0557,0
429,51,70,0.03,0.44,0.06,0.19,0.0074,1
24,19,118,1.61,0.68,0.4,0.27,0.0414,0
287,490,544,3.14,0.74,0.26,0.47,0.0047,1
568,597,690,5.4,0.73,0.42,0.49,0.0098,1
69,185,7294,2.58,0.5,0.79,0.57,0.0023,0
626,45,98,0.05,0.46,0.02,0.15,0.0109,0
17,247,2645,1.15,0.54,0.98,0.58,0.0014,1
48,402,7321,2.52,0.56,0.9,0.36,0.0039,1
319,403,850,0.18,0.99,0.1,0.43,0.0383,0
3,61,3576,9.12,0.34,0.69,0.95,0.0005,1
35,493,2196,1.13,0.37,0.78,0.52,0.004,1
220,436,959,0.48,1.0,0.05,0.6,0.1594,0
587,901,658,1.44,0.82,0.03,0.25,0.2329,0
446,447,1120,1.72,0.84,0.41,0.63,0.0087,1
1786,522,2386,17.75,0.59,0.62,0.58,0.0099,1
738,1114,1991,11.51,0.97,0.28,0.71,0.0206,0
18,12,2803,37.23,0.3,0.91,0.93,0.0008,1
136,1163,567,1.93,1.0,0.02,0.51,0.0216,0
222,56,186,0.02,0.35,0.03,0.23,0.0201,0
1961,851,4571,16.65,0.81,0.81,0.77,0.0068,1
275,3367,2109,9.44,0.92,0.17,0.39,0.0668,0
843,212,383,0.57,0.66,0.06,0.55,0.1094,0
284,15,186,0.02,0.4,0.08,0.22,0.0346,0
450,710,865,3.82,0.77,0.27,0.61,0.0143,1
1521,274,4518,14.62,0.69,0.85,0.62,0.0097,1
25,10,53,1.09,0.61,0.4,0.48,0.0281,0
14,65,2596,20.05,0.28,0.95,0.7,0.0014,1
580,13105,414,9.71,1.0,0.21,0.38,0.0785,0
243,128,169,0.79,0.84,0.29,0.19,0.0647,0
706,502,927,2.83,0.75,0.01,0.35,0.1407,0
1241,1146,2799,11.33,0.73,0.81,0.63,0.0084,1
481,254,813,4.83,0.73,0.3,0.42,0.0181,1
43,80,5113,13.34,0.43,0.93,0.79,0.0018,1
379,56,41,0.03,0.26,0.06,0.3,0.0264,0
10,73,1862,12.74,0.43,0.88,0.86,0.0035,1
556,295,478,0.29,0.7,0.03,0.57,0.0833,0
24,409,3676,0.55,0.6,0.94,0.57,0.0036,1
39,6,58,0.04,0.33,0.03,0.2,0.0199,0
1958,771,2097,19.74,0.79,0.63,0.61,0.003,1
484,644,426,0.82,0.69,0.24,0.62,0.1313,0
66,74,45,0.03,0.5,0.01,0.13,0.0099,0
433,244,1197,4.55,0.8,0.45,0.74,0.0128,1
98,154,5803,2.5,0.35,0.79,0.67,0.003,1
102,88,6454,0.81,0.5,0.95,0.53,0.0024,1
11,425,7892,1.09,0.56,0.93,0.43,0.0021,0
811,538,901,2.37,0.79,0.06,0.31,0.0432,0
290,308,185,0.19,0.69,0.08,0.56,0.0542,0
1267,177,349,0.44,0.77,0.08,0.27,0.1164,0
11,90,3090,16.2,0.2,0.66,0.95,0.0019,1
356,273,352,0.5,0.75,0.1,0.26,0.0845,0
1630,986,1002,16.69,0.88,0.46,0.53,0.0266,0
475,113,986,4.09,0.73,0.42,0.77,0.0071,1
1136,874,914,0.67,1.0,0.07,0.47,0.0694,0
88,50,123,0.03,0.38,0.0,0.08,0.0268,0
3,40,1247,25.42,0.33,0.85,0.73,0.0033,1
330,976,3378,13.91,0.9,0.45,0.39,0.0292,0
241,200,416,1.5,0.8,0.02,0.17,0.0899,0
15,12,100,1.66,0.59,0.4,0.36,0.0796,0
748,239,408,0.39,0.72,0.05,0.4,0.0717,0
35,78,157,0.01,0.43,0.04,0.3,0.0334,0
277,459,707,1.77,1.0,0.21,0.44,0.0183,0
971,164,258,3.83,0.8,0.13,0.2,0.005,0
390,231,513,1.87,0.78,0.08,0.27,0.0791,0
364,1673,3125,8.75,0.95,0.19,0.55,0.0487,1
252,133,230,1.28,0.82,0.08,0.38,0.0802,0
99,47,291,0.02,0.57,0.03,0.13,0.0385,0
335,7316,1219,16.48,0.91,0.49,0.54,0.0285,0
745,59,82,0.0,0.6,0.06,0.11,0.0095,0
56,194,2918,1.42,0.45,0.81,0.59,0.0005,1
215,1732,2113,15.95,0.89,0.34,0.69,0.05,0
424,681,372,1.45,0.9,0.04,0.27,0.0239,0
4,38,5928,30.61,0.42,0.71,0.97,0.0038,1
1017,781,1185,1.06,0.6,0.03,0.54,0.0304,0
24,26,1789,22.11,0.47,0.71,0.98,0.0015,1
23,49,4319,8.54,0.27,0.87,0.8,0.0031,1
269,7,32,0.05,0.45,0.05,0.28,0.0369,0
744,790,526,1.16,0.78,0.1,0.38,0.0558,0
46,5,2399,8.59,0.34,0.81,0.94,0.0028,1
1535,1093,2215,19.98,0.6,0.79,0.53,0.0046,1
436,156,70,1.26,0.71,0.15,0.57,0.0558,0
127,289,388,5.83,0.87,0.49,0.58,0.0045,1
324,2351,2273,17.23,0.98,0.35,0.39,0.0375,0
181,62,147,0.03,0.43,0.02,0.1,0.0155,0
228,292,240,2.04,0.9,0.1,0.31,0.1032,0
545,210,162,4.74,0.67,0.06,0.16,0.005,0
1099,295,1923,11.68,0.93,0.26,0.61,0.0336,0
521,437,693,1.69,0.7,0.49,0.62,0.0108,1
721,1918,922,15.63,0.87,0.31,0.6,0.0242,0
130,234,512,0.38,0.78,0.06,0.23,0.057,0
1523,1060,4702,7.41,0.82,0.78,0.59,0.0056,1
386,630,680,5.34,0.71,0.43,0.71,0.016,1
27,413,2601,1.53,0.38,0.94,0.5,0.0029,1
617,47,160,0.04,0.55,0.09,0.18,0.0208,0
140,110,158,3.9,0.77,0.06,0.23,0.0789,0
52,76,5636,18.07,0.48,0.65,0.75,0.003,1
68,323,2705,2.1,0.65,0.82,0.65,0.0033,1
874,171,2482,7.26,0.79,0.65,0.65,0.0058,1
481,1648,1261,14.82,0.95,0.3,0.61,0.016,0
61,341,4351,2.84,0.5,0.88,0.42,0.004,1
137,481,306,0.31,0.87,0.07,0.6,0.122,0
774,63,31,0.04,0.25,0.03,0.19,0.0341,0
217,170,212,0.12,0.51,0.1,0.61,0.0335,0
219,664,1577,5.02,0.77,0.35,0.47,0.0067,0
441,357,1451,3.12,0.73,0.43,0.53,0.0161,1
445,469,1162,5.93,0.74,0.36,0.8,0.0156,1
346,21,250,0.01,0.28,0.02,0.34,0.0085,0
16,13,1730,26.15,0.39,0.79,0.77,0.0034,1
709,1092,818,13.28,0.98,0.28,0.58,0.0603,0
99,370,3376,1.72,0.42,0.77,0.38,0.002,1
53,469,3553,0.74,0.63,0.97,0.39,0.0034,1
303,25,175,0.02,0.36,0.07,0.34,0.0099,0
590,1637,1439,15.47,0.86,0.42,0.73,0.0505,0
476,732,1158,5.61,0.89,0.47,0.7,0.0148,1
5,0,118,1.67,0.51,0.44,0.49,0.0622,0
628,25,87,1.24,0.8,0.0,0.15,0.0524,0
4,22,2423,110.06,0.43,0.8,0.93,0.003,1
871,380,3784,9.55,0.8,0.65,0.7,0.0034,1
34,71,4668,17.16,0.48,0.77,0.87,0.0033,1
546,906,1134,1.3,0.83,0.08,0.62,0.0672,0
247,443,260,0.29,0.7,0.05,0.43,0.083,0
507,477,491,5.01,0.82,0.29,0.44,0.0196,1
60,478,5138,1.66,0.58,0.99,0.45,0.0008,1
201,225,229,3.16,0.87,0.06,0.47,0.0144,0
137,119,249,0.58,0.78,0.07,0.55,0.0644,0
376,288,3488,4.71,0.92,0.28,0.46,0.0303,0
1851,589,2804,17.08,0.64,0.73,0.6,0.0062,1
1991,392,2942,5.94,0.64,0.52,0.58,0.0043,1
195,402,724,4.33,0.89,0.36,0.58,0.0114,1
18,20,6,0.3,0.37,0.11,0.41,0.0565,0
1275,659,3129,16.98,0.78,0.85,0.66,0.0068,1
3,96,3271,38.62,0.26,0.95,0.76,0.003,1
518,294,235,0.67,0.63,0.24,0.6,0.1384,0
521,799,1436,5.91,0.83,0.5,0.65,0.012,1
496,296,543,0.75,0.51,0.03,0.27,0.0448,0
424,447,802,2.36,0.89,0.5,0.54,0.0102,0
300,318,542,0.94,0.65,0.03,0.38,0.1005,0
645,11178,700,9.53,0.92,0.39,0.59,0.0739,0
272,410,915,0.23,0.8,0.0,0.49,0.0419,0
1178,315,3570,16.26,0.7,0.53,0.84,0.0048,1
304,102,194,0.85,1.0,0.04,0.16,0.0876,0
744,48,166,0.0,0.38,0.0,0.1,0.019,0
611,37,79,0.02,0.44,0.1,0.18,0.0182,0
66,200,1765,2.81,0.73,0.27,0.47,0.0053,1
810,472,2367,24.44,0.67,0.6,0.64,0.0045,1
300,3221,3033,5.92,0.85,0.5,0.67,0.063,0
563,263,190,0.4,0.88,0.0,0.48,0.0536,0
471,1213,1123,1.68,0.68,0.01,0.54,0.0331,0
1218,320,2814,18.01,0.84,0.75,0.62,0.0096,1
522,641,1076,5.48,0.73,0.25,0.78,0.0037,0
397,289,965,1.53,0.63,0.53,0.57,0.0056,1
17,22,64,0.19,0.55,0.39,0.28,0.0285,0
81,166,2937,1.9,0.48,0.79,0.39,0.0047,1
103,304,7597,2.55,0.37,0.82,0.51,0.0008,1
317,110,157,0.43,0.67,0.01,0.47,0.0607,0
209,2065,1721,4.14,0.94,0.19,0.34,0.0602,0
326,586,597,3.14,0.75,0.41,0.54,0.0153,1
651,66,85,0.03,0.52,0.04,0.07,0.0396,0
16,55,1366,23.52,0.34,0.85,0.82,0.0037,1
302,231,113,3.25,0.82,0.33,0.24,0.0068,0
413,1489,660,14.7,0.94,0.44,0.46,0.0163,0
75,32,5390,17.23,0.45,0.72,0.71,0.0017,1
95,399,258,0.46,0.89,0.11,0.56,0.005,0
355,70,169,0.45,0.79,0.01,0.18,0.0866,0
349,69,184,0.02,0.58,0.05,0.28,0.0053,0
112,293,2691,1.84,0.55,0.78,0.44,0.0027,1
233,45,186,0.01,0.52,0.09,0.06,0.0329,0
139,74,129,0.03,0.58,0.08,0.31,0.0157,0
572,754,1454,1.88,0.85,0.44,0.53,0.0068,1
971,709,2814,21.01,0.65,0.5,0.61,0.0097,1
553,39,255,0.01,0.39,0.03,0.1,0.0157,0
411,413,1107,4.94,0.7,0.27,0.53,0.009,1
656,16740,3266,12.88,0.86,0.44,0.33,0.0445,0
21,20,104,0.64,0.67,0.32,0.39,0.0899,0
539,628,340,0.61,0.61,0.1,0.44,0.051,0
18,26,7,0.7,0.44,0.13,0.27,0.0418,0
114,77,39,0.02,0.29,0.04,0.16,0.0256,0
139,74,90,2.14,0.58,0.02,0.38,0.0506,0
296,197,162,0.95,0.98,0.26,0.52,0.0245,0
449,57,161,0.01,0.37,0.03,0.21,0.0306,0
248,156,150,1.19,0.9,0.13,0.24,0.0346,0
556,8,277,0.03,0.26,0.03,0.09,0.0257,0
187,458,389,3.84,1.0,0.14,0.39,0.046,0
92,308,3789,0.84,0.31,0.84,0.68,0.0019,1
836,738,4342,10.62,0.7,0.63,0.51,0.0069,1
30,10,4997,14.68,0.23,0.83,0.93,0.0012,1
26,19,88,2.0,0.65,0.17,0.49,0.0406,0
513,120,1428,5.19,0.68,0.37,0.7,0.005,1
255,555,3402,16.43,0.85,0.15,0.75,0.0164,0
20,94,5604,9.29,0.16,0.69,0.92,0.0037,1
459,231,782,4.3,0.74,0.45,0.47,0.0182,1
694,160,136,1.29,0.76,0.02,0.62,0.065,0
844,59,78,2.12,0.85,0.08,0.16,0.056,0
1617,2014,512,16.11,0.94,0.3,0.66,0.0567,0
43,300,2702,2.55,0.62,0.76,0.65,0.0023,1
41,434,1345,5.55,0.62,0.29,0.55,0.0188,1
836,3468,2932,14.12,0.91,0.25,0.48,0.0768,0
1886,318,4094,21.76,0.71,0.58,0.64,0.0055,1
18,328,5116,2.42,0.32,0.84,0.66,0.0037,1
181,178,150,0.37,0.62,0.02,0.61,0.0551,0
796,33,114,0.05,0.25,0.03,0.11,0.0101,0
1935,331,3316,23.81,0.63,0.7,0.63,0.0042,1
74,342,7527,0.23,0.53,0.8,0.56,0.0031,1
420,1143,2549,0.64,0.7,0.11,0.19,0.0791,0
252,17,205,0.05,0.27,0.08,0.09,0.015,0
173,155,351,0.96,0.81,0.01,0.21,0.0478,0
355,47,139,2.78,0.77,0.01,0.21,0.0237,0
251,3065,2475,4.95,1.0,0.43,0.31,0.0154,0
308,204,133,0.43,0.68,0.03,0.16,0.0185,0
475,9,36,0.04,0.44,0.01,0.27,0.0319,0
451,642,1284,0.15,0.77,0.0,0.23,0.0998,0
93,1485,2738,1.71,0.91,0.23,0.63,0.2026,0
761,168,122,0.63,0.77,0.01,0.28,0.0632,0
2083,915,1542,10.58,0.64,0.72,0.63,0.0026,1
1,22,62,0.32,0.51,0.15,0.38,0.0277,0
8,98,2792,8.35,0.16,0.77,0.95,0.0023,1
8,29,4233,17.68,0.41,0.95,0.7,0.002,1
21,4,51,0.26,0.47,0.29,0.49,0.0413,0
374,536,743,5.86,0.6,0.44,0.72,0.0078,1
364,181,391,0.24,0.79,0.05,0.24,0.0908,0
434,906,532,4.98,0.9,0.17,0.33,0.038,0
158,378,738,4.39,0.92,0.07,0.49,0.1306,0
33,13,4431,39.67,0.22,0.68,0.81,0.0018,1
25,12,22,1.71,0.47,0.35,0.26,0.0222,1
1283,1774,3127,8.24,0.95,0.21,0.59,0.0203,0
2089,995,2770,24.65,0.73,0.7,0.63,0.0023,1
357,513,263,2.01,0.72,0.34,0.19,0.1034,0
1310,492,769,0.97,0.77,0.02,0.16,0.0355,0
3,2,61,0.99,0.52,0.2,0.44,0.0396,0
193,1502,3226,0.23,0.92,0.03,0.36,0.0362,0
76,698,713,4.66,0.65,0.48,0.76,0.0105,1
24,21,86,1.93,0.46,0.31,0.23,0.0897,0
284,311,330,0.65,0.68,0.03,0.2,0.0224,0
8,79,5553,10.01,0.44,0.78,0.9,0.0012,1
9,59,3702,41.51,0.3,0.94,0.78,0.0039,1
490,152,325,0.56,1.0,0.03,0.45,0.0262,0
29,146,7769,2.3,0.52,0.81,0.58,0.0017,1
95,214,7493,1.69,0.38,0.75,0.48,0.003,1
1029,238,3184,10.93,0.91,0.44,0.38,0.0582,1
4,8,30,1.83,0.7,0.25,0.47,0.0222,1
1,12,60,0.41,0.46,0.38,0.27,0.0741,0
302,1042,1221,4.02,1.0,0.06,0.57,0.0286,0
26,84,4630,10.13,0.45,0.86,0.77,0.0034,1
29,26,9,1.37,0.32,0.14,0.37,0.0852,0
811,1027,3102,12.99,0.63,0.66,0.54,0.0044,1
402,77,58,0.68,0.78,0.22,0.29,0.0972,0
668,131,298,0.15,0.84,0.21,0.22,0.0385,0
8,36,5119,8.64,0.47,0.68,0.8,0.0014,1
187,243,554,0.31,1.0,0.07,0.23,0.2355,0
456,121,103,2.54,0.92,0.01,0.37,0.0786,1
546,316,1777,1.64,0.87,0.36,0.59,0.0168,1
249,73,2727,4.17,0.89,0.25,0.66,0.0633,0
406,173,247,0.49,0.77,0.05,0.62,0.1003,0
41,374,5265,0.61,0.4,0.99,0.4,0.0016,1
473,505,1202,3.37,0.63,0.47,0.76,0.006,1
18,90,5282,16.07,0.47,0.77,0.73,0.0016,1
251,1141,2291,1.24,0.78,0.01,0.21,0.1611,0
22,2,108,0.72,0.63,0.41,0.28,0.0353,0
2,49,1329,28.02,0.42,0.9,0.73,0.0025,1
106,49,239,0.03,0.3,0.03,0.18,0.0074,0
38,43,5039,9.6,0.42,0.76,0.72,0.0008,1
276,235,1786,5.53,0.71,0.41,0.69,0.017,1
1164,922,2103,9.08,0.62,0.7,0.63,0.006,1
14,15,58,1.63,0.31,0.29,0.21,0.0281,0
437,24,42,0.0,0.39,0.07,0.33,0.0153,0
100,2499,3973,0.44,1.0,0.13,0.54,0.0877,0
786,27,210,0.02,0.3,0.09,0.34,0.0183,0
387,136,279,1.65,1.0,0.03,0.28,0.0212,0
543,1466,513,10.42,0.97,0.4,0.52,0.0618,0
158,517,764,1.99,0.76,0.27,0.47,0.0124,1
294,108,174,0.55,0.69,0.04,0.39,0.0939,0
666,711,588,2.03,0.72,0.15,0.41,0.1438,0
1453,2220,955,17.69,0.98,0.47,0.55,0.0377,0
1767,488,906,10.03,0.9,0.2,0.34,0.0774,0
33,39,4257,9.34,0.38,0.71,0.93,0.0004,1
28,16,49,0.38,0.62,0.33,0.49,0.0321,0
314,23219,483,14.61,0.99,0.24,0.65,0.0422,0
81,668,1559,4.92,0.8,0.55,0.63,0.0161,1
2311,893,2288,8.07,0.85,0.24,0.42,0.0343,0
444,1990,1869,0.15,0.88,0.07,0.38,0.0224,0
315,76,54,0.03,0.38,0.01,0.15,0.037,1
19,30,5810,17.85,0.42,0.81,0.81,0.0012,1
899,112,189,0.44,0.91,0.03,0.21,0.069,0
97,290,630,0.39,0.88,0.03,0.29,0.0557,0
39,45,3802,12.78,0.22,0.87,0.74,0.0032,1
570,259,453,0.62,0.75,0.16,0.22,0.0155,0
15,28,107,0.42,0.46,0.32,0.47,0.0847,0
54,616,1305,5.71,0.76,0.4,0.41,0.0031,1
725,1422,2298,11.35,0.86,0.21,0.56,0.0376,0
345,240,517,1.48,0.81,0.04,0.59,0.0469,0
53,697,914,2.37,0.67,0.4,0.5,0.0169,1
532,126,457,3.22,0.8,0.38,0.44,0.0188,1
4,6,28,1.68,0.42,0.12,0.39,0.0758,0
210,4122,478,15.69,0.93,0.49,0.48,0.0575,0
460,5,243,0.05,0.58,0.09,0.14,0.0198,0
25,73,1875,10.11,0.37,0.87,0.81,0.0014,1
268,1047,3285,12.9,0.86,0.23,0.41,0.0321,0
531,14801,1360,14.81,0.91,0.29,0.62,0.0231,0
195,34,126,0.01,0.57,0.03,0.16,0.0365,0
90,2291,2045,0.12,0.56,0.02,0.54,0.0337,0
18,10,5,1.02,0.34,0.15,0.33,0.0998,0
23,88,4916,8.45,0.2,0.74,0.79,0.0028,1
158,373,409,3.37,0.74,0.05,0.18,0.0867,0
264,15,61,0.02,0.59,0.01,0.23,0.0305,0
151,410,335,4.79,0.69,0.38,0.68,0.0143,1
1313,440,1195,9.62,0.88,0.29,0.54,0.0685,1
1719,630,4433,9.93,0.82,0.82,0.54,0.0087,1
703,78,149,0.03,0.5,0.02,0.07,0.0221,0
173,213,241,3.04,0.64,0.15,0.16,0.0821,1
512,11,188,0.02,0.39,0.08,0.28,0.0196,0
404,57,121,1.05,0.81,0.12,0.31,0.1056,0
572,668,621,2.53,0.79,0.02,0.38,0.0273,0
185,638,374,0.49,0.69,0.25,0.15,0.0761,0
552,51,165,0.04,0.58,0.06,0.28,0.0268,0
182,519,266,1.96,0.75,0.11,0.62,0.1243,0
392,179,646,2.48,0.78,0.32,0.77,0.0089,1
11,2,8,0.34,0.48,0.11,0.37,0.0507,0
558,877,452,0.81,0.77,0.12,0.54,0.0367,0
148,54,85,0.51,0.81,0.03,0.34,0.1034,0
580,170,2860,17.36,0.97,0.26,0.35,0.0584,0
509,37,200,0.02,0.34,0.05,0.2,0.0378,0
6,88,1291,26.16,0.43,0.94,0.89,0.0018,1
181,392,1796,4.61,0.63,0.34,0.55,0.0171,1
203,728,3454,6.88,0.92,0.24,0.49,0.0395,0
1155,708,469,0.22,0.72,0.04,0.63,0.0199,0
442,363,441,3.92,0.83,0.06,0.38,0.0419,0
284,109,136,0.46,0.81,0.03,0.29,0.1015,0
189,625,1062,0.32,0.69,0.01,0.31,0.1099,0
17,17,102,1.28,0.38,0.34,0.39,0.0442,0
1,29,3049,12.26,0.43,0.81,0.72,0.0011,1
334,540,683,2.99,0.64,0.25,0.6,0.0079,1
321,60,74,0.02,0.57,0.1,0.32,0.0299,0
241,18,199,0.0,0.51,0.02,0.12,0.002,0
181,251,434,1.5,0.93,0.06,0.26,0.0376,0
25,11,1299,14.79,0.24,0.95,0.79,0.0005,1
58,511,1559,4.75,0.82,0.53,0.57,0.0176,1
206,805,797,0.42,0.81,0.15,0.48,0.0915,0
256,6932,948,15.81,0.91,0.49,0.34,0.079,0
13,265,7920,1.09,0.41,0.89,0.64,0.0028,1
30,79,2488,8.35,0.34,0.93,0.93,0.0034,1
563,269,3143,13.12,0.89,0.44,0.47,0.0431,0
1,40,2098,10.06,0.33,0.83,0.78,0.001,1
14,4,25,1.06,0.61,0.32,0.22,0.0383,0
1069,275,2922,14.47,0.68,0.65,0.52,0.0034,1
8,33,1861,13.88,0.42,0.71,0.72,0.0026,1
495,212,732,2.81,0.7,0.4,0.61,0.0137,1
13,25,85,1.18,0.5,0.22,0.25,0.0206,0
29,3,59,1.18,0.37,0.27,0.35,0.0556,0
986,116,121,1.39,1.0,0.36,0.23,0.0167,0
142,317,1359,2.16,0.65,0.38,0.43,0.017,1
460,21130,2652,5.69,0.85,0.16,0.75,0.0442,0
2091,443,3832,22.44,0.75,0.83,0.6,0.0058,1
579,1870,3007,0.19,0.78,0.46,0.18,0.1088,0
567,48,216,0.01,0.43,0.03,0.11,0.0296,1
1646,1150,2823,14.33,0.69,0.76,0.85,0.0024,1
448,10,114,0.02,0.55,0.05,0.25,0.0027,0
779,69,193,0.01,0.51,0.1,0.25,0.0115,0
1139,475,1796,6.62,0.8,0.85,0.58,0.0059,1
265,225,1583,3.66,0.62,0.46,0.75,0.0045,1
156,481,541,2.89,0.77,0.5,0.58,0.0123,1
4,17,4327,8.65,0.37,0.95,0.74,0.0032,1
28,128,3975,2.57,0.61,0.88,0.42,0.0027,1
75,196,2771,1.88,0.47,0.92,0.65,0.0047,1
279,116,163,0.98,0.83,0.06,0.55,0.1798,0
322,137,179,1.28,0.52,0.01,0.23,0.0213,0
1097,533,380,1.43,0.73,0.01,0.2,0.0398,0
2740,1375,2830,6.83,0.99,0.4,0.51,0.0769,0
25,154,6160,1.62,0.33,0.97,0.45,0.0013,1
698,859,1213,1.29,0.75,0.02,0.47,0.0598,0
318,2246,2839,16.19,0.95,0.48,0.56,0.0349,0
89,303,4464,2.39,0.31,0.81,0.4,0.0023,1
1342,359,1592,8.89,0.96,0.45,0.63,0.0155,0
1322,161,1838,7.15,0.81,0.53,0.55,0.0068,1
1100,91,93,0.57,1.0,0.02,0.34,0.0641,0
245,695,319,3.07,0.85,0.5,0.63,0.0145,1
3034,6256,717,6.49,0.92,0.41,0.67,0.0618,0
87,57,4975,12.31,0.32,0.84,0.88,0.0018,1
225,147,354,0.36,1.0,0.04,0.48,0.0123,0
235,434,684,0.99,0.59,0.05,0.6,0.0919,0
97,276,341,0.85,0.91,0.14,0.39,0.0738,0
91,235,7971,0.52,0.62,0.93,0.43,0.0018,1
54,332,4182,1.63,0.64,0.95,0.44,0.0023,1
235,87,172,0.15,0.72,0.37,0.54,0.0235,1
132,124,84,1.15,0.93,0.06,0.41,0.0739,0
239,428,1088,4.21,0.65,0.38,0.66,0.0178,1
333,119,151,1.52,0.7,0.03,0.32,0.0754,0
506,231,189,1.03,1.0,0.07,0.58,0.1324,0
761,47,31,0.04,0.39,0.05,0.17,0.0132,0
13,43,2512,46.59,0.4,0.82,0.71,0.0037,1
286,179,200,0.69,0.87,0.19,0.47,0.0176,0
199,595,877,3.46,0.86,0.35,0.74,0.0194,1
599,429,713,0.17,0.77,0.18,0.37,0.0261,0
197,783,763,2.18,0.64,0.45,0.46,0.0199,1
75,288,2180,2.43,0.55,1.0,0.52,0.003,1
1279,851,3528,8.29,0.81,0.73,0.72,0.0091,1
795,1174,4468,12.71,0.84,0.57,0.71,0.0027,1
20,82,5802,37.65,0.27,0.71,0.7,0.0003,1
157,125,447,2.27,0.89,0.35,0.7,0.0069,1
490,3936,858,11.66,0.98,0.37,0.56,0.0615,0
91,775,724,0.85,0.83,0.14,0.39,0.0783,0
259,532,1157,4.3,0.68,0.39,0.47,0.0172,1
636,2309,2977,10.39,0.96,0.22,0.67,0.0476,0
208,262,306,2.46,0.7,0.05,0.31,0.0735,0
27,12,33,0.12,0.45,0.3,0.29,0.0275,0
1908,1191,4900,10.07,0.61,0.59,0.54,0.0026,1
90,178,5806,1.4,0.33,0.93,0.47,0.0014,1
724,354,401,1.56,0.66,0.03,0.24,0.0862,0
583,294,1778,5.28,0.69,0.5,0.55,0.0166,1
1303,1074,1953,24.69,0.76,0.65,0.67,0.0081,1
405,157,1194,3.66,0.66,0.38,0.66,0.0114,1
1340,14589,2808,13.03,0.93,0.15,0.37,0.0639,0
755,66,112,0.18,1.0,0.01,0.6,0.0539,0
360,1349,1720,1.67,0.78,0.14,0.24,0.0635,0
511,12,222,0.01,0.4,0.08,0.33,0.0178,0
189,339,1395,5.16,0.6,0.45,0.46,0.0149,1
763,975,2544,16.44,0.99,0.44,0.54,0.0702,0
132,380,757,2.44,0.73,0.34,0.42,0.0153,1
406,54,127,0.05,0.37,0.01,0.24,0.037,0
577,234,1367,5.32,0.72,0.37,0.46,0.0161,1
1150,345,435,0.11,0.81,0.16,0.44,0.0547,0
461,322,1763,2.05,0.75,0.36,0.58,0.0114,1
299,49,138,0.04,0.51,0.0,0.23,0.0326,0
554,3824,939,12.55,0.95,0.18,0.39,0.0326,0
469,415,1444,2.4,0.9,0.41,0.62,0.0135,1
30,209,4369,0.89,0.43,0.91,0.36,0.0031,1
19,25,41,1.74,0.44,0.2,0.27,0.0617,0
281,1128,2324,0.31,1.0,0.09,0.4,0.0764,0
463,9,61,0.02,0.47,0.08,0.23,0.0305,0
341,673,1159,2.61,0.83,0.36,0.47,0.0099,1
876,2447,2090,7.63,0.94,0.33,0.65,0.0266,0
542,633,1123,2.31,0.67,0.4,0.74,0.0065,1
38,270,6067,0.56,0.31,0.99,0.57,0.0029,1
312,11311,3414,9.95,0.88,0.35,0.74,0.0199,1
595,61,47,0.03,0.47,0.01,0.11,0.0362,0
354,33,182,0.03,0.42,0.07,0.32,0.0397,0
19,1,98,1.7,0.38,0.29,0.42,0.0146,0
259,997,1662,2.65,0.79,0.02,0.48,0.0393,0
504,61,237,0.01,0.39,0.02,0.12,0.0309,0
151,275,255,0.8,0.97,0.01,0.64,0.053,0
1256,1862,3317,12.79,1.0,0.45,0.65,0.0436,0
277,549,1734,7.55,0.89,0.5,0.61,0.0679,0
509,123,1269,3.64,0.84,0.34,0.51,0.0116,1
624,54,228,0.01,0.38,0.02,0.18,0.0175,0
212,278,1476,3.96,0.8,0.33,0.65,0.0064,1
11,39,3534,9.84,0.29,0.72,0.8,0.0016,1
36,130,5725,2.86,0.4,0.93,0.37,0.0028,1
19,85,1957,9.65,0.19,0.84,0.79,0.0005,1
257,170,260,0.25,0.87,0.01,0.3,0.0174,0
190,131,179,2.15,0.83,0.03,0.25,0.0378,0
452,21,196,0.03,0.33,0.01,0.29,0.0282,0
145,342,367,2.41,0.8,0.02,0.32,0.0706,0
728,307,626,1.33,0.82,0.07,0.22,0.1279,0
949,890,1840,0.23,0.93,0.06,0.5,0.0495,0
137,7,36,0.02,0.49,0.09,0.22,0.0103,0
958,3323,1826,14.44,0.91,0.44,0.49,0.0765,0
750,210,484,1.81,0.55,0.03,0.53,0.0392,0
17,76,4653,13.16,0.24,0.81,0.95,0.0039,1
227,303,268,1.95,0.85,0.04,0.48,0.0102,0
24,273,2314,2.77,0.51,0.87,0.4,0.004,1
101,230,2421,0.21,0.58,0.8,0.49,0.0029,1
6,20,5648,41.69,0.47,0.79,0.8,0.0037,1
265,587,660,1.78,0.68,0.25,0.75,0.014,1
303,49,152,0.03,0.3,0.04,0.34,0.0227,0
590,563,1297,5.65,0.66,0.54,0.72,0.0059,1
466,864,1197,0.27,0.76,0.04,0.29,0.0328,0
498,439,1687,5.41,0.66,0.25,0.75,0.0069,1
145,498,840,0.19,1.0,0.09,0.63,0.0904,0
1738,546,3526,10.85,0.79,0.83,0.63,0.0087,1
277,321,347,5.58,1.0,0.03,0.38,0.0195,0
161,132,1583,5.39,0.72,0.45,0.59,0.0156,1
21,28,59,0.21,0.37,0.43,0.42,0.0652,0
580,1090,485,1.54,0.75,0.19,0.49,0.0842,1
21,6,65,0.82,0.4,0.31,0.36,0.0546,0
227,1168,2108,0.33,0.81,0.04,0.43,0.175,0
135,237,359,2.8,0.64,0.13,0.32,0.0202,0
159,33,189,0.05,0.56,0.0,0.23,0.0155,1
392,366,2430,8.17,0.94,0.47,0.53,0.0543,0
340,125,1432,3.43,0.64,0.36,0.49,0.0183,1
1159,2202,455,10.33,0.89,0.25,0.7,0.0585,0
375,336,473,1.19,0.85,0.22,0.6,0.1541,0
94,135,6438,2.62,0.49,0.83,0.57,0.0035,1
563,693,1111,1.96,0.88,0.52,0.54,0.0035,1
130,300,231,1.65,0.89,0.07,0.57,0.067,0
316,524,668,2.58,0.64,0.47,0.71,0.0091,0
74,74,2170,19.02,0.32,0.74,0.92,0.0004,1
273,324,173,0.11,0.76,0.02,0.29,0.0317,1
757,57,273,0.04,0.48,0.03,0.3,0.0123,0
244,1064,1543,3.2,0.85,0.05,0.35,0.0274,0
572,1387,1223,4.03,0.9,0.43,0.71,0.0409,0
798,1818,2762,0.94,0.94,0.13,0.6,0.0216,0
164,247,179,0.22,0.86,0.12,0.45,0.0554,0
750,27,192,0.01,0.38,0.05,0.12,0.003,0
2063,465,2564,13.65,0.81,0.7,0.72,0.0029,1
483,21,180,0.01,0.34,0.08,0.12,0.0364,0
593,227,220,1.59,0.91,0.08,0.32,0.0607,0
32,337,7193,0.33,0.56,0.84,0.64,0.0016,1
555,721,771,4.75,0.83,0.28,0.6,0.0112,1
344,72,196,2.81,1.0,0.13,0.38,0.1252,0
599,566,761,3.77,0.69,0.46,0.71,0.0079,1
825,386,197,0.25,0.76,0.02,0.36,0.0444,0
192,335,757,0.7,0.68,0.32,0.61,0.1409,0
473,131,290,1.73,1.0,0.31,0.35,0.0382,0
118,540,1507,5.35,0.69,0.43,0.77,0.0074,1
128,1012,1846,3.2,0.8,0.08,0.16,0.0339,0
82,77,196,0.02,0.26,0.07,0.05,0.0332,0
376,169,108,0.71,0.77,0.02,0.44,0.116,0
139,864,1673,3.61,0.92,0.18,0.64,0.0188,0
32,55,1344,43.13,0.23,0.85,0.72,0.0022,1
239,75,73,0.02,0.45,0.02,0.25,0.0152,0
496,424,501,1.12,0.62,0.03,0.23,0.2047,0
1,29,89,1.31,0.31,0.17,0.39,0.0665,0
15,22,2569,27.28,0.24,0.87,0.96,0.0016,1
1,56,5186,21.03,0.39,0.89,0.88,0.0014,1
474,507,528,5.94,0.65,0.4,0.48,0.01,1
666,604,950,0.64,0.76,0.1,0.16,0.0403,0
190,12,153,0.03,0.4,0.02,0.05,0.0393,0
84,141,5783,0.53,0.58,0.8,0.58,0.0035,1
36,312,5176,0.26,0.62,0.78,0.52,0.0028,1
414,27,102,0.04,0.42,0.01,0.25,0.0105,0
799,928,1367,0.93,0.71,0.18,0.2,0.0576,0
97,448,6042,1.46,0.6,0.85,0.64,0.0031,1
497,557,1564,2.33,0.64,0.26,0.46,0.0167,1
26,88,4402,13.43,0.16,0.86,0.79,0.0023,1
121,47,139,0.02,0.31,0.05,0.21,0.0244,0
106,149,2623,2.62,0.63,0.78,0.7,0.0039,1
93,334,3805,2.84,0.42,0.95,0.65,0.0008,1
17,87,3590,26.61,0.18,0.94,0.88,0.0017,1
101,342,2386,2.39,0.42,0.89,0.51,0.0039,1
134,66,182,0.01,0.27,0.1,0.11,0.0125,0
111,410,5608,1.26,0.55,0.9,0.38,0.0014,1
7,21,5640,11.9,0.43,0.81,0.8,0.0006,1
373,20,244,0.01,0.41,0.05,0.26,0.0337,0
817,73,55,0.23,0.81,0.16,0.5,0.0657,0
107,357,2952,0.31,0.49,0.83,0.36,0.0045,0
330,51,106,1.37,0.71,0.04,0.34,0.0669,0
228,124,1114,7.32,0.99,0.39,0.64,0.0276,0
508,121,1528,4.09,0.65,0.33,0.65,0.0134,1
111,222,6238,0.76,0.4,0.99,0.4,0.0045,1
128,55,43,0.63,0.72,0.03,0.42,0.1141,0
318,280,592,2.83,0.6,0.39,0.8,0.0184,1
711,264,507,0.15,0.9,0.18,0.64,0.0767,0
17,17,50,1.14,0.65,0.42,0.3,0.0603,0
428,338,1140,16.25,0.96,0.28,0.45,0.0566,0
765,12,205,0.03,0.53,0.08,0.27,0.0275,0
427,1357,2775,3.7,0.83,0.2,0.57,0.0547,0
582,252,756,4.55,0.73,0.26,0.78,0.0115,1
904,283,416,3.57,1.0,0.11,0.56,0.0346,0
618,1178,2034,16.94,0.94,0.36,0.56,0.0457,0
112,472,3447,1.48,0.57,0.92,0.68,0.0035,1
6,18,5071,34.15,0.31,0.8,0.7,0.0012,1
116,1123,1064,0.32,0.74,0.12,0.46,0.069,1
721,21,138,0.04,0.38,0.04,0.32,0.0256,0
28,84,2212,17.82,0.2,0.74,0.81,0.0024,1
173,182,278,0.14,0.82,0.09,0.26,0.0569,0
2049,257,1849,7.78,0.67,0.85,0.63,0.0042,1
340,558,1244,5.64,0.84,0.3,0.77,0.0156,1
2,1,44,1.41,0.6,0.21,0.48,0.033,0
3813,313,2792,5.52,0.9,0.38,0.41,0.0425,0
463,2626,2111,6.09,0.87,0.38,0.41,0.0439,0
217,352,193,1.9,0.82,0.13,0.58,0.195,0
20,20,90,0.9,0.57,0.17,0.25,0.0647,0
145,299,646,3.91,0.91,0.05,0.21,0.0267,0
10,14,3635,64.59,0.35,0.76,0.79,0.0014,1
441,49,106,0.77,0.88,0.06,0.34,0.0359,0
1740,738,1854,14.69,0.69,0.64,0.59,0.0023,1
1017,1158,3081,18.65,0.84,0.58,0.67,0.0045,1
77,366,4733,1.18,0.41,0.77,0.59,0.0034,1
106,783,548,1.06,0.82,0.09,0.55,0.0216,0
766,60,226,0.04,0.39,0.0,0.35,0.0206,0
882,838,4754,14.8,0.75,0.55,0.73,0.0038,1
1764,1264,660,1.0,0.83,0.14,0.65,0.049,0
875,119,286,0.22,0.66,0.14,0.47,0.0715,0
374,732,1791,5.07,0.8,0.5,0.74,0.0089,1
240,267,150,2.14,0.89,0.15,0.2,0.0258,0
718,28,136,0.02,0.28,0.08,0.27,0.0186,0
920,506,351,0.16,0.95,0.05,0.5,0.0368,0
35,62,5953,8.4,0.15,0.8,0.88,0.0039,0
30,63,4350,12.27,0.27,0.85,0.73,0.0031,1
48,209,6871,2.96,0.56,0.95,0.36,0.0022,1
744,17,34,0.02,0.35,0.08,0.12,0.0303,0
65,445,6047,1.74,0.43,0.87,0.51,0.0035,1
223,374,1162,2.75,0.74,0.5,0.71,0.0055,1
8,17,15,0.92,0.48,0.44,0.44,0.0828,0
415,227,1113,5.57,0.63,0.46,0.65,0.0066,1
187,583,1241,0.83,0.99,0.1,0.33,0.0077,0
346,1965,656,8.82,0.91,0.35,0.61,0.0158,0
265,15968,3476,15.27,0.9,0.22,0.46,0.0175,0
94,134,3566,1.49,0.49,0.86,0.38,0.0038,1
1602,451,4546,5.73,0.61,0.63,0.56,0.0071,1
10,95,2402,34.44,0.44,0.89,0.87,0.0015,1
220,358,321,1.89,0.75,0.32,0.47,0.0162,1
178,693,999,0.77,0.61,0.03,0.33,0.0331,0
27,76,4540,12.82,0.36,0.8,0.88,0.0034,1
936,5165,2565,6.61,0.86,0.43,0.56,0.0471,0
336,730,1070,0.12,0.95,0.02,0.6,0.0447,0
14,18,4522,38.41,0.18,0.74,0.86,0.0018,1
9,19,111,1.67,0.38,0.23,0.2,0.0795,0
553,692,1270,5.5,0.71,0.31,0.72,0.0081,1
1,17,4854,12.09,0.24,0.69,0.74,0.0021,1
30,73,7674,0.55,0.42,0.79,0.66,0.0008,1
277,26,100,0.03,0.6,0.07,0.29,0.0259,0
502,749,716,4.89,0.64,0.25,0.43,0.0104,1
502,261,366,0.94,0.7,0.01,0.15,0.1004,0
539,266,910,5.0,0.87,0.4,0.54,0.02,1
1,32,5106,19.67,0.22,0.93,0.76,0.0028,1
7,2,5905,29.33,0.44,0.75,0.8,0.0008,1
26,81,4263,11.4,0.17,0.69,0.9,0.0019,1
1299,995,508,0.47,0.77,0.02,0.53,0.1803,0
504,2397,3895,1.59,0.88,0.02,0.48,0.0211,1
90,427,4010,2.84,0.4,0.98,0.43,0.0011,1
460,506,622,4.85,0.75,0.42,0.58,0.0153,1
460,284,246,1.14,0.87,0.03,0.2,0.0651,0
611,1546,1780,6.91,1.0,0.49,0.36,0.0277,1
731,839,2878,12.31,0.99,0.34,0.62,0.0524,0
442,597,1605,3.01,0.74,0.43,0.74,0.0191,1
163,212,422,0.5,1.0,0.09,0.39,0.0439,0
1586,444,4027,17.81,0.79,0.7,0.65,0.0097,1
10,6,21,1.29,0.66,0.39,0.24,0.0678,0
322,349,280,1.52,0.68,0.06,0.43,0.0217,0
103,66,143,0.04,0.28,0.01,0.15,0.0029,0
62,216,6064,1.55,0.64,0.78,0.37,0.0043,1
1071,2026,2531,15.37,0.96,0.32,0.46,0.0535,0
638,160,300,0.51,0.7,0.16,0.28,0.0403,0
214,217,1682,5.06,0.9,0.31,0.42,0.0109,1
14,40,3130,11.55,0.22,0.78,0.89,0.0014,1
14,10,73,1.78,0.63,0.24,0.22,0.09,0
502,216,390,2.47,0.77,0.24,0.62,0.1584,0
186,409,249,1.53,1.0,0.04,0.28,0.0962,0
2124,928,3162,20.02,0.84,0.75,0.59,0.0031,1
442,200,305,0.22,0.48,0.25,0.36,0.1101,0
15,28,49,0.56,0.51,0.36,0.4,0.0284,0
25,5,5008,12.15,0.34,0.68,0.92,0.0027,1
658,35689,1934,17.02,0.89,0.35,0.43,0.0578,0
1728,163,251,3.3,0.95,0.06,0.25,0.072,1
119,437,5875,0.55,0.37,0.88,0.66,0.0011,1
40,424,7088,2.73,0.39,0.83,0.59,0.001,1
2,8,4727,9.54,0.26,0.96,0.8,0.0008,1
292,188,459,2.57,0.87,0.52,0.64,0.0033,1
608,140,94,2.34,0.86,0.06,0.54,0.1064,0
790,30,106,0.02,0.5,0.03,0.14,0.0205,1
21,13,41,0.34,0.63,0.31,0.34,0.0844,0
360,41,224,0.05,0.3,0.03,0.27,0.0067,0
422,1525,2423,8.01,1.0,0.15,0.52,0.0608,0
234,434,1594,5.74,0.79,0.41,0.6,0.0131,1
12,368,7035,1.73,0.37,0.96,0.36,0.0035,1
500,284,1728,5.59,0.78,0.52,0.71,0.0064,0
568,7475,1808,17.55,0.97,0.28,0.43,0.034,0
130,147,322,1.01,0.74,0.09,0.39,0.1034,0
389,1703,1986,2.11,0.8,0.03,0.35,0.0785,0
650,41,162,0.0,0.44,0.01,0.2,0.0152,0
1989,846,1638,23.57,0.66,0.55,0.74,0.0073,0
26,318,2335,2.59,0.47,0.89,0.64,0.001,1
273,742,1209,0.78,0.86,0.02,0.45,0.1039,0
424,40,92,0.03,0.43,0.08,0.19,0.0183,0
490,103,1420,4.12,0.8,0.34,0.51,0.0034,1
8,31,3586,16.64,0.18,0.89,0.95,0.0028,1
282,89,208,0.19,0.67,0.07,0.47,0.1566,1
110,467,1410,5.08,0.61,0.53,0.43,0.0184,1
238,61,274,0.01,0.33,0.07,0.31,0.011,0
1116,246,366,0.13,0.79,0.06,0.64,0.0788,0
2183,1066,2757,10.53,0.82,0.51,0.71,0.0085,1
102,239,293,0.37,0.86,0.02,0.19,0.0149,0
8,1,57,0.15,0.56,0.4,0.42,0.0295,0
139,252,1682,3.9,0.64,0.49,0.67,0.0176,1
1553,576,1863,23.33,0.6,0.58,0.65,0.008,1
192,322,712,0.24,1.0,0.02,0.21,0.0158,0
517,363,1575,3.54,0.74,0.39,0.7,0.0051,1
1,92,3727,48.82,0.46,0.92,0.97,0.0012,0
390,1828,1727,14.19,0.86,0.49,0.69,0.0718,0
135,375,787,5.23,0.82,0.37,0.57,0.0167,1
336,189,301,0.42,0.8,0.02,0.16,0.0764,0
27,26,99,0.35,0.41,0.14,0.26,0.0455,0
7,79,4545,20.33,0.24,0.67,0.75,0.0029,1
525,1115,3321,5.84,0.89,0.5,0.72,0.0178,0
385,522,1372,2.9,0.63,0.28,0.74,0.0072,1
508,360,374,4.8,0.92,0.03,0.45,0.25,1
567,775,988,3.74,0.73,0.39,0.46,0.0195,1
649,45,266,0.01,0.55,0.05,0.08,0.0038,1
598,190,573,3.34,0.73,0.29,0.5,0.0047,1
735,73,235,0.02,0.53,0.03,0.09,0.0263,0
215,475,500,1.94,0.69,0.11,0.19,0.1302,0
390,108,191,0.74,0.96,0.06,0.2,0.0238,0
5,97,3000,18.88,0.3,0.71,0.87,0.0022,1
339,55,146,0.03,0.26,0.1,0.28,0.0316,0
411,669,1371,5.51,0.85,0.39,0.61,0.0059,1
125,287,132,2.27,1.0,0.07,0.42,0.1837,0
109,407,5866,2.66,0.54,0.92,0.47,0.0016,1
661,57,86,0.03,0.36,0.06,0.08,0.0261,0
34,26,161,0.04,0.6,0.09,0.08,0.0179,0
46,67,6494,2.44,0.37,0.93,0.65,0.001,1
7,77,4996,15.68,0.4,0.69,0.85,0.0016,1
270,2888,2129,4.93,0.95,0.34,0.59,0.0483,0
46,6,3575,28.45,0.36,0.65,0.71,0.0031,1
463,632,289,1.37,0.91,0.13,0.38,0.1232,0
418,378,902,2.75,0.71,0.33,0.79,0.0074,1
555,3610,815,8.99,0.98,0.25,0.69,0.0414,0
457,126,165,2.8,0.64,0.07,0.34,0.0609,0
4,7,33,0.49,0.53,0.24,0.29,0.0791,0
302,530,997,2.18,0.75,0.49,0.42,0.0171,1
117,634,684,4.13,1.0,0.26,0.22,0.0421,0
256,506,1020,3.22,0.63,0.48,0.56,0.0035,1
490,297,193,1.37,0.99,0.02,0.19,0.0606,0
6,20,107,1.45,0.35,0.16,0.42,0.0352,0
139,11,240,0.02,0.45,0.01,0.29,0.0221,0
767,12760,3086,5.89,0.92,0.25,0.45,0.0524,0
10,15,3239,17.64,0.17,0.84,0.86,0.0019,1
34,9,5719,32.92,0.48,0.9,0.75,0.001,1
673,78,108,1.36,0.89,0.04,0.26,0.1084,0
10,17,94,1.36,0.44,0.37,0.45,0.0925,0
274,21,112,0.02,0.26,0.07,0.3,0.0038,0
1511,2444,1647,13.27,0.95,0.33,0.58,0.051,0
504,137,272,2.07,0.78,0.22,0.53,0.0696,0
155,216,198,0.79,1.0,0.05,0.59,0.0728,0
995,209,176,1.58,0.99,0.0,0.51,0.0506,0
447,332,210,0.7,1.0,0.05,0.55,0.1344,0
1043,412,509,2.74,0.84,0.02,0.21,0.0327,0
778,637,309,0.48,0.85,0.19,0.56,0.0176,0
1030,80,170,2.6,0.56,0.26,0.32,0.0477,0
1860,302,1809,14.56,0.77,0.58,0.61,0.0051,1
224,1164,817,2.64,0.59,0.03,0.24,0.105,0
70,222,4425,2.69,0.54,0.82,0.37,0.0027,1
117,1328,2418,1.37,0.91,0.05,0.36,0.085,0
1123,630,2708,9.1,0.88,0.38,0.47,0.0649,0
200,476,352,1.2,0.66,0.12,0.44,0.1162,0
19,2,2126,20.99,0.2,0.8,0.82,0.0013,1
778,7533,591,10.56,0.92,0.49,0.64,0.0586,0
262,282,575,0.93,0.82,0.11,0.28,0.1423,0
793,65,231,0.02,0.3,0.01,0.23,0.0158,0
358,3725,907,10.19,0.98,0.17,0.42,0.0721,0
340,1067,2985,6.5,0.98,0.23,0.39,0.0488,0
25,18,22,1.11,0.38,0.41,0.22,0.0714,0
29,120,6040,2.8,0.64,0.92,0.69,0.0035,1
110,582,955,3.65,0.75,0.52,0.5,0.0086,1
13,32,5231,17.92,0.44,0.79,0.95,0.0006,1
13,55,4799,11.62,0.17,0.79,0.95,0.0019,1
319,187,210,0.69,0.75,0.03,0.49,0.1155,0
91,126,7652,1.35,0.37,0.95,0.64,0.0032,1
155,526,898,1.58,0.62,0.3,0.68,0.0136,1
477,296,156,1.94,0.63,0.02,0.3,0.0941,0
411,700,1698,5.36,0.88,0.49,0.72,0.0045,1
298,442,1651,4.84,0.68,0.48,0.59,0.0048,1
12,337,5619,2.09,0.5,0.89,0.61,0.0023,1
101,59,3613,1.39,0.32,0.93,0.54,0.0048,1
475,155,188,2.99,1.0,0.13,0.24,0.1249,0
593,7,280,0.01,0.54,0.06,0.31,0.0165,0
232,406,920,0.35,0.71,0.16,0.61,0.1006,0
743,58,183,0.01,0.34,0.03,0.25,0.036,0
288,125,1468,3.59,0.86,0.46,0.75,0.0107,1
271,10,60,0.04,0.27,0.02,0.12,0.04,0
847,1087,2420,22.96,0.64,0.5,0.75,0.0032,1
57,243,4094,0.36,0.65,0.85,0.46,0.0047,1
283,399,622,1.86,0.84,0.11,0.49,0.1333,0
28,27,1275,21.15,0.21,0.8,0.9,0.004,1
923,761,1579,6.25,0.75,0.71,0.52,0.0098,1
707,896,1249,0.88,0.66,0.02,0.31,0.0224,0
683,72,222,0.04,0.54,0.0,0.17,0.0392,0
389,661,803,3.58,0.85,0.32,0.74,0.0172,1
240,633,510,3.21,0.9,0.32,0.78,0.0095,1
379,55,87,0.01,0.45,0.09,0.15,0.0064,0
2129,297,1883,14.03,0.63,0.51,0.84,0.0065,1
209,274,1520,4.25,0.77,0.47,0.5,0.0154,1
579,261,1408,4.96,0.89,0.34,0.79,0.012,1
584,195,420,1.73,0.79,0.18,0.33,0.0791,0
1254,950,4544,18.56,0.61,0.68,0.61,0.007,1
484,1092,969,10.28,0.87,0.29,0.37,0.0773,0
254,104,220,0.88,0.9,0.2,0.16,0.0786,0
355,393,540,1.67,0.78,0.09,0.61,0.1012,0
1103,613,813,0.7,0.79,0.02,0.32,0.0852,0
480,22,115,0.02,0.37,0.03,0.13,0.0318,0
1266,29,83,0.98,0.69,0.06,0.21,0.0596,0
13,74,4341,11.85,0.45,0.79,0.83,0.0026,1
198,157,272,1.31,0.73,0.16,0.56,0.0452,0
877,897,4233,8.79,0.79,0.63,0.63,0.0022,1
361,609,1636,4.33,0.81,0.49,0.7,0.0128,1
987,361,4960,10.01,0.7,0.56,0.84,0.0036,1
281,7018,13525,0.8,0.6,0.08,0.55,0.0579,0
45,446,6676,2.41,0.35,0.84,0.43,0.0022,1
528,200,156,0.12,0.66,0.1,0.54,0.0491,0
783,623,3861,10.51,0.83,0.8,0.66,0.0096,1
13,81,1612,16.44,0.34,0.98,0.7,0.0021,1
8,4,76,1.22,0.58,0.19,0.3,0.0362,0
732,31006,770,5.41,0.86,0.22,0.36,0.0396,0
111,1140,744,0.5,0.95,0.04,0.35,0.1321,0
224,111,387,4.58,0.89,0.42,0.5,0.0148,1
35,11,4281,30.38,0.36,0.75,0.72,0.0029,1
295,626,1116,5.21,0.78,0.43,0.49,0.0043,1
400,523,818,5.15,0.62,0.35,0.71,0.0079,1
9,26,11,1.53,0.69,0.36,0.42,0.025,0
475,263,277,0.64,0.66,0.0,0.37,0.0252,0
10,38,2222,44.18,0.26,0.67,0.85,0.0029,1
63,72,1465,17.04,0.31,0.8,0.96,0.0014,1
489,202,885,4.85,0.65,0.37,0.62,0.0075,1
158,171,201,2.06,0.68,0.2,0.35,0.0499,0
395,122,1404,3.98,0.78,0.38,0.59,0.0123,1
1022,707,4259,14.68,0.69,0.5,0.72,0.0074,1
292,1227,1033,2.83,0.71,0.02,0.19,0.0784,0
317,2739,931,6.33,0.92,0.21,0.59,0.0652,0
561,456,690,5.26,0.68,0.39,0.63,0.0036,1
151,2375,3922,2.3,0.65,0.1,0.55,0.1258,0
271,54,57,0.22,0.86,0.13,0.42,0.0217,0
878,461,988,0.61,0.75,0.11,0.51,0.0871,0
117,473,5988,1.88,0.57,0.94,0.55,0.0034,1
3,45,2767,33.26,0.47,0.97,0.85,0.0007,1
545,122,140,0.52,0.95,0.01,0.45,0.1926,0
629,283,608,0.49,0.91,0.07,0.55,0.0759,0
676,486,287,1.63,0.86,0.04,0.42,0.005,0
81,313,2745,1.81,0.46,0.8,0.44,0.0011,1
368,514,391,1.3,0.62,0.11,0.27,0.0508,0
169,46,153,0.03,0.32,0.07,0.1,0.0235,1
97,206,904,4.43,0.61,0.45,0.65,0.0138,1
303,1557,1410,0.17,0.68,0.03,0.62,0.0814,0
112,47,142,0.03,0.33,0.04,0.26,0.0129,0
203,432,252,0.12,0.79,0.02,0.43,0.0866,0
586,498,1356,4.97,0.95,0.36,0.69,0.0257,0
119,461,1093,3.49,0.78,0.44,0.64,0.004,1
272,392,1701,2.73,0.85,0.52,0.67,0.0117,1
109,69,72,0.01,0.27,0.07,0.14,0.0028,0
239,562,1771,1.76,0.77,0.37,0.48,0.0182,1
1849,3029,834,6.72,0.98,0.44,0.64,0.0225,1
551,324,1282,3.18,0.75,0.4,0.55,0.006,1
130,539,635,4.0,0.88,0.29,0.58,0.006,1
148,444,1693,2.55,0.84,0.46,0.65,0.0066,1
263,18357,620,8.05,0.89,0.18,0.55,0.062,0
9,24,4281,13.71,0.5,0.77,0.85,0.0012,1
2,64,5303,18.63,0.27,0.91,0.73,0.0019,1
39,30,4978,30.12,0.49,0.93,0.8,0.0026,1
294,3588,3009,6.27,0.97,0.48,0.67,0.055,0
1266,675,1107,1.1,0.76,0.01,0.43,0.0248,0
276,136,289,0.49,0.86,0.0,0.3,0.0504,0
70,249,4925,0.8,0.52,0.91,0.63,0.0028,1
1061,438,2608,6.74,0.92,0.39,0.51,0.0406,0
24,87,2879,14.87,0.32,0.86,0.88,0.0008,1
28,8,60,1.53,0.68,0.1,0.21,0.0566,0
400,744,367,4.47,0.66,0.27,0.78,0.0086,1
1253,332,525,0.88,0.61,0.07,0.21,0.1438,0
74,154,7018,0.36,0.43,0.8,0.58,0.002,0
1,70,3185,11.66,0.49,0.8,0.76,0.0002,1
368,225,240,1.45,0.96,0.04,0.48,0.0606,0
2,55,4314,32.48,0.21,0.79,0.75,0.0033,1
151,6,228,0.05,0.47,0.01,0.27,0.0319,0
12,1,78,0.13,0.33,0.14,0.47,0.0603,0
451,45,154,0.04,0.44,0.02,0.26,0.0223,0
62,93,1593,13.81,0.25,0.82,0.9,0.0025,1
36,493,4467,0.58,0.4,0.98,0.4,0.0034,1
565,58,210,0.03,0.32,0.01,0.06,0.0165,0
105,106,6548,0.78,0.42,0.87,0.58,0.0047,1
1072,3085,510,11.54,0.93,0.4,0.75,0.0571,0
21,52,4404,30.58,0.21,0.97,0.82,0.0019,0
299,865,779,0.21,0.95,0.06,0.56,0.033,0
1514,9022,3387,15.14,0.98,0.44,0.58,0.0343,0
264,151,257,4.23,0.89,0.02,0.33,0.1182,0
261,21,46,0.04,0.53,0.09,0.29,0.0152,0
17,66,5053,10.66,0.39,0.86,0.93,0.0023,1
39,68,215,0.03,0.53,0.05,0.11,0.0352,0
371,106,1089,4.26,0.76,0.3,0.65,0.0036,1
912,770,1315,14.23,0.93,0.3,0.59,0.0476,0
560,77,222,0.03,0.27,0.04,0.25,0.0377,0
71,369,2666,1.0,0.3,0.9,0.58,0.0032,1
575,502,1391,4.4,0.8,0.5,0.47,0.0049,1
73,325,7757,2.95,0.47,0.88,0.56,0.0048,1
579,706,1239,3.48,0.81,0.5,0.71,0.0129,1
112,262,7968,2.48,0.62,0.79,0.7,0.005,1
155,821,513,0.17,0.86,0.17,0.39,0.0238,0
185,254,341,2.92,0.68,0.01,0.41,0.1751,0
57,375,4506,1.45,0.38,0.93,0.39,0.0029,1
548,640,848,3.97,0.64,0.33,0.61,0.0063,1
14,82,5404,28.94,0.16,0.72,0.72,0.004,1
1458,1173,820,0.37,0.83,0.04,0.22,0.0974,0
217,1670,1230,0.96,0.86,0.2,0.53,0.0611,0
1665,819,1927,24.06,0.69,0.75,0.78,0.0032,1
1187,444,239,1.09,0.96,0.01,0.6,0.0967,1
112,1181,1859,1.37,0.5,0.01,0.49,0.1181,0
58,26,197,0.05,0.36,0.03,0.27,0.0189,0
796,31,95,0.01,0.37,0.1,0.12,0.0334,0
339,125,175,0.45,1.0,0.05,0.62,0.1058,0
17,72,4209,14.84,0.43,0.82,0.83,0.0007,1
29,85,3302,39.6,0.25,0.95,0.8,0.0001,1
162,891,490,2.21,0.8,0.04,0.36,0.1771,0
2142,329,2254,5.81,0.66,0.52,0.52,0.005,1
121,393,593,1.96,0.87,0.02,0.59,0.0571,0
941,1126,552,14.55,0.92,0.33,0.73,0.0236,1
608,25,71,0.04,0.32,0.09,0.35,0.039,0
489,575,724,15.57,0.85,0.33,0.42,0.0568,0
98,75,256,0.03,0.42,0.07,0.15,0.0236,0
324,459,1338,10.09,0.89,0.16,0.4,0.0303,0
1315,250,4797,13.85,0.63,0.64,0.79,0.0066,1
172,626,473,0.82,0.73,0.06,0.46,0.1023,0
218,216,322,0.24,0.92,0.1,0.27,0.0683,0
390,1009,1266,3.14,0.84,0.04,0.4,0.0676,0
579,2829,431,7.03,0.89,0.44,0.38,0.0344,0
55,91,4592,1.78,0.33,0.89,0.51,0.001,1
116,251,4511,2.24,0.43,0.91,0.62,0.0045,1
13,69,2873,38.93,0.21,0.91,0.72,0.0022,1
550,222,215,0.78,0.67,0.08,0.44,0.1241,0
91,289,515,0.58,0.73,0.53,0.3,0.1275,0
50,20,1665,28.82,0.41,0.93,0.88,0.0008,1
400,19,278,0.05,0.36,0.09,0.25,0.0238,0
244,441,708,1.52,0.66,0.06,0.53,0.0601,0
763,42,214,0.03,0.48,0.08,0.18,0.0167,0
218,620,1249,0.49,0.77,0.29,0.36,0.1247,0
235,520,1054,0.86,1.0,0.03,0.19,0.0178,0
20,47,1737,26.9,0.42,0.75,0.78,0.0009,1
134,280,1022,1.85,0.72,0.32,0.75,0.0118,1
82,320,3597,3.0,0.46,0.84,0.49,0.0022,1
1108,440,443,3.52,0.86,0.0,0.43,0.0435,0
462,352,963,5.38,0.64,0.32,0.49,0.0195,1
682,651,1469,14.84,0.97,0.18,0.48,0.039,0
65,70,4936,11.18,0.49,0.95,0.93,0.0014,1
116,789,454,0.35,1.0,0.03,0.6,0.0572,0
6,61,2843,9.96,0.44,0.82,0.77,0.0018,1
6,84,4368,9.71,0.27,0.77,0.97,0.0002,1
1129,197,207,4.17,0.91,0.06,0.19,0.0677,0
92,661,1456,0.12,0.73,0.05,0.23,0.0492,0
1324,742,1188,0.27,0.65,0.14,0.45,0.1042,0
614,657,1094,0.22,0.9,0.02,0.41,0.0802,0
494,385,900,2.75,0.71,0.43,0.62,0.0068,1
110,315,7347,0.87,0.64,0.76,0.52,0.0021,1
1606,1197,1738,16.56,0.67,0.82,0.66,0.0099,1
1066,429,3461,13.27,1.0,0.27,0.34,0.0306,0
29,0,84,0.56,0.35,0.33,0.38,0.0461,1
245,226,356,6.55,0.79,0.17,0.42,0.0958,0
86,75,5514,2.1,0.44,0.98,0.68,0.0044,1
563,1783,2927,4.81,0.96,0.45,0.66,0.0557,0
219,1031,1097,2.54,0.74,0.02,0.61,0.0242,0
714,136,144,0.49,0.91,0.06,0.42,0.0387,0
1014,2531,475,12.6,0.89,0.15,0.34,0.0172,0
281,8,58,0.01,0.47,0.05,0.14,0.0283,0
2177,507,4215,13.58,0.72,0.59,0.84,0.0053,1
635,23,55,0.04,0.28,0.09,0.1,0.0043,0
496,1168,3268,4.11,0.99,0.32,0.74,0.0444,0
194,268,1209,3.8,0.85,0.26,0.62,0.0062,1
253,114,434,4.9,0.78,0.29,0.79,0.0185,1
292,784,1519,4.27,0.61,0.3,0.43,0.0121,1
97,162,122,1.24,0.73,0.1,0.6,0.0413,0
10,436,2927,2.25,0.46,0.8,0.63,0.0023,1
412,596,769,0.5,0.72,0.0,0.25,0.1003,0
350,153,232,2.24,0.76,0.1,0.64,0.0704,0
15,12,61,1.2,0.37,0.38,0.23,0.0464,0
573,86,130,2.29,1.0,0.05,0.51,0.1561,0
308,4381,2907,17.28,0.91,0.29,0.62,0.0564,0
561,231,1115,5.38,0.66,0.28,0.41,0.0151,1
163,661,999,5.06,0.87,0.3,0.61,0.0056,1
82,182,2484,1.29,0.45,0.95,0.47,0.0017,1
14,92,3327,9.69,0.27,0.67,0.87,0.0028,1
522,220,295,0.47,0.68,0.17,0.6,0.0599,0
127,94,3180,22.89,0.29,0.85,0.9,0.0014,1
1848,382,3421,20.35,0.62,0.52,0.63,0.0042,1
491,5853,2345,8.43,0.9,0.35,0.3,0.035,0
18,52,1731,51.39,0.34,0.83,0.85,0.0021,1
30,46,5736,26.22,0.21,0.9,0.9,0.0007,1
431,2808,3513,0.29,1.0,0.03,0.32,0.0363,0
463,207,1658,1.58,0.63,0.31,0.64,0.0046,1
55,65,4771,0.82,0.62,0.91,0.5,0.0045,1
7,15,31,0.24,0.66,0.44,0.24,0.0906,0
1033,5287,1535,6.17,0.98,0.48,0.35,0.0303,0
10,38,1954,11.7,0.26,0.82,0.94,0.0017,1
2140,1090,2599,16.64,0.82,0.59,0.67,0.0059,1
274,1778,813,15.35,0.88,0.48,0.58,0.0473,0
2013,623,1561,24.05,0.57,0.78,0.6,0.0063,1
402,248,396,1.57,0.7,0.04,0.38,0.0314,0
833,3370,3431,5.04,0.92,0.26,0.43,0.0297,0
1901,783,4237,16.23,0.8,0.64,0.58,0.0044,1
52,387,7219,1.05,0.45,0.91,0.62,0.0048,1
1594,291,2943,4.85,0.94,0.42,0.44,0.0294,0
21,24,76,1.95,0.44,0.26,0.39,0.0561,0
349,12,53,0.01,0.58,0.05,0.31,0.0122,0
20,45,1926,10.28,0.27,0.92,0.76,0.0023,1
33,400,6852,2.7,0.47,0.98,0.64,0.0022,1
52,261,4380,0.33,0.53,0.92,0.67,0.0045,1
258,248,541,3.54,0.86,0.0,0.31,0.0447,0
111,786,1678,5.19,0.83,0.43,0.57,0.0106,1
115,8,262,0.0,0.33,0.07,0.09,0.0091,0
174,379,1459,1.6,0.74,0.31,0.78,0.0139,1
159,401,735,0.45,0.74,0.06,0.4,0.0379,0
263,748,581,5.0,0.75,0.28,0.76,0.0141,0
694,50,61,0.2,0.78,0.08,0.34,0.0755,0
29,379,7972,1.98,0.34,0.79,0.46,0.0013,1
26,6,40,1.14,0.44,0.35,0.31,0.052,0
431,251,456,11.51,0.94,0.29,0.54,0.0501,0
172,140,248,0.43,0.98,0.03,0.26,0.1133,0
182,607,1187,0.43,1.0,0.01,0.25,0.1206,0
295,2002,847,12.96,0.93,0.3,0.74,0.0598,0
12,18,89,1.63,0.49,0.42,0.44,0.0723,0
384,48,30,0.02,0.52,0.02,0.18,0.0098,0
317,763,331,2.07,0.87,0.54,0.43,0.0043,1
390,2052,1177,8.3,0.97,0.24,0.65,0.0259,0
224,192,312,0.55,0.73,0.06,0.44,0.0325,0
18,17,23,1.37,0.64,0.28,0.37,0.0452,0
337,35,263,0.0,0.37,0.09,0.24,0.0313,0
200,68,58,0.01,0.55,0.07,0.23,0.0315,0
4,97,3335,30.89,0.27,0.7,0.77,0.0011,1
264,539,1101,1.53,0.81,0.01,0.32,0.0948,0
10,27,80,0.56,0.57,0.43,0.26,0.0182,0
981,87,223,0.14,1.0,0.02,0.45,0.0824,0
82,298,6808,2.39,0.38,0.87,0.48,0.0014,1
14,14,4058,47.68,0.37,0.91,0.73,0.0002,1
742,72,98,0.02,0.35,0.01,0.23,0.0124,0
6,25,92,1.21,0.6,0.13,0.47,0.0812,0
505,11319,3142,8.23,0.89,0.21,0.41,0.0474,0
21,12,36,0.66,0.68,0.24,0.49,0.0686,0
108,392,277,1.47,0.83,0.13,0.62,0.0299,1
221,49,197,0.01,0.45,0.09,0.1,0.0345,0
353,546,772,1.18,0.6,0.03,0.56,0.0651,0
295,58,145,0.04,0.42,0.09,0.18,0.0389,1
111,107,6713,1.91,0.51,0.79,0.66,0.0029,1
154,393,392,2.68,0.88,0.01,0.65,0.1178,0
152,3631,4367,1.47,0.96,0.11,0.42,0.0144,0
739,511,1078,1.56,0.92,0.05,0.44,0.133,0
767,378,798,1.13,0.73,0.09,0.53,0.0311,0
231,94,176,2.13,1.0,0.04,0.19,0.113,0
8,4,2345,60.56,0.36,0.9,0.74,0.0029,1
106,449,4020,1.44,0.59,0.93,0.56,0.0036,1
753,7,52,0.03,0.28,0.07,0.21,0.0037,0
1079,323,490,2.61,0.54,0.17,0.57,0.0521,0
196,700,1118,0.14,0.96,0.01,0.24,0.0791,0
277,839,978,1.65,0.76,0.02,0.51,0.0563,0
85,202,1050,3.63,0.8,0.31,0.62,0.0168,1
24,9,40,1.67,0.68,0.41,0.27,0.0834,0
508,460,467,2.75,0.98,0.05,0.37,0.0776,0
19,69,4042,13.67,0.28,0.85,0.77,0.0027,1
23,428,2256,1.65,0.6,0.81,0.48,0.0048,1
36,258,5978,1.02,0.35,0.75,0.49,0.0035,1
72,755,946,1.74,0.85,0.29,0.55,0.0109,1
106,232,2522,0.59,0.52,0.87,0.63,0.0036,1
339,695,1572,2.52,0.71,0.49,0.53,0.0157,0
564,345,492,0.21,0.86,0.02,0.47,0.0263,0
40,340,1701,5.85,0.63,0.46,0.72,0.0145,1
393,302,2461,9.4,1.0,0.39,0.5,0.0465,0
252,171,351,0.62,0.81,0.2,0.26,0.0897,0
17,81,5707,10.81,0.32,0.67,0.72,0.0022,1
313,382,1399,5.06,0.72,0.54,0.58,0.0186,1
19,29,14,1.24,0.39,0.21,0.45,0.0714,0
343,640,3402,10.52,0.92,0.34,0.53,0.0206,0
118,1906,3881,0.18,0.6,0.03,0.32,0.1405,0
473,1390,1194,0.94,0.66,0.52,0.25,0.031,0
32,25,5062,31.78,0.45,0.95,0.98,0.0025,1
324,50,95,0.63,0.72,0.23,0.31,0.0881,0
177,58,77,0.03,0.47,0.05,0.33,0.0331,0
569,596,620,4.85,0.86,0.18,0.17,0.0251,0
619,5286,2591,4.41,0.98,0.26,0.47,0.0671,0
768,2745,923,15.78,0.98,0.24,0.42,0.0241,0
1002,2279,1429,1.9,0.68,0.04,0.38,0.1348,0
176,1509,3139,1.16,1.0,0.12,0.16,0.0712,1
188,523,1600,3.98,0.88,0.25,0.49,0.0043,1
105,74,115,0.04,0.58,0.01,0.15,0.0301,0
414,5,207,0.05,0.54,0.06,0.1,0.0143,0
245,1343,1039,2.08,0.67,0.1,0.34,0.028,0
304,139,1674,3.61,0.88,0.32,0.75,0.016,1
1929,353,4183,16.83,0.62,0.69,0.7,0.0067,1
345,31,65,2.04,0.88,0.18,0.4,0.0167,0
3,72,4120,20.98,0.43,0.93,0.97,0.0022,1
1809,333,3209,9.08,0.74,0.68,0.81,0.0022,1
42,36,1584,26.88,0.38,0.67,0.73,0.0014,1
780,37,215,0.0,0.58,0.09,0.05,0.0219,0
733,592,774,15.15,0.92,0.39,0.73,0.0728,0
12,19,52,0.37,0.37,0.38,0.24,0.027,0
716,5664,2298,16.72,0.87,0.37,0.32,0.0328,0
101,81,2614,11.89,0.38,0.97,0.91,0.0006,1
83,246,1184,3.38,0.65,0.48,0.54,0.0116,1
1300,857,1455,0.25,0.79,0.07,0.56,0.0344,0
376,606,904,1.9,0.8,0.04,0.47,0.0829,0
757,307,324,1.08,0.65,0.02,0.57,0.0115,0
1496,411,4812,13.51,0.62,0.82,0.61,0.0078,1
206,666,985,5.26,0.81,0.35,0.59,0.011,1
344,731,585,2.24,0.71,0.03,0.63,0.1602,0
36,410,2994,2.54,0.46,0.96,0.59,0.0021,1
311,5844,3465,13.05,0.96,0.31,0.74,0.0348,0
592,32,172,0.02,0.29,0.1,0.27,0.0338,0
112,101,174,0.19,0.87,0.15,0.44,0.0239,0
241,1069,1973,0.72,0.77,0.09,0.5,0.0177,0
6,11,36,0.16,0.4,0.18,0.31,0.0717,0
720,58,150,0.01,0.5,0.09,0.29,0.0233,0
2048,171,1558,20.82,0.68,0.74,0.7,0.0092,1
47,99,2698,1.49,0.32,0.96,0.67,0.0025,1
363,240,1231,5.16,0.65,0.53,0.62,0.0187,1
275,180,203,2.28,0.96,0.0,0.5,0.1508,0
5,58,5541,19.48,0.29,0.81,0.81,0.0029,1
49,20,31,0.02,0.38,0.08,0.33,0.0261,0
2171,518,3919,19.19,0.62,0.65,0.58,0.003,1
23,59,5720,11.0,0.47,0.8,0.7,0.0019,0
20,53,5651,32.29,0.5,0.79,0.71,0.0026,1
416,690,1297,2.64,0.62,0.43,0.58,0.0073,0
343,913,2251,15.26,0.9,0.19,0.73,0.0482,0
109,273,275,0.41,1.0,0.02,0.26,0.1911,0
552,583,472,3.76,0.61,0.41,0.7,0.0053,1
334,296,145,2.14,0.8,0.03,0.21,0.061,0
30,72,3049,9.53,0.35,0.74,0.94,0.0021,1
7,62,1592,22.97,0.38,0.67,0.8,0.0022,1
102,686,703,0.57,0.93,0.07,0.19,0.071,0
118,461,3974,1.93,0.36,0.83,0.53,0.0037,1
175,103,119,0.32,0.77,0.2,0.17,0.0326,0
13,290,5227,2.38,0.61,0.8,0.67,0.0018,1
387,668,869,0.29,0.84,0.04,0.5,0.005,1
457,35,148,0.05,0.51,0.01,0.08,0.0362,0
24,57,2311,16.61,0.43,0.8,0.84,0.0016,1
561,593,1313,4.11,0.84,0.34,0.47,0.0148,1
345,25,155,0.03,0.48,0.01,0.18,0.0219,0
122,661,1273,2.06,0.9,0.01,0.3,0.1166,1
75,466,682,2.49,0.87,0.36,0.77,0.0193,1
22,71,5646,13.46,0.23,0.68,0.85,0.0016,1
47,417,7131,0.82,0.46,0.96,0.45,0.003,1
6,24,2291,27.53,0.16,0.8,0.87,0.0011,1
688,33,277,0.03,0.46,0.1,0.24,0.0283,0
238,542,897,3.53,0.62,0.34,0.74,0.0164,1
140,174,167,0.3,0.7,0.08,0.32,0.0913,0
65,70,1791,34.47,0.33,0.88,0.92,0.0006,1
475,77,283,0.03,0.29,0.04,0.05,0.0102,0
1212,286,830,14.78,0.95,0.44,0.31,0.0742,0
1011,158,360,0.32,0.61,0.03,0.41,0.0121,0
352,299,594,1.5,0.97,0.07,0.33,0.0352,0
2086,1031,2555,14.03,0.69,0.67,0.61,0.005,1
408,484,965,3.89,0.82,0.01,0.46,0.0565,0
1251,586,646,0.31,0.74,0.04,0.62,0.0268,0
17,1,106,1.59,0.5,0.18,0.46,0.0343,0
14,27,74,1.8,0.33,0.22,0.45,0.0646,0
755,236,247,0.89,0.78,0.05,0.5,0.0413,0
826,236,313,0.5,0.62,0.04,0.19,0.0851,0
14,13,91,1.82,0.44,0.35,0.28,0.0714,0
45,53,6086,1.43,0.56,0.89,0.46,0.0047,1
550,687,1557,4.96,0.84,0.54,0.78,0.0102,1
103,351,716,0.23,0.78,0.01,0.25,0.0733,0
593,225,394,4.04,0.87,0.12,0.44,0.0203,0
675,226,294,0.43,0.93,0.03,0.6,0.0998,1
216,549,388,1.3,0.91,0.08,0.27,0.0147,0
524,524,570,5.32,0.9,0.53,0.54,0.019,1
35,118,3302,0.45,0.63,0.83,0.42,0.0032,0
8,69,1749,20.28,0.16,0.96,0.86,0.0029,1
3,62,3030,8.99,0.29,0.74,0.84,0.002,1
539,725,689,0.81,0.66,0.11,0.38,0.0244,0
516,26,245,0.04,0.41,0.09,0.25,0.0281,0
354,72,1537,7.85,0.89,0.38,0.35,0.0297,1
659,5,203,0.02,0.53,0.05,0.2,0.0175,0
1032,517,3454,15.27,0.76,0.64,0.68,0.0032,1
529,41,287,0.04,0.4,0.03,0.29,0.0327,0
314,495,303,5.67,0.84,0.39,0.79,0.0135,1
36,420,6827,1.02,0.61,0.79,0.4,0.0018,1
981,74,2390,15.03,0.86,0.23,0.49,0.0643,0
526,638,1207,4.64,0.88,0.3,0.43,0.0051,1
812,775,1749,8.81,0.97,0.44,0.75,0.0431,0
1123,883,4449,14.16,0.62,0.53,0.62,0.0051,1
29,12,112,0.65,0.58,0.4,0.27,0.0827,0
114,1649,3256,3.45,0.98,0.11,0.22,0.0293,0
443,46,168,0.03,0.46,0.04,0.08,0.016,0
2177,170,862,14.22,0.9,0.41,0.58,0.0168,0
14,21,4450,27.03,0.23,0.91,0.78,0.0011,1
133,32,246,0.05,0.45,0.03,0.19,0.0324,0
542,118,250,0.35,0.64,0.09,0.28,0.0429,0
863,337,3627,24.38,0.73,0.59,0.73,0.0093,1
17,27,16,1.97,0.43,0.32,0.37,0.0587,0
213,6694,1119,17.92,0.93,0.3,0.39,0.0282,0
29,21,52,1.52,0.52,0.39,0.5,0.0453,0
99,109,110,1.81,1.0,0.09,0.28,0.0269,0
2,90,2030,12.2,0.49,0.98,0.72,0.0001,1
92,7,120,0.02,0.26,0.02,0.31,0.0309,0
1344,1147,1826,10.62,0.75,0.61,0.8,0.0046,1
65,411,5693,1.76,0.6,0.8,0.39,0.0031,1
122,162,138,2.73,0.74,0.09,0.51,0.021,0
53,301,2427,0.5,0.42,0.78,0.43,0.0034,1
4,70,4106,17.0,0.48,0.74,0.84,0.0016,1
1016,828,2092,8.19,0.77,0.71,0.76,0.0096,1
15,59,1320,23.29,0.34,0.72,0.87,0.0012,1
771,1049,1529,1.93,0.95,0.03,0.57,0.0392,0
138,199,305,1.11,0.78,0.09,0.22,0.1002,0
2,42,2354,9.65,0.5,0.73,0.7,0.001,1
12,50,2026,10.7,0.22,0.78,0.91,0.0013,1
944,161,3908,5.38,0.83,0.79,0.58,0.0047,1
386,43,137,0.03,0.5,0.06,0.33,0.0362,0
278,554,272,1.6,0.91,0.0,0.34,0.0659,0
29,78,2668,16.77,0.43,0.96,0.87,0.0021,1
295,186,1626,4.37,0.66,0.54,0.53,0.0093,1
676,118,262,0.1,0.72,0.01,0.58,0.1429,0
44,19,292,0.05,0.32,0.02,0.22,0.0222,0
352,351,442,1.47,0.6,0.09,0.33,0.0576,0
122,502,849,0.22,0.81,0.06,0.53,0.1036,0
30,51,5273,34.06,0.29,0.74,0.94,0.0038,0
33,6,37,0.04,0.58,0.04,0.32,0.0121,0
10,24,3018,11.36,0.41,0.98,0.94,0.0032,0
47,117,6298,2.95,0.4,0.96,0.45,0.0024,1
990,1490,748,9.92,0.87,0.5,0.56,0.0255,0
404,51,146,0.03,0.27,0.07,0.21,0.0185,0
332,457,757,0.29,0.62,0.08,0.57,0.113,0
863,805,2622,8.5,0.86,0.4,0.31,0.0192,0
5,43,5089,23.61,0.37,0.92,0.82,0.0035,0
1409,850,3989,23.03,0.78,0.62,0.75,0.0062,1
518,586,569,3.97,0.68,0.37,0.6,0.0115,1
262,188,1009,4.24,0.68,0.34,0.46,0.0171,1
235,3275,5414,0.98,0.64,0.03,0.51,0.0805,0
33,13,4307,19.65,0.27,0.95,0.89,0.0023,1
2124,1141,2311,14.82,0.74,0.79,0.61,0.0074,1
121,83,185,0.39,0.74,0.25,0.43,0.0765,0
846,460,1128,12.46,0.92,0.25,0.42,0.0476,0
636,372,251,1.1,1.0,0.05,0.49,0.0937,0
217,178,168,3.56,0.75,0.06,0.18,0.1058,0
147,735,1756,3.58,0.69,0.33,0.78,0.0164,1
163,27,108,0.05,0.38,0.01,0.33,0.0177,1
553,491,695,2.59,0.76,0.43,0.78,0.0097,1
92,764,1223,0.94,0.68,0.21,0.62,0.027,1
20,80,1890,9.21,0.4,0.82,0.73,0.0031,1
487,443,644,3.95,0.79,0.44,0.72,0.0198,1
100,217,481,0.17,0.73,0.03,0.18,0.0079,0
478,478,1453,5.83,0.78,0.34,0.7,0.0079,1
116,6,130,0.04,0.37,0.09,0.14,0.0054,0
435,4753,1070,8.78,0.98,0.17,0.63,0.0205,0
1153,4902,1130,7.5,0.97,0.21,0.31,0.0543,0
443,1840,1106,13.37,0.89,0.35,0.73,0.0499,0
125,32,200,0.02,0.37,0.05,0.11,0.0367,0
658,156,340,3.4,0.67,0.06,0.17,0.005,0
406,4043,3195,14.8,0.97,0.39,0.58,0.0481,0
732,22,252,0.01,0.38,0.08,0.3,0.0032,0
2022,799,2266,9.63,0.59,0.54,0.63,0.0085,1
424,3058,969,13.03,0.97,0.35,0.46,0.0328,0
400,39,47,0.05,0.45,0.07,0.3,0.0037,0
384,13,262,0.05,0.54,0.04,0.17,0.0387,0
342,542,847,0.31,0.79,0.02,0.29,0.0421,0
493,232,233,0.3,0.71,0.11,0.56,0.005,0
99,70,96,0.0,0.29,0.01,0.14,0.0276,0
4,23,80,0.49,0.47,0.16,0.4,0.0612,0
5,34,3217,8.9,0.43,0.7,0.89,0.0019,1
280,693,678,2.26,0.63,0.28,0.68,0.0199,1
103,80,6000,1.3,0.39,0.92,0.38,0.0007,1
7,93,3599,15.51,0.4,0.77,0.85,0.0037,1
329,255,473,0.3,0.96,0.01,0.32,0.0254,0
323,94,253,1.24,0.84,0.02,0.48,0.0743,0
241,1174,2317,2.37,0.78,0.01,0.54,0.041,0
28,20,2023,43.74,0.31,0.75,0.78,0.0008,1
555,180,423,1.38,0.85,0.14,0.5,0.1015,0
152,487,1559,4.63,0.85,0.51,0.79,0.0081,1
147,551,750,1.9,0.7,0.31,0.6,0.0059,1
456,404,511,1.36,0.8,0.02,0.17,0.0391,0
1,91,3492,25.89,0.33,0.76,0.91,0.004,1
781,107,145,0.31,0.57,0.03,0.56,0.1322,0
191,301,510,1.83,0.78,0.05,0.59,0.25,0
21,0,109,0.92,0.45,0.34,0.39,0.0482,0
122,585,436,2.83,1.0,0.28,0.61,0.0266,0
340,291,599,3.95,0.75,0.48,0.49,0.0186,1
132,77,73,1.36,1.0,0.07,0.43,0.113,0
598,124,209,1.12,0.73,0.01,0.31,0.0965,0
10,56,1459,31.84,0.39,0.68,0.8,0.0027,1
428,557,1708,3.08,0.88,0.52,0.47,0.0073,1
219,4888,727,13.67,0.87,0.2,0.53,0.0166,0
386,499,1967,7.15,0.99,0.23,0.51,0.062,0
434,50,56,0.4,0.78,0.16,0.49,0.066,0
386,425,706,0.6,0.89,0.04,0.41,0.1318,0
590,105,112,0.86,0.84,0.11,0.6,0.0638,0
209,46,106,1.08,0.87,0.06,0.5,0.0496,0
55,215,7558,1.02,0.48,0.76,0.36,0.0045,1
25,13,91,1.33,0.52,0.23,0.44,0.0468,0
195,6,252,0.02,0.45,0.09,0.21,0.0047,0
741,442,415,0.16,1.0,0.0,0.2,0.0404,0
154,466,460,2.13,0.82,0.13,0.17,0.031,0
707,736,919,0.21,0.82,0.13,0.58,0.0668,0
1514,9773,3411,14.72,0.93,0.22,0.45,0.0397,0
13,3,5095,31.0,0.5,0.73,0.7,0.0021,1
502,48,84,0.01,0.37,0.04,0.31,0.0141,0
22,13,2539,11.64,0.17,0.83,0.98,0.0017,1
229,54,119,0.19,0.59,0.06,0.16,0.031,0
1528,330,659,1.87,0.72,0.01,0.3,0.094,0
203,424,771,1.12,0.73,0.08,0.64,0.0165,0
61,91,2480,17.79,0.24,0.82,0.71,0.0003,1
418,502,1000,1.04,0.81,0.04,0.27,0.0711,1
423,380,819,4.57,0.84,0.28,0.62,0.0152,1
585,659,1340,2.03,0.78,0.46,0.52,0.0182,1
54,440,4298,2.58,0.54,0.98,0.58,0.0033,1
630,475,555,0.25,0.77,0.01,0.28,0.0234,0
12,94,1692,8.17,0.2,0.88,0.91,0.0003,1
46,82,4811,69.18,0.18,0.77,0.72,0.0003,1
35,22,213,0.05,0.33,0.05,0.07,0.0147,0
501,301,1011,1.58,0.66,0.26,0.45,0.006,0
210,502,959,0.94,0.53,0.12,0.22,0.0881,0
1832,530,4505,9.63,0.8,0.59,0.7,0.0095,1
624,50,208,0.05,0.42,0.06,0.14,0.0398,0
347,336,3108,17.0,0.88,0.23,0.38,0.0253,0
119,148,3543,0.21,0.61,0.97,0.54,0.0016,1
521,236,782,4.43,0.8,0.42,0.75,0.0162,1
589,794,887,4.99,0.88,0.41,0.46,0.0141,1
190,252,543,0.49,0.8,0.07,0.43,0.0801,0
1654,891,3119,10.66,0.59,0.67,0.7,0.0036,1
760,34,155,0.03,0.46,0.02,0.31,0.0157,0
1,1,94,0.1,0.43,0.32,0.29,0.0691,0
24,20,5073,25.87,0.43,0.96,0.73,0.0036,1
5,4,88,0.77,0.4,0.19,0.28,0.0358,0
226,224,640,1.59,0.67,0.54,0.64,0.0059,1
14,85,2403,10.74,0.3,0.9,0.86,0.0036,1
317,304,410,1.67,0.85,0.03,0.18,0.005,0
332,761,1676,5.08,0.73,0.51,0.69,0.004,1
328,796,1392,3.26,0.88,0.52,0.6,0.0147,1
1137,2955,2662,16.96,0.91,0.19,0.47,0.0445,0
329,358,1496,3.5,0.65,0.32,0.62,0.0081,1
31,145,2794,0.25,0.54,1.0,0.6,0.0017,1
538,534,298,2.15,0.82,0.0,0.45,0.0628,0
1448,10299,2501,9.79,0.9,0.19,0.42,0.0526,0
34,452,5242,0.86,0.32,0.93,0.63,0.0017,1
17,95,3374,47.01,0.19,0.94,0.77,0.0036,1
27,13,4493,63.05,0.24,0.98,0.93,0.0025,1
663,47,149,0.03,0.29,0.07,0.23,0.0238,0
3,22,3877,10.79,0.37,0.78,0.82,0.0019,1
235,1073,2681,4.02,0.88,0.24,0.57,0.033,0
655,6,118,0.04,0.59,0.08,0.11,0.0321,0
107,497,482,0.48,0.78,0.04,0.58,0.067,0
22,22,79,0.17,0.4,0.34,0.21,0.0646,0
420,54,282,0.04,0.55,0.05,0.15,0.0366,0
76,435,3848,0.55,0.62,0.95,0.45,0.0014,1
621,14436,2195,7.42,0.85,0.24,0.44,0.0594,0
355,256,356,3.73,0.74,0.33,0.44,0.0139,1
1077,161,306,0.18,0.68,0.05,0.48,0.039,0
50,458,541,4.14,0.68,0.5,0.76,0.013,1
476,1581,1198,17.01,0.96,0.23,0.6,0.0388,0
649,325,481,0.57,0.97,0.01,0.37,0.1037,0
92,101,7899,1.59,0.4,0.95,0.62,0.0011,1
175,366,300,1.94,0.86,0.05,0.51,0.0551,0
356,595,263,0.8,1.0,0.01,0.57,0.0278,1
1602,268,2744,23.27,0.55,0.74,0.64,0.0077,1
548,17,164,0.01,0.53,0.02,0.28,0.0331,0
486,210,442,1.98,0.78,0.01,0.33,0.2362,0
249,544,822,1.93,0.59,0.31,0.2,0.0341,0
286,17,49,0.04,0.53,0.05,0.17,0.02,0
2070,911,3925,12.21,0.59,0.51,0.67,0.0065,0
120,71,1591,15.25,0.49,0.91,0.81,0.0028,1
347,678,417,8.67,0.92,0.5,0.53,0.0163,0
482,371,588,2.28,0.8,0.06,0.57,0.1069,1
88,148,5203,2.84,0.47,0.93,0.39,0.0015,1
238,62,282,0.05,0.6,0.09,0.29,0.0292,0
66,53,4383,10.27,0.25,0.75,0.73,0.0037,1
585,344,735,4.03,0.69,0.54,0.45,0.0053,1
172,422,409,3.24,0.8,0.07,0.32,0.0328,0
761,6,60,0.0,0.44,0.03,0.33,0.0288,0
1317,269,1996,12.76,0.56,0.69,0.73,0.0047,1
67,338,376,3.52,0.72,0.42,0.53,0.0108,1
528,664,750,0.89,0.76,0.15,0.57,0.097,0
225,520,769,3.44,0.86,0.28,0.62,0.0099,1
21,93,5296,9.11,0.39,0.7,0.75,0.0019,1
1636,277,4895,21.19,0.68,0.52,0.58,0.0044,1
4,6,15,1.54,0.59,0.3,0.28,0.0365,0
342,223,1980,6.62,0.91,0.41,0.64,0.0286,0
878,1145,759,14.2,0.93,0.41,0.65,0.0334,0
1321,226,472,1.79,0.95,0.1,0.58,0.0397,0
87,36,78,0.02,0.25,0.08,0.14,0.0199,0
4,50,1330,25.78,0.46,0.94,0.86,0.0024,1
249,725,2448,16.11,0.91,0.49,0.58,0.0642,0
134,2305,5018,2.37,1.0,0.1,0.24,0.1614,0
51,48,4844,19.71,0.16,0.77,0.97,0.0036,1
1,89,2353,8.28,0.37,0.83,0.91,0.0038,1
336,2031,2113,4.54,0.85,0.5,0.48,0.031,0
131,289,564,0.4,0.91,0.04,0.37,0.25,0
9,13,6,0.11,0.51,0.12,0.4,0.0138,0
473,5297,1931,12.57,0.92,0.41,0.32,0.0641,0
128,465,579,0.27,0.88,0.05,0.54,0.0576,1
18,2,40,0.8,0.49,0.39,0.3,0.018,0
18,24,54,1.77,0.39,0.19,0.5,0.054,0
1,77,4081,21.12,0.46,0.91,0.81,0.0003,1
127,637,850,5.73,0.85,0.41,0.66,0.014,1
62,315,3743,0.7,0.65,0.83,0.38,0.0037,1
227,1882,2865,6.85,0.95,0.37,0.56,0.0686,0
22,50,3836,32.32,0.36,0.94,0.82,0.0039,0
291,2270,3318,0.18,0.8,0.18,0.34,0.1103,0
814,393,563,9.5,0.98,0.15,0.41,0.0488,0
571,64,209,0.0,0.31,0.0,0.06,0.0364,0
658,764,1498,0.29,0.57,0.01,0.43,0.1116,0
378,827,2076,7.48,0.96,0.42,0.44,0.0165,0
238,2306,3368,0.83,0.72,0.13,0.56,0.0621,0
114,763,916,4.86,0.63,0.28,0.79,0.0122,1
392,367,521,1.51,0.79,0.51,0.42,0.0167,1
40,47,3654,60.87,0.37,0.66,0.93,0.0021,1
340,556,560,2.3,0.77,0.31,0.48,0.0137,1
393,677,1039,1.09,1.0,0.18,0.5,0.0251,0
1016,2627,1376,13.07,0.89,0.19,0.5,0.0268,0
26,19,36,1.04,0.4,0.4,0.27,0.0332,0
238,167,216,5.14,1.0,0.12,0.64,0.0366,0
204,362,338,3.41,0.64,0.04,0.35,0.1714,0
2,15,4284,11.03,0.45,0.85,0.89,0.002,1
120,176,228,0.53,0.77,0.03,0.39,0.0435,0
444,2099,2885,0.3,1.0,0.02,0.5,0.0939,0
371,708,1374,5.02,0.63,0.38,0.71,0.0184,0
15,66,4314,28.69,0.49,0.95,0.97,0.0022,1
532,543,1623,3.04,0.89,0.52,0.43,0.0087,1
572,452,415,1.48,0.72,0.02,0.43,0.1242,0
354,12,293,0.03,0.6,0.03,0.29,0.0131,0
507,1584,1314,4.33,0.89,0.17,0.4,0.0327,0
425,57,30,0.03,0.34,0.05,0.26,0.0353,0
366,1079,2421,16.88,0.86,0.36,0.46,0.0714,0
286,112,208,0.49,0.9,0.03,0.47,0.0566,0
803,1743,3013,11.43,0.92,0.38,0.52,0.0654,0
342,278,581,1.09,0.57,0.6,0.23,0.04,0
1093,1622,3126,12.49,0.89,0.19,0.41,0.0697,0
1220,804,1454,4.82,0.96,0.4,0.73,0.0686,0
254,10135,3106,6.72,0.99,0.29,0.37,0.0165,0
106,300,563,1.85,1.0,0.04,0.49,0.0785,0
76,292,4837,0.58,0.41,0.92,0.49,0.0035,1
13,218,4587,0.34,0.64,0.93,0.43,0.0026,1
1972,1149,2573,22.01,0.81,0.83,0.67,0.0097,1
1214,1218,1974,12.14,0.99,0.21,0.67,0.0246,0
240,593,653,3.78,0.74,0.27,0.43,0.0148,1
8,97,4616,29.93,0.23,0.98,0.97,0.0034,1
8,28,71,1.96,0.6,0.32,0.48,0.0443,0
21,3,3421,10.29,0.41,0.76,0.78,0.0019,1
336,9981,3100,17.18,0.99,0.46,0.47,0.0169,0
350,28,98,0.04,0.47,0.03,0.21,0.0344,0
95,246,2554,1.41,0.53,0.91,0.51,0.0011,1
28,59,3839,23.59,0.2,0.91,0.76,0.0003,1
253,289,3356,17.51,0.97,0.41,0.67,0.0736,0
56,63,293,0.05,0.4,0.05,0.35,0.007,0
280,1578,2295,4.64,0.99,0.22,0.61,0.0245,0
541,671,1344,5.31,0.61,0.34,0.53,0.0112,1
1,6,2587,21.48,0.38,0.68,0.84,0.0018,1
5,6,108,1.78,0.36,0.1,0.42,0.064,0
254,1220,2654,0.23,0.8,0.15,0.32,0.044,0
469,142,1130,2.72,0.76,0.32,0.8,0.0089,1
457,25,31,0.03,0.58,0.04,0.07,0.0103,0
284,1884,2736,14.69,0.96,0.24,0.55,0.0706,0
305,777,999,0.39,0.65,0.03,0.59,0.0254,0
600,474,270,0.45,0.89,0.03,0.37,0.2145,0
711,2208,1156,11.19,0.9,0.25,0.61,0.0677,0
393,205,293,2.92,0.59,0.12,0.65,0.0537,0
72,241,2683,1.89,0.33,0.76,0.54,0.0013,1
14,42,2946,31.21,0.42,0.98,0.76,0.0037,1
109,62,5950,2.15,0.48,0.81,0.59,0.0028,1
114,554,512,0.13,0.82,0.23,0.22,0.0509,0
492,19,274,0.02,0.33,0.0,0.1,0.0375,0
64,434,4114,1.63,0.35,0.84,0.56,0.0015,1
227,764,1009,0.87,0.73,0.19,0.31,0.1407,0
264,116,97,0.44,0.88,0.05,0.39,0.0426,0
96,318,454,1.4,0.57,0.05,0.15,0.084,0
26,20,6,1.4,0.57,0.41,0.38,0.0339,0
352,595,636,5.31,0.64,0.29,0.64,0.0142,1
495,727,1401,1.59,0.88,0.52,0.64,0.0089,1
382,1417,768,0.86,0.93,0.01,0.23,0.1317,0
26,11,100,0.6,0.68,0.17,0.27,0.0423,0
199,386,358,0.11,0.66,0.06,0.5,0.0473,0
292,2108,3483,0.87,0.9,0.08,0.35,0.0385,0
1293,86,212,1.03,0.7,0.01,0.41,0.0269,0
1494,149,299,0.41,0.76,0.17,0.4,0.0739,0
251,77,175,0.02,0.51,0.0,0.09,0.0037,0
58,498,621,1.75,0.74,0.3,0.74,0.0195,1
1394,1172,2552,13.35,0.98,0.29,0.48,0.0162,0
428,408,632,0.15,0.7,0.15,0.42,0.0295,0
261,3739,977,4.27,0.91,0.22,0.36,0.0329,0
144,307,515,1.77,1.0,0.25,0.34,0.0679,0
1302,754,1355,8.58,0.87,0.34,0.72,0.0719,0
492,745,868,0.15,0.8,0.11,0.6,0.1547,0
166,357,317,0.49,0.97,0.06,0.58,0.0941,0
429,276,795,3.41,0.6,0.42,0.42,0.0188,1
1163,279,540,0.59,0.86,0.27,0.21,0.0359,0
454,253,467,3.98,0.85,0.07,0.36,0.0753,0
424,10,104,0.01,0.44,0.05,0.29,0.0068,0
104,356,3528,1.37,0.46,0.78,0.52,0.0035,1
22,7,118,1.49,0.41,0.23,0.33,0.0682,0
136,5,133,0.04,0.44,0.02,0.32,0.0326,0
423,310,1198,11.91,0.91,0.16,0.35,0.0572,0
70,5,119,0.05,0.46,0.07,0.12,0.0162,1
33,162,6734,1.16,0.42,0.79,0.47,0.0026,1
75,99,7596,2.6,0.42,0.9,0.44,0.004,1
4,32,3639,18.46,0.24,0.76,0.73,0.0004,1
470,583,525,4.69,0.78,0.29,0.63,0.009,1
28,88,3533,11.02,0.32,0.91,0.92,0.0019,1
415,19,220,0.03,0.29,0.05,0.12,0.0083,0
853,2913,699,4.81,0.88,0.15,0.6,0.0532,0
375,147,1793,5.94,0.78,0.29,0.6,0.019,1
762,86,221,0.32,0.81,0.02,0.19,0.061,0
228,411,516,1.08,0.54,0.29,0.61,0.0453,0
292,692,625,3.79,0.82,0.41,0.77,0.0117,1
25,6,107,0.39,0.37,0.35,0.42,0.0436,0
1293,1002,2346,13.72,0.59,0.53,0.65,0.0085,1
234,37,80,0.58,0.83,0.1,0.24,0.0817,0
25,352,5241,0.75,0.37,0.94,0.48,0.003,1
186,61,275,0.01,0.38,0.05,0.19,0.0022,0
862,61,125,0.14,0.65,0.08,0.19,0.0717,0
1944,675,2505,24.54,0.82,0.53,0.78,0.0077,1
39,48,1399,50.8,0.18,0.88,0.81,0.0031,1
417,64,181,1.03,0.69,0.16,0.26,0.1115,0
14,69,4532,16.95,0.42,0.95,0.73,0.0013,1
838,2082,444,9.01,0.92,0.19,0.37,0.0396,0
1269,932,3770,14.63,0.71,0.71,0.68,0.0045,1
169,218,1743,5.97,0.84,0.28,0.74,0.0074,1
439,33,231,0.01,0.43,0.05,0.29,0.029,0
2658,6382,2001,12.71,0.88,0.27,0.7,0.0507,0
71,166,4585,1.04,0.56,0.83,0.53,0.0012,1
17,96,2258,48.03,0.45,0.69,0.97,0.0033,1
248,53,251,0.05,0.57,0.02,0.17,0.0038,0
233,560,1047,1.17,0.91,0.39,0.47,0.016,0
2113,393,740,1.34,0.92,0.09,0.32,0.1193,0
671,371,416,1.08,0.57,0.07,0.44,0.046,0
509,59,231,0.02,0.36,0.05,0.19,0.0357,0
721,12,177,0.01,0.56,0.01,0.32,0.0158,0
8,18,105,0.75,0.39,0.22,0.21,0.097,0
1807,229,190,0.93,1.0,0.13,0.36,0.1006,0
110,777,1181,2.06,0.65,0.54,0.77,0.0038,1
399,5063,2501,16.09,0.94,0.4,0.63,0.0621,0
907,189,265,1.03,0.95,0.17,0.35,0.0116,0
44,219,2041,1.05,0.57,0.78,0.41,0.0033,1
476,153,354,1.17,1.0,0.01,0.33,0.2294,0
636,108,218,0.44,0.76,0.25,0.22,0.0982,0
1141,965,3139,14.38,0.75,0.51,0.67,0.0037,1
954,1062,2394,23.7,0.75,0.64,0.78,0.0065,1
6,15,97,1.71,0.38,0.21,0.25,0.0236,0
14,24,3189,28.97,0.25,0.88,0.76,0.0016,1
109,149,923,3.76,0.81,0.34,0.74,0.0053,1
587,368,789,3.22,0.76,0.28,0.61,0.0183,1
704,72,85,0.02,0.46,0.09,0.18,0.0237,0
490,187,224,0.39,0.97,0.03,0.35,0.0684,0
5,16,68,1.49,0.36,0.28,0.22,0.0458,0
604,903,813,0.51,0.65,0.06,0.34,0.0755,0
115,213,354,0.81,0.71,0.01,0.27,0.1058,0
393,53,263,0.05,0.34,0.02,0.34,0.0219,0
237,1515,618,15.34,0.94,0.27,0.45,0.064,0
92,304,1207,5.22,0.75,0.46,0.44,0.016,1
1125,143,177,0.49,0.88,0.13,0.58,0.04,0
399,47083,2473,13.24,0.98,0.34,0.49,0.0287,0
367,203,424,0.52,0.63,0.07,0.52,0.0385,0
251,32,109,0.02,0.39,0.08,0.13,0.0247,0
15,46,1697,11.13,0.37,0.67,0.88,0.0032,1
460,248,525,4.07,0.87,0.5,0.51,0.0192,1
768,69,282,0.04,0.52,0.09,0.13,0.0309,0
598,64,94,0.86,1.0,0.05,0.19,0.0315,0
20,75,4091,28.12,0.2,0.96,0.97,0.0015,1
1830,735,2237,10.21,0.58,0.64,0.63,0.0048,1
212,177,362,1.12,1.0,0.02,0.15,0.0399,0
557,35,259,0.04,0.36,0.01,0.31,0.0057,0
14,10,108,1.11,0.56,0.26,0.26,0.0193,0
6,28,44,1.57,0.63,0.22,0.34,0.0736,1
296,233,1363,4.3,0.67,0.45,0.45,0.0194,1
2017,153,4488,22.49,0.78,0.55,0.79,0.0085,1
12,32,5711,53.79,0.19,0.75,0.9,0.0001,1
449,1487,2292,0.97,0.92,0.03,0.56,0.0516,0
186,113,204,1.94,0.82,0.02,0.25,0.0603,0
16,15,4180,31.47,0.46,0.7,0.88,0.001,1
405,78,156,0.05,0.45,0.02,0.29,0.0163,0
1391,536,2962,23.81,0.77,0.51,0.6,0.0079,1
642,110,208,0.55,0.71,0.05,0.19,0.1188,0
1,21,2476,14.1,0.28,0.77,0.95,0.002,1
4,14,2968,8.42,0.4,0.93,0.8,0.0007,1
23,5,79,1.63,0.55,0.32,0.46,0.0609,0
217,3700,1649,6.85,0.92,0.4,0.48,0.0412,0
221,714,586,4.84,0.82,0.51,0.61,0.0098,1
91,72,3271,8.5,0.2,0.91,0.97,0.0021,1
271,74,210,0.04,0.35,0.03,0.11,0.0081,0
73,52,142,0.01,0.48,0.06,0.15,0.0095,0
259,644,954,1.93,0.54,0.03,0.2,0.0582,0
44,495,766,1.64,0.7,0.48,0.48,0.0052,1
389,2926,2310,14.92,0.89,0.33,0.64,0.0326,0
419,101,85,5.03,0.82,0.06,0.42,0.056,0
4,25,5644,39.54,0.16,0.93,0.97,0.0015,1
485,528,1186,0.48,0.81,0.06,0.35,0.1237,1
245,3678,3233,4.98,1.0,0.48,0.36,0.0749,0
1168,447,4850,15.5,0.66,0.55,0.71,0.0099,1
14,5,73,0.23,0.54,0.39,0.35,0.0581,0
202,241,280,0.99,1.0,0.05,0.61,0.0666,0
44,76,3470,1.84,0.35,0.76,0.44,0.0012,0
23,17,2614,12.45,0.17,0.98,0.73,0.0005,1
469,18,108,0.02,0.59,0.04,0.1,0.0352,0
348,4867,2592,13.29,0.86,0.15,0.61,0.0445,0
261,218,1196,12.73,0.89,0.17,0.35,0.0743,0
43,76,3367,41.53,0.17,0.74,0.77,0.0002,1
306,169,1353,1.6,0.72,0.4,0.67,0.0143,1
215,119,238,0.17,0.72,0.12,0.63,0.0155,0
501,38,180,0.02,0.57,0.06,0.15,0.0263,0
778,208,462,1.15,0.61,0.07,0.42,0.037,0
27,27,114,1.12,0.53,0.45,0.42,0.0217,0
8,9,15,1.64,0.69,0.15,0.22,0.0811,0
587,108,1128,4.55,0.89,0.54,0.63,0.0158,1
481,635,606,0.22,0.68,0.12,0.6,0.1099,0
1489,622,3149,19.09,0.69,0.83,0.52,0.0072,1
307,1320,1292,1.39,0.59,0.27,0.5,0.1554,0
1247,41,64,0.5,0.84,0.18,0.64,0.041,0
110,401,2265,2.78,0.56,0.84,0.47,0.0021,1
406,515,1054,1.18,0.78,0.05,0.55,0.0459,0
6,88,2851,19.35,0.18,0.93,0.91,0.0028,1
211,539,1471,2.79,0.66,0.51,0.55,0.0106,1
11,65,5607,22.19,0.45,0.67,0.8,0.0011,1
588,71,276,0.03,0.42,0.09,0.34,0.0109,0
70,577,948,1.61,0.67,0.34,0.8,0.0165,1
634,242,403,1.27,0.71,0.0,0.26,0.0623,0
532,427,413,4.91,0.8,0.42,0.53,0.0157,1
179,570,519,0.93,0.84,0.06,0.55,0.0649,1
617,39,180,0.05,0.55,0.02,0.17,0.0257,0
142,53,257,0.0,0.52,0.08,0.24,0.0336,0
271,137,107,0.66,0.95,0.1,0.16,0.0228,0
2,70,5381,15.49,0.23,0.92,0.96,0.0036,1
1537,2320,1357,10.85,0.86,0.19,0.36,0.0374,0
201,1045,1864,1.12,0.79,0.01,0.23,0.0712,0
268,56,166,0.05,0.26,0.02,0.06,0.0048,0
10,15,1280,21.23,0.16,0.88,0.84,0.0026,1
538,51,270,0.04,0.39,0.0,0.06,0.0372,0
67,332,2029,3.0,0.51,0.96,0.45,0.0019,1
587,750,1751,1.69,0.6,0.36,0.59,0.0123,1
693,879,1448,0.12,0.56,0.15,0.58,0.0477,0
507,766,2324,11.63,0.88,0.49,0.62,0.0538,0
194,162,400,3.48,0.71,0.1,0.61,0.0667,0
100,782,458,0.43,0.62,0.09,0.36,0.032,0
112,803,1417,0.18,1.0,0.03,0.4,0.0411,0
960,11253,3082,15.17,0.9,0.38,0.47,0.0401,0
261,13372,820,6.95,0.9,0.16,0.5,0.0759,0
222,7,67,0.02,0.55,0.03,0.33,0.0308,1
416,52,299,0.01,0.56,0.05,0.32,0.0253,0
22,13,59,1.07,0.31,0.13,0.43,0.0539,0
1,71,5266,31.16,0.48,0.66,0.73,0.0015,1
216,745,1467,4.53,0.85,0.37,0.69,0.0048,1
927,542,1615,18.2,0.56,0.52,0.65,0.0051,1
520,322,376,3.52,0.65,0.52,0.69,0.0058,1
402,441,548,1.4,0.94,0.14,0.5,0.1647,0
390,265,187,1.83,0.88,0.01,0.48,0.0775,0
98,58,6717,1.2,0.3,0.76,0.65,0.0023,1
549,269,825,1.75,0.67,0.38,0.78,0.0199,0
792,1917,1908,17.46,0.9,0.47,0.55,0.0192,0
732,16,229,0.01,0.33,0.05,0.2,0.0123,0
336,74,72,2.48,0.5,0.07,0.48,0.0609,1
314,2055,1008,12.58,0.92,0.26,0.47,0.0275,0
17,68,2964,2.36,0.57,0.91,0.45,0.0013,1
145,712,1150,4.58,0.77,0.46,0.79,0.0087,1
239,158,105,0.26,0.95,0.04,0.47,0.0348,0
101,238,6788,0.46,0.43,0.81,0.38,0.0044,1
257,576,366,1.21,0.72,0.1,0.65,0.0558,0
494,46,129,0.04,0.45,0.01,0.18,0.0326,0
498,183,206,0.36,1.0,0.04,0.36,0.0817,0
244,450,887,1.91,0.77,0.04,0.58,0.0527,0
201,311,572,0.64,1.0,0.05,0.55,0.064,0
420,381,1516,3.67,0.78,0.54,0.62,0.0043,1
177,62,148,0.04,0.4,0.03,0.06,0.0053,0
506,41,95,3.75,0.79,0.28,0.35,0.0408,0
573,177,280,0.38,0.77,0.07,0.58,0.0603,0
210,1117,2636,9.89,0.91,0.44,0.39,0.0262,0
701,906,1574,8.4,0.84,0.67,0.84,0.0062,1
73,58,6299,0.75,0.58,1.0,0.59,0.0016,0
931,86,160,0.45,0.94,0.05,0.52,0.0333,0
393,316,571,0.85,0.84,0.08,0.42,0.0748,0
645,414,284,3.68,0.6,0.04,0.59,0.0528,0
481,47,106,0.67,1.0,0.04,0.33,0.0442,0
265,464,357,0.83,1.0,0.02,0.61,0.1267,0
203,31,264,0.02,0.29,0.08,0.25,0.0335,0
12,90,6245,1.66,0.54,0.85,0.41,0.0037,1
321,534,1614,4.76,0.63,0.4,0.61,0.0192,1
250,28,46,0.05,0.49,0.07,0.26,0.0105,1
440,47,246,0.05,0.31,0.02,0.22,0.0089,0
9,43,2060,8.27,0.22,0.73,0.93,0.0029,1
261,779,1521,3.7,0.61,0.27,0.77,0.0142,1
377,372,554,3.19,0.77,0.37,0.43,0.0195,1
823,8436,2557,14.68,0.95,0.34,0.67,0.0596,0
359,65,174,0.03,0.53,0.09,0.21,0.0292,0
33,63,5110,8.71,0.22,0.71,0.79,0.002,1
1187,19763,888,16.63,0.86,0.19,0.61,0.0374,0
525,813,1961,10.91,0.95,0.23,0.69,0.0478,0
396,460,803,0.55,0.9,0.08,0.51,0.1229,0
218,4990,4257,0.72,1.0,0.06,0.34,0.0157,0
123,363,826,0.2,0.8,0.36,0.19,0.1504,0
127,499,1093,1.34,0.93,0.01,0.4,0.0861,0
79,119,3781,0.56,0.4,0.8,0.65,0.0012,1
291,4220,3340,11.39,0.94,0.3,0.43,0.0773,0
176,331,1132,4.0,0.84,0.51,0.5,0.0071,1
760,12,291,0.01,0.25,0.08,0.1,0.0382,0
258,8312,3418,13.55,0.86,0.46,0.47,0.0359,0
1095,584,2557,15.89,0.71,0.71,0.84,0.0023,1
638,1443,945,7.46,0.88,0.43,0.54,0.0343,0
520,664,1126,4.26,0.79,0.38,0.58,0.0165,1
249,32,260,0.0,0.38,0.05,0.09,0.0029,0
1393,270,3166,11.81,0.78,0.63,0.52,0.0097,1
25,11,105,1.17,0.62,0.32,0.29,0.0717,0
579,437,1138,3.94,0.61,0.3,0.78,0.0172,1
105,574,1167,0.98,1.0,0.02,0.39,0.0807,0
833,11958,1123,12.12,0.88,0.48,0.59,0.0468,0
15,28,5027,14.44,0.36,0.67,0.75,0.0011,1
1049,272,327,0.14,0.96,0.17,0.23,0.0306,0
1174,41,95,0.8,0.94,0.15,0.53,0.171,0
301,634,743,4.75,0.64,0.01,0.22,0.0558,0
7,43,5322,10.91,0.27,0.7,0.98,0.0018,1
594,593,1285,5.86,0.74,0.26,0.64,0.0047,1
1426,569,3717,5.04,0.72,0.84,0.62,0.0091,1
392,231,211,0.82,0.88,0.01,0.43,0.0796,0
1696,171,2238,22.75,0.76,0.56,0.74,0.0032,1
517,14531,1343,16.68,0.93,0.41,0.5,0.0778,0
205,740,700,1.15,0.93,0.02,0.42,0.0927,0
104,539,683,1.19,0.81,0.04,0.28,0.0324,0
472,675,1556,3.81,0.64,0.39,0.67,0.008,1
2,31,2867,27.31,0.24,0.85,0.86,0.0022,1
1513,1418,2174,11.97,0.88,0.21,0.63,0.049,0
576,293,1206,5.29,0.63,0.3,0.46,0.0138,1
21,6,93,1.97,0.47,0.39,0.21,0.08,0
16,77,4850,11.99,0.22,0.89,0.96,0.0006,1
9,40,2239,31.61,0.22,0.71,0.93,0.0023,1
264,159,305,5.26,0.79,0.34,0.64,0.0118,1
495,561,287,0.29,0.82,0.02,0.28,0.0128,0
377,596,1667,1.58,0.76,0.4,0.44,0.0089,1
60,418,2249,2.05,0.31,0.92,0.42,0.0047,1
186,674,1299,3.67,0.86,0.51,0.74,0.0069,1
89,592,551,3.05,0.82,0.37,0.61,0.013,1
1065,1872,1494,17.38,0.91,0.19,0.74,0.0332,0
41,78,254,0.03,0.53,0.03,0.17,0.015,0
436,470,1797,1.56,0.78,0.5,0.76,0.0135,1
86,71,114,0.0,0.3,0.09,0.05,0.0097,0
173,105,1246,5.88,0.74,0.53,0.72,0.0195,1
251,3544,3119,7.77,0.87,0.17,0.49,0.0233,0
365,46,60,0.02,0.26,0.06,0.12,0.0388,0
802,281,2964,22.7,0.55,0.83,0.66,0.0057,1
403,1256,3283,11.36,0.96,0.32,0.55,0.0647,0
31,54,3130,31.71,0.43,0.76,0.92,0.0006,1
14,14,76,1.17,0.53,0.27,0.24,0.0345,0
648,154,290,1.45,0.66,0.14,0.24,0.0802,0
24,99,5693,16.23,0.36,0.68,0.91,0.0023,1
159,444,908,0.73,0.64,0.02,0.4,0.0648,0
254,192,153,0.36,0.78,0.16,0.17,0.0265,0
456,659,327,5.4,0.79,0.43,0.44,0.0119,1
473,398,1236,1.8,0.71,0.45,0.64,0.0084,1
194,118,225,0.61,0.97,0.03,0.16,0.0344,0
413,639,1009,11.4,0.98,0.49,0.75,0.0643,0
951,7673,3359,9.96,0.99,0.34,0.63,0.0576,0
1861,1163,3516,18.51,0.6,0.65,0.7,0.0025,1
212,316,1739,4.0,0.75,0.47,0.48,0.013,1
392,49,69,0.03,0.25,0.04,0.1,0.037,0
348,186,133,1.41,0.62,0.15,0.42,0.0138,0
155,136,1037,2.32,0.7,0.39,0.78,0.0129,1
380,60,48,2.5,0.69,0.21,0.42,0.0617,0
270,37,149,0.03,0.56,0.01,0.3,0.0272,0
449,978,1116,0.51,0.83,0.02,0.57,0.0896,1
70,708,1121,5.15,0.82,0.53,0.43,0.0124,1
61,42,5762,16.52,0.24,0.7,0.78,0.0027,1
989,961,963,1.59,0.64,0.05,0.25,0.1124,0
319,193,331,0.29,0.93,0.01,0.41,0.0516,0
1,17,16,0.52,0.44,0.26,0.41,0.0886,0
996,316,176,0.47,0.94,0.03,0.31,0.0056,0
124,526,354,1.98,0.65,0.53,0.41,0.0098,1
1102,168,2172,10.49,0.57,0.78,0.63,0.0088,1
17,73,3025,35.48,0.47,0.72,0.82,0.0006,1
265,1363,1536,12.75,0.93,0.44,0.73,0.0681,0
289,221,267,0.97,0.78,0.01,0.63,0.1406,0
48,57,199,0.05,0.33,0.09,0.31,0.0153,0
5,0,50,1.14,0.46,0.43,0.5,0.036,0
11,29,4415,50.99,0.29,0.81,0.79,0.0009,1
30,32,45,0.02,0.28,0.1,0.13,0.0303,0
339,640,1474,1.99,0.82,0.43,0.47,0.017,1
361,142,138,1.32,0.46,0.05,0.47,0.0611,0
17,17,101,0.55,0.51,0.33,0.27,0.057,0
679,332,480,1.74,1.0,0.05,0.45,0.008,0
137,352,520,0.14,1.0,0.05,0.22,0.0998,0
1043,122,99,2.58,0.56,0.01,0.35,0.0325,0
538,304,442,4.95,0.98,0.05,0.25,0.1549,0
127,672,1220,0.76,0.85,0.08,0.27,0.0225,0
149,467,494,3.4,0.65,0.39,0.68,0.0104,1
1577,431,2474,16.43,1.0,0.35,0.37,0.0719,0
1064,747,2645,17.57,0.58,0.55,0.56,0.007,1
122,24,202,0.0,0.45,0.09,0.16,0.0387,0
416,3004,965,4.79,0.98,0.22,0.36,0.0662,0
497,846,2736,14.48,0.9,0.27,0.57,0.0196,0
268,41,198,0.01,0.5,0.02,0.14,0.026,0
182,616,795,2.2,0.73,0.47,0.44,0.0061,1
233,443,429,6.35,0.89,0.19,0.63,0.0634,0
388,606,883,5.2,0.74,0.27,0.41,0.0186,1
393,429,1635,2.06,0.89,0.25,0.71,0.012,1
389,205,669,11.69,0.94,0.35,0.33,0.0631,0
184,211,144,1.58,1.0,0.05,0.6,0.0996,0
648,63,41,0.03,0.43,0.05,0.24,0.0216,0
1731,190,3823,16.97,0.7,0.75,0.62,0.0023,1
87,204,5020,1.91,0.35,0.81,0.44,0.0008,1
423,7,167,0.04,0.25,0.0,0.33,0.0236,0
105,58,161,0.02,0.47,0.07,0.14,0.0027,0
1195,271,390,0.3,0.54,0.1,0.25,0.1072,0
473,1917,3484,16.46,0.92,0.39,0.46,0.0613,0
581,150,367,1.54,1.0,0.08,0.49,0.0904,0
569,65,164,0.01,0.49,0.08,0.22,0.0319,0
522,420,485,0.31,0.99,0.04,0.59,0.0862,0
278,198,234,0.32,0.72,0.08,0.64,0.2088,1
741,886,1007,0.69,0.58,0.0,0.65,0.0474,0
476,915,826,4.75,0.89,0.02,0.24,0.0574,0
338,68,107,0.02,0.3,0.08,0.15,0.0064,0
228,329,596,1.27,0.7,0.1,0.55,0.0507,0
607,337,716,1.7,0.84,0.07,0.63,0.0757,0
384,626,1624,5.54,0.87,0.39,0.48,0.0145,1
27,21,19,0.74,0.52,0.36,0.27,0.0401,0
1492,683,2704,19.38,0.8,0.83,0.83,0.0066,1
182,469,609,0.26,1.0,0.28,0.46,0.0122,0
474,238,769,4.44,0.65,0.28,0.54,0.0091,1
295,11611,2314,6.91,0.99,0.42,0.31,0.0644,0
282,44,89,1.28,0.72,0.07,0.23,0.1389,0
108,341,5175,1.75,0.32,0.82,0.6,0.0016,1
349,12730,1381,11.73,0.89,0.33,0.35,0.0545,0
272,1653,3371,2.05,0.52,0.01,0.64,0.1174,0
14,20,5211,39.87,0.31,0.86,0.92,0.0019,1
1438,500,2437,23.38,0.59,0.73,0.6,0.0078,1
551,161,128,0.87,1.0,0.04,0.17,0.0905,0
423,2350,3316,4.83,1.0,0.38,0.72,0.0634,0
65,18,1466,26.28,0.41,0.75,0.73,0.0029,1
64,23,239,0.04,0.32,0.08,0.1,0.0302,0
968,141,174,3.47,0.97,0.02,0.61,0.0555,0
781,1449,3187,9.11,0.95,0.31,0.72,0.0552,0
146,180,205,0.29,0.58,0.0,0.41,0.0514,0
55,16,2944,41.14,0.49,0.82,0.77,0.0023,1
29,18,51,0.79,0.67,0.16,0.27,0.0758,0
1429,521,1709,7.84,0.91,0.43,0.32,0.0317,0
498,794,535,4.12,0.67,0.42,0.77,0.0161,1
523,91,197,1.12,0.88,0.03,0.59,0.0711,0
155,480,877,0.14,0.8,0.33,0.42,0.0131,0
261,223,195,2.84,0.73,0.05,0.45,0.0342,0
1877,889,3116,11.77,0.7,0.53,0.54,0.0081,1
253,35,82,4.23,0.73,0.0,0.2,0.1116,0
1072,110,188,0.68,1.0,0.08,0.25,0.0669,0
68,342,6171,0.52,0.42,0.97,0.61,0.0007,1
198,211,222,1.13,1.0,0.02,0.25,0.0879,0
1443,1288,1565,17.63,0.95,0.43,0.41,0.0422,0
29,24,79,0.75,0.49,0.13,0.46,0.0537,0
128,551,277,0.13,1.0,0.28,0.47,0.1245,0
618,76,141,0.04,0.31,0.1,0.08,0.0382,1
1290,78,174,5.36,0.82,0.06,0.46,0.0747,0
740,1870,855,10.1,0.9,0.17,0.34,0.0652,0
244,4336,1942,0.76,0.47,0.1,0.19,0.0832,0
1,84,5764,52.0,0.44,0.97,0.75,0.0002,1
2180,726,3480,14.47,0.59,0.53,0.78,0.0086,1
7,28,2780,23.12,0.43,0.93,0.97,0.0025,1
135,777,1044,0.34,0.93,0.01,0.31,0.0263,0
446,114,107,0.54,0.8,0.13,0.51,0.1184,0
3,82,1299,9.64,0.28,0.69,0.77,0.0033,1
391,434,1033,1.96,0.85,0.52,0.55,0.0179,1
1227,596,355,0.8,1.0,0.0,0.39,0.1488,0
459,43,245,0.05,0.46,0.1,0.18,0.0032,0
872,375,1572,6.61,0.59,0.52,0.75,0.0086,1
143,529,935,1.44,0.81,0.11,0.45,0.0565,0
7,54,3019,44.99,0.27,0.75,0.91,0.0026,1
329,277,224,0.85,0.98,0.11,0.23,0.0465,0
20,11,87,0.93,0.31,0.22,0.31,0.0102,0
1397,634,3323,22.64,0.55,0.63,0.67,0.0029,1
22,12,81,1.19,0.54,0.24,0.4,0.0139,0
24,22,84,0.33,0.37,0.17,0.43,0.0726,0
194,571,1174,1.17,0.94,0.05,0.33,0.1543,0
32,13,3949,9.2,0.36,0.92,0.88,0.0024,1
1,88,2952,10.29,0.43,0.69,0.78,0.0035,1
245,166,153,1.6,0.89,0.0,0.4,0.0751,0
562,32,73,0.01,0.51,0.08,0.16,0.0045,0
296,647,322,4.95,0.84,0.43,0.46,0.0111,1
30,381,5507,2.95,0.31,0.97,0.68,0.0019,1
5,79,1351,41.17,0.32,0.92,0.76,0.0013,1
539,1127,2425,2.91,0.96,0.12,0.23,0.0969,0
569,188,368,0.12,1.0,0.08,0.33,0.0208,0
457,332,296,2.25,1.0,0.09,0.49,0.1225,0
2177,225,4943,23.63,0.7,0.59,0.67,0.0093,1
445,407,1703,11.01,0.98,0.44,0.33,0.0638,0
1284,4284,2482,9.78,0.93,0.19,0.54,0.071,0
224,5594,1265,8.34,0.95,0.38,0.51,0.0512,0
463,97,183,0.44,0.72,0.01,0.15,0.0763,0
205,171,225,0.35,0.61,0.07,0.35,0.121,0
308,1177,2184,12.27,1.0,0.24,0.3,0.0743,0
4,94,4657,15.27,0.41,0.87,0.85,0.0006,1
236,383,198,0.25,0.85,0.17,0.29,0.0235,0
2185,709,3759,9.5,0.65,0.63,0.82,0.0041,1
199,152,302,1.02,0.74,0.11,0.63,0.077,0
109,56,94,0.05,0.38,0.07,0.22,0.034,0
142,223,490,1.55,0.63,0.0,0.19,0.0211,0
1808,1098,4084,9.48,0.62,0.8,0.64,0.0056,1
95,94,173,1.57,0.98,0.03,0.52,0.25,0
66,674,378,4.66,0.67,0.5,0.7,0.0088,1
13,22,99,0.95,0.66,0.14,0.49,0.0106,0
332,197,275,4.26,0.82,0.13,0.46,0.1384,0
7,92,2860,18.54,0.22,0.9,0.77,0.0033,1
2940,1790,2254,16.75,0.87,0.23,0.66,0.0216,0
805,81,126,0.27,0.72,0.15,0.39,0.1196,0
24,22,85,0.33,0.65,0.38,0.25,0.0603,0
298,529,320,2.45,0.74,0.4,0.48,0.0084,1
310,65,78,0.03,0.4,0.03,0.06,0.0309,0
9,28,114,1.23,0.49,0.11,0.28,0.0134,0
17,41,5003,35.27,0.42,0.65,0.96,0.0003,1
53,241,6160,0.44,0.47,0.91,0.64,0.0021,1
418,6,234,0.04,0.36,0.1,0.26,0.036,0
244,7111,1083,17.82,0.89,0.44,0.33,0.0274,0
424,333,548,0.61,0.82,0.02,0.39,0.0804,0
634,4638,837,6.8,0.96,0.32,0.65,0.0257,0
260,382,2385,15.63,0.86,0.25,0.39,0.0357,1
225,101,1703,5.11,0.84,0.37,0.64,0.007,1
95,92,154,1.34,0.93,0.17,0.6,0.1846,0
283,705,1536,4.92,0.84,0.42,0.69,0.0072,1
38,65,7731,0.61,0.62,0.79,0.43,0.0024,1
608,27,184,0.01,0.54,0.03,0.22,0.0205,0
134,1852,1503,1.05,0.64,0.06,0.26,0.1231,0
15,17,81,0.91,0.44,0.27,0.38,0.0397,0
778,47,198,0.03,0.47,0.09,0.24,0.0348,0
2185,1161,4200,24.42,0.63,0.56,0.5,0.0027,1
179,631,1105,3.41,0.79,0.08,0.23,0.0673,0
243,640,736,5.41,0.85,0.44,0.72,0.0137,1
45,404,7014,1.37,0.47,0.93,0.63,0.003,0
36,44,3206,8.8,0.18,0.9,0.76,0.0034,1
142,153,106,0.32,0.69,0.06,0.24,0.085,0
158,987,2168,0.28,0.97,0.08,0.39,0.1714,0
381,229,447,0.75,0.97,0.03,0.44,0.0922,0
55,164,2370,0.89,0.54,0.84,0.61,0.0023,1
116,318,3310,2.38,0.31,0.79,0.62,0.0029,1
255,233,410,0.61,1.0,0.11,0.57,0.0891,0
103,44,133,0.04,0.46,0.02,0.05,0.0101,0
502,597,1736,3.55,0.79,0.53,0.78,0.0075,1
1247,191,212,0.34,0.94,0.03,0.24,0.0264,0
773,34,71,0.01,0.56,0.08,0.28,0.0228,0
47,450,5430,1.42,0.48,0.8,0.43,0.0041,1
19,44,2022,18.19,0.46,0.68,0.8,0.0012,1
127,505,732,2.57,0.85,0.35,0.45,0.0118,1
465,14,155,0.0,0.26,0.02,0.24,0.0065,0
11,453,4962,2.03,0.61,0.9,0.51,0.0006,1
1613,590,1727,14.57,0.6,0.53,0.79,0.0095,1
215,79,170,0.02,0.37,0.01,0.2,0.023,0
285,139,264,0.48,0.88,0.13,0.52,0.0985,0
585,571,933,0.28,0.73,0.02,0.34,0.0478,0
587,529,705,3.09,0.66,0.48,0.76,0.0174,1
279,62,126,0.03,0.32,0.03,0.13,0.0086,0
32,245,6693,0.57,0.41,0.82,0.52,0.0048,1
8,59,3704,26.57,0.25,0.88,0.8,0.0002,1
179,119,1591,3.92,0.75,0.44,0.79,0.005,1
1,4,56,0.48,0.52,0.37,0.48,0.0371,0
51,68,3569,42.61,0.46,0.7,0.82,0.0021,1
17,143,4316,2.1,0.57,0.83,0.46,0.0005,1
20,33,4928,47.42,0.29,0.94,0.76,0.0019,1
265,36,268,0.02,0.43,0.03,0.21,0.0264,0
559,667,590,4.47,0.87,0.47,0.48,0.0116,1
220,307,844,4.77,0.73,0.26,0.61,0.0165,1
2787,126,108,0.21,0.57,0.01,0.2,0.0283,1
360,3915,449,8.51,1.0,0.15,0.51,0.0694,0
50,85,4348,18.94,0.42,0.89,0.8,0.002,1
1033,1597,1539,11.88,0.88,0.26,0.68,0.0675,0
10,8,84,0.26,0.3,0.43,0.28,0.0249,0
253,347,1309,5.27,0.7,0.27,0.45,0.0169,1
245,582,693,2.42,0.79,0.43,0.76,0.0164,1
381,201,348,2.0,0.67,0.38,0.5,0.0191,1
300,577,502,0.41,0.61,0.0,0.31,0.017,0
241,8665,450,15.5,0.9,0.27,0.67,0.0696,0
507,250,683,4.8,0.84,0.29,0.56,0.0055,1
505,409,855,1.65,0.84,0.53,0.44,0.0197,1
1317,366,4599,10.12,0.68,0.67,0.77,0.0082,1
1577,1028,3535,16.87,0.66,0.78,0.61,0.0047,1
98,87,146,0.92,0.99,0.04,0.19,0.0801,0
929,466,676,0.72,1.0,0.08,0.56,0.006,0
137,882,1779,2.55,0.81,0.12,0.55,0.0417,0
44,51,2765,15.99,0.24,0.92,0.88,0.0007,1
504,39,210,0.05,0.53,0.06,0.29,0.0142,0
632,1212,2213,1.66,0.91,0.07,0.53,0.0505,0
159,53,173,0.04,0.58,0.08,0.26,0.0293,0
108,152,333,0.14,0.66,0.16,0.19,0.016,0
367,39,132,0.02,0.46,0.09,0.08,0.0314,0
598,2610,1673,12.54,0.86,0.23,0.43,0.0386,1
46,32,4362,11.89,0.32,0.7,0.89,0.0003,1
1676,838,2758,20.62,0.79,0.53,0.76,0.0023,1
2167,285,4653,15.51,0.67,0.66,0.6,0.0098,1
4,6,2046,10.97,0.31,0.95,0.73,0.0039,0
1,93,5936,27.64,0.43,0.92,0.72,0.0027,1
16,14,79,1.95,0.47,0.36,0.41,0.0128,0
1277,8079,3084,11.4,0.92,0.28,0.62,0.0654,0
626,14398,1915,17.74,0.86,0.46,0.35,0.0629,0
116,344,597,4.31,0.63,0.32,0.62,0.0163,1
24,22,38,1.36,0.44,0.16,0.41,0.0343,0
2143,693,3241,15.08,0.67,0.53,0.64,0.0056,1
216,500,596,1.64,0.9,0.29,0.71,0.0133,1
896,414,612,0.22,0.94,0.02,0.17,0.0304,1
210,402,1468,1.6,0.62,0.3,0.79,0.0059,1
593,65,132,0.03,0.34,0.02,0.2,0.013,0
394,327,544,1.26,0.82,0.02,0.43,0.1119,0
148,258,462,1.38,0.99,0.6,0.24,0.027,0
111,572,811,3.26,0.79,0.26,0.42,0.0073,1
352,631,1081,4.84,0.63,0.46,0.8,0.0146,1
756,66,116,0.02,0.34,0.08,0.28,0.0205,0
1,12,3651,14.82,0.17,0.95,0.83,0.0021,1
189,734,957,4.24,0.79,0.35,0.42,0.0121,1
738,142,279,0.69,0.77,0.0,0.6,0.0364,0
807,735,1128,0.71,0.92,0.07,0.38,0.0858,0
112,306,701,2.46,0.55,0.09,0.54,0.0164,0
944,389,4249,21.7,0.69,0.59,0.76,0.0083,1
1296,946,1786,9.69,0.92,0.4,0.5,0.0686,0
22,46,4202,30.23,0.37,0.81,0.97,0.0016,1
6,7,31,1.14,0.69,0.14,0.49,0.0798,0
103,393,7797,1.56,0.42,0.92,0.53,0.0043,1
116,119,134,2.19,1.0,0.05,0.18,0.0445,0
778,877,1690,1.82,0.82,0.1,0.41,0.0869,0
589,199,913,3.52,0.6,0.38,0.49,0.0177,1
531,660,743,2.78,0.67,0.33,0.79,0.0077,1
7,58,4313,31.32,0.16,0.73,0.86,0.0021,1
23,5,17,1.69,0.41,0.1,0.48,0.0336,0
295,728,1178,2.34,0.86,0.29,0.57,0.0199,1
513,751,1579,2.04,0.84,0.4,0.64,0.0133,1
29,28,70,0.66,0.38,0.32,0.47,0.0427,0
16,28,91,0.52,0.48,0.43,0.46,0.0586,0
599,13,37,0.05,0.56,0.0,0.05,0.0206,0
826,282,213,4.86,0.78,0.08,0.5,0.0052,0
497,3942,8604,0.51,0.98,0.29,0.64,0.1532,0
98,523,317,2.19,0.57,0.0,0.15,0.0861,0
241,63,236,0.05,0.48,0.06,0.07,0.0206,0
54,74,6463,2.37,0.58,0.99,0.49,0.0016,1
41,42,5437,28.04,0.24,0.91,0.82,0.004,1
77,708,369,3.76,0.63,0.55,0.54,0.0159,1
1550,1035,1787,12.93,0.61,0.61,0.6,0.0039,1
1225,2861,4287,0.43,1.0,0.01,0.2,0.0526,0
851,51,48,0.21,0.77,0.06,0.57,0.0642,0
127,908,799,0.6,0.3,0.11,0.35,0.0187,0
211,885,434,0.21,0.85,0.03,0.53,0.2466,0
661,5590,2654,14.95,0.87,0.46,0.39,0.0519,0
8,5,115,0.73,0.53,0.35,0.46,0.099,0
5,28,83,0.99,0.62,0.43,0.41,0.0276,0
742,34,211,0.02,0.36,0.06,0.29,0.0379,0
24,68,1352,8.37,0.46,0.67,0.73,0.0002,1
1160,3369,1186,14.17,0.93,0.23,0.56,0.0681,0
377,578,1487,5.5,0.74,0.45,0.51,0.0188,1
346,7805,1703,12.08,0.96,0.43,0.51,0.0255,0
1,8,5,1.29,0.44,0.4,0.4,0.0231,0
772,79,75,0.0,0.58,0.09,0.15,0.0216,0
263,2209,1638,0.52,0.7,0.01,0.64,0.0104,0
233,591,664,4.76,0.84,0.44,0.53,0.0074,1
766,610,1943,6.45,0.89,0.44,0.62,0.0628,0
956,1276,519,8.78,0.88,0.31,0.52,0.028,0
89,769,1193,2.26,0.78,0.42,0.68,0.0068,1
1129,4230,1827,5.27,0.93,0.37,0.31,0.0507,0
334,533,1205,0.55,0.84,0.0,0.28,0.0468,0
1796,1675,2241,0.23,1.0,0.12,0.39,0.1328,0
867,565,2216,13.71,0.96,0.29,0.54,0.0354,0
333,285,647,0.62,0.86,0.03,0.3,0.041,0
665,47,91,0.01,0.51,0.02,0.21,0.0345,0
140,62,46,1.36,0.76,0.06,0.45,0.0987,0
50,84,4404,12.81,0.47,0.78,0.98,0.0028,1
976,11991,3127,12.57,0.94,0.43,0.33,0.0462,0
210,774,936,4.83,0.71,0.27,0.44,0.02,1
4,28,3468,18.76,0.22,0.96,0.92,0.001,1
295,555,953,0.92,0.77,0.01,0.28,0.0637,0
1477,2075,1160,6.35,0.96,0.2,0.67,0.0477,0
246,2979,2167,14.25,0.87,0.32,0.53,0.0755,0
645,26,292,0.0,0.6,0.01,0.08,0.0065,0
186,6,40,0.03,0.34,0.04,0.13,0.0312,0
1367,3573,1899,6.95,0.87,0.5,0.63,0.0496,0
502,26,37,0.04,0.48,0.03,0.15,0.0336,0
321,371,315,4.13,0.78,0.36,0.71,0.0111,1
63,393,4008,0.42,0.52,0.84,0.39,0.0034,1
269,441,472,0.25,0.83,0.22,0.52,0.0608,0
162,338,454,3.34,0.72,0.3,0.27,0.0531,0
14,49,3435,13.64,0.28,0.75,0.79,0.0022,1
219,257,1497,5.27,0.86,0.29,0.52,0.0119,1
503,4801,3467,6.21,0.99,0.29,0.68,0.0557,0
416,828,893,0.33,0.73,0.01,0.17,0.1087,0
35,62,3856,20.37,0.33,0.86,0.9,0.0033,1
488,189,437,3.02,0.64,0.32,0.68,0.0085,1
1022,5536,1793,16.93,0.87,0.29,0.48,0.0233,0
57,102,3810,1.67,0.39,0.85,0.63,0.0026,1
160,622,1199,1.15,0.98,0.04,0.26,0.0138,0
29,82,5658,15.42,0.43,0.92,0.92,0.003,1
413,437,1691,3.97,0.74,0.47,0.63,0.0041,1
2085,377,4312,16.32,0.56,0.7,0.83,0.0037,1
68,186,2357,2.12,0.36,0.76,0.35,0.0047,1
201,8696,3038,11.23,0.88,0.4,0.38,0.0286,0
75,255,5938,0.85,0.45,0.96,0.43,0.0037,1
180,188,313,0.67,0.72,0.06,0.21,0.2096,0
577,124,79,0.29,0.98,0.06,0.43,0.1654,0
34,145,2416,1.51,0.32,0.88,0.56,0.0026,1
656,34,178,0.04,0.41,0.07,0.22,0.0061,0
1534,669,4481,12.21,0.71,0.8,0.64,0.0032,1
342,129,187,2.04,0.67,0.32,0.35,0.0319,0
258,705,1569,0.2,0.73,0.0,0.31,0.0419,0
129,155,1436,2.4,0.64,0.32,0.69,0.0118,1
210,80,100,0.76,0.64,0.17,0.32,0.1452,0
86,53,216,0.01,0.37,0.05,0.3,0.0185,0
103,220,136,2.7,0.67,0.09,0.24,0.0669,0
29,57,4775,15.17,0.5,0.83,0.93,0.001,1
128,786,549,5.75,0.67,0.28,0.57,0.016,1
3,78,4366,20.88,0.39,0.68,0.89,0.0038,1
576,676,1271,2.2,0.74,0.49,0.61,0.0196,1
404,463,461,2.19,0.8,0.38,0.68,0.009,1
214,243,485,0.88,0.53,0.05,0.45,0.0282,0
852,5858,3378,15.0,0.86,0.39,0.37,0.0422,0
27,12,119,1.88,0.42,0.19,0.41,0.0961,0
307,146,284,2.14,0.97,0.07,0.6,0.1164,0
342,668,639,4.5,0.8,0.54,0.69,0.0106,1
58,85,5282,13.1,0.34,0.85,0.95,0.0007,1
283,38,81,1.17,0.9,0.12,0.19,0.0641,0
2,25,2296,24.04,0.29,0.91,0.9,0.0023,1
220,25125,759,8.62,0.9,0.33,0.54,0.0584,0
647,129,234,0.54,0.75,0.19,0.49,0.0838,0
379,229,336,1.53,0.76,0.38,0.67,0.0183,1
585,476,1637,5.38,0.75,0.29,0.51,0.0126,1
31,486,3473,0.24,0.33,0.83,0.42,0.0027,1
69,347,6816,0.41,0.37,0.99,0.66,0.0018,1
241,157,776,2.8,0.8,0.54,0.68,0.0195,0
284,924,454,2.92,0.41,0.18,0.47,0.1466,0
322,1358,1712,0.29,0.67,0.04,0.39,0.045,0
656,197,309,2.54,0.67,0.06,0.57,0.0659,0
600,475,662,0.11,0.72,0.02,0.19,0.0954,0
574,678,1176,3.24,0.76,0.48,0.51,0.0106,1
384,576,1243,0.98,0.84,0.06,0.23,0.0756,0
633,5,288,0.05,0.54,0.05,0.28,0.0371,0
282,91,167,0.19,0.86,0.08,0.5,0.085,0
488,559,906,4.88,0.63,0.34,0.64,0.0177,1
109,523,1102,1.04,0.92,0.05,0.29,0.0516,0
683,468,783,8.23,0.94,0.49,0.3,0.0326,0
386,28,54,0.4,0.96,0.05,0.55,0.1704,0
21,266,3596,2.3,0.61,0.95,0.61,0.0007,1
243,1017,1242,0.13,1.0,0.01,0.49,0.0378,0
258,206,224,4.01,0.8,0.04,0.29,0.0449,0
291,929,1962,1.64,0.79,0.06,0.61,0.0195,0
458,4298,1208,12.23,0.87,0.26,0.5,0.0536,0
125,409,779,1.94,0.83,0.03,0.32,0.0181,0
4,21,5886,29.38,0.42,0.76,0.85,0.0009,1
535,259,562,2.22,0.86,0.02,0.26,0.0839,0
506,194,279,0.29,0.77,0.04,0.19,0.029,0
1639,1065,3227,15.5,0.77,0.82,0.58,0.0029,1
356,194,535,5.45,0.78,0.4,0.43,0.0196,1
869,2862,803,13.38,0.9,0.31,0.44,0.0634,0
38,309,3397,0.8,0.52,0.84,0.36,0.0015,1
33,338,4649,2.9,0.42,0.91,0.44,0.0029,1
720,206,452,0.12,0.89,0.04,0.25,0.0499,0
324,1060,1651,5.62,0.57,0.12,0.39,0.0193,0
231,371,620,0.28,0.84,0.06,0.47,0.0892,0
131,639,1321,1.33,0.84,0.04,0.59,0.0369,0
491,409,450,0.89,0.77,0.02,0.62,0.0583,0
336,136,189,2.44,0.64,0.01,0.17,0.1355,0
1664,4358,3147,17.31,0.93,0.44,0.48,0.0398,1
269,380,819,17.6,0.96,0.47,0.51,0.0266,0
217,46,129,0.05,0.28,0.0,0.19,0.0146,0
126,158,250,1.89,0.76,0.16,0.15,0.0933,0
19,19,26,1.05,0.31,0.15,0.45,0.0341,0
22,489,2819,2.0,0.58,0.87,0.43,0.0049,1
142,12,129,0.03,0.45,0.07,0.24,0.0204,0
25,2,5667,20.19,0.41,0.91,0.91,0.0027,1
1943,9142,3019,15.19,0.87,0.23,0.67,0.0161,0
289,721,1017,2.38,0.89,0.43,0.49,0.0172,1
4,47,3361,22.03,0.38,0.69,0.75,0.0003,1
209,176,292,0.26,0.54,0.26,0.26,0.0851,0
428,69,84,0.39,0.66,0.16,0.23,0.0153,0
180,288,201,0.33,0.63,0.01,0.31,0.0639,0
505,1352,2317,6.74,0.92,0.37,0.62,0.0223,0
113,280,1584,2.82,0.76,0.36,0.46,0.0034,1
41,26,2387,16.0,0.45,0.88,0.86,0.0038,1
111,457,1326,2.58,0.61,0.47,0.79,0.0062,1
1225,1121,3285,12.99,0.92,0.18,0.33,0.0309,0
299,757,454,3.7,0.87,0.39,0.41,0.0092,1
167,169,379,1.22,0.74,0.06,0.57,0.0709,0
1499,759,4318,12.84,0.75,0.61,0.69,0.0034,1
60,37,2756,16.91,0.22,0.73,0.88,0.0036,1
22,25,55,1.02,0.55,0.34,0.21,0.0534,0
2,98,2452,11.68,0.43,0.94,0.75,0.0025,1
111,450,5030,2.95,0.53,0.93,0.66,0.0042,1
264,1221,2510,0.46,1.0,0.01,0.4,0.0398,0
162,861,677,2.94,0.9,0.05,0.41,0.0436,0
649,976,595,17.06,0.94,0.34,0.54,0.0455,0
75,157,5851,1.51,0.65,0.86,0.44,0.002,1
820,1623,471,17.54,0.98,0.3,0.69,0.0189,0
81,226,7070,0.61,0.36,0.95,0.65,0.0005,1
375,825,1483,0.38,0.76,0.02,0.23,0.0294,0
536,180,400,0.26,0.67,0.07,0.51,0.0286,0
273,356,774,2.4,1.0,0.05,0.47,0.0648,0
1249,1052,2357,15.16,0.57,0.73,0.84,0.0078,1
22,32,1407,22.11,0.16,0.73,0.82,0.0004,1
520,59,164,0.04,0.49,0.06,0.22,0.016,0
665,33,45,0.0,0.36,0.09,0.13,0.0373,0
1050,1635,2116,10.15,0.96,0.49,0.44,0.0373,0
389,3063,1963,10.18,0.86,0.35,0.42,0.049,0
22,31,2874,17.43,0.28,0.81,0.87,0.001,1
519,7188,3097,8.59,0.9,0.29,0.44,0.0589,0
2075,1001,3285,18.08,0.7,0.78,0.74,0.0079,1
895,684,1128,0.1,0.86,0.22,0.28,0.1395,0
9,7,14,1.02,0.58,0.23,0.33,0.0772,0
1752,1193,2552,11.55,0.84,0.56,0.69,0.0075,1
133,876,1043,2.27,0.75,0.02,0.45,0.1592,0
211,256,202,0.26,0.64,0.02,0.24,0.0688,0
6,9,32,0.82,0.35,0.27,0.35,0.0809,0
90,205,174,2.36,0.93,0.04,0.41,0.0138,0
665,10,84,0.04,0.46,0.05,0.24,0.0233,0
352,28,178,0.05,0.35,0.09,0.24,0.0327,0
17,10,111,0.79,0.43,0.33,0.31,0.0721,0
37,105,5120,1.01,0.35,0.79,0.65,0.0029,1
319,477,1248,2.06,0.64,0.26,0.78,0.0148,1
404,794,679,2.46,0.69,0.33,0.72,0.0055,1
593,142,297,0.42,0.74,0.16,0.63,0.1384,0
369,26,279,0.01,0.51,0.06,0.13,0.0314,0
7,63,5945,22.56,0.24,0.8,0.72,0.0025,1
759,2123,3326,9.08,0.94,0.35,0.34,0.0562,0
330,388,305,2.71,0.8,0.12,0.46,0.0518,0
321,62,123,0.52,0.99,0.08,0.55,0.0701,0
114,285,7572,2.9,0.41,0.79,0.41,0.0027,1
462,370,1571,2.24,0.69,0.27,0.43,0.0105,1
27,27,19,0.63,0.38,0.38,0.28,0.0527,1
51,240,7207,1.9,0.55,0.91,0.53,0.0006,1
164,380,628,1.13,0.89,0.25,0.32,0.0133,0
93,81,7407,2.36,0.63,0.81,0.54,0.0019,1
378,30,133,0.01,0.34,0.05,0.33,0.038,0
183,206,180,0.46,0.74,0.06,0.51,0.1053,0
21,60,5030,19.59,0.2,0.73,0.79,0.0029,1
200,127,914,5.91,0.82,0.39,0.74,0.006,1
2,16,76,2.0,0.41,0.15,0.35,0.0408,0
47,67,109,0.01,0.39,0.03,0.34,0.0189,0
63,202,4814,1.05,0.54,0.78,0.38,0.0041,1
385,905,1055,6.7,0.93,0.39,0.67,0.045,0
446,2440,1397,7.27,0.91,0.4,0.47,0.0439,0
306,16,277,0.03,0.44,0.01,0.13,0.0282,0
170,55,108,0.17,0.91,0.06,0.36,0.0581,0
255,59,227,0.0,0.44,0.01,0.29,0.0039,0
272,166,644,2.34,0.9,0.33,0.58,0.0035,1
1,4,80,0.13,0.36,0.44,0.28,0.0106,0
116,67,5723,0.71,0.43,0.86,0.52,0.0037,1
1555,442,669,0.35,0.72,0.0,0.35,0.0551,1
498,16159,3265,8.58,0.86,0.42,0.74,0.0336,0
254,425,864,1.47,0.87,0.05,0.19,0.1432,0
12,28,28,1.74,0.59,0.21,0.36,0.0649,0
393,5952,1408,14.34,0.91,0.31,0.4,0.0603,0
96,106,254,0.28,0.97,0.05,0.37,0.1155,0
91,477,945,0.89,0.83,0.01,0.62,0.1005,0
1499,1144,2118,5.26,0.96,0.37,0.57,0.0245,0
519,760,645,0.88,0.72,0.09,0.54,0.0289,0
699,431,222,0.91,0.86,0.01,0.34,0.1426,0
547,1018,1639,0.34,0.82,0.04,0.44,0.0539,0
500,658,828,3.7,0.78,0.14,0.64,0.0773,0
28,14,82,1.16,0.44,0.39,0.29,0.0506,0
410,580,2605,14.74,0.88,0.21,0.68,0.0202,0
24,4,109,1.26,0.59,0.16,0.3,0.0379,0
948,15358,3334,11.32,0.99,0.37,0.69,0.0762,0
202,323,439,0.43,0.85,0.17,0.61,0.0232,0
510,74,203,0.04,0.52,0.01,0.35,0.0313,0
12,83,4058,10.76,0.5,0.83,0.87,0.0018,1
92,294,594,4.97,0.82,0.49,0.68,0.0033,1
355,287,600,0.51,1.0,0.12,0.15,0.0271,0
374,449,1709,3.62,0.76,0.3,0.79,0.0061,1
2063,185,299,0.29,0.92,0.01,0.38,0.1562,0
158,51,45,4.76,0.49,0.05,0.37,0.1492,0
699,6084,491,4.47,0.85,0.28,0.41,0.0606,0
1093,132,222,0.15,0.73,0.11,0.44,0.0392,0
251,4748,6093,3.16,0.99,0.15,0.55,0.007,0
165,1664,3431,0.85,0.91,0.04,0.25,0.044,0
29,78,2679,15.96,0.2,0.91,0.83,0.0025,1
236,457,835,0.36,0.87,0.1,0.29,0.0984,0
45,26,244,0.03,0.55,0.09,0.22,0.0226,0
763,71,277,0.03,0.26,0.04,0.19,0.039,0
2149,1094,2236,20.98,0.6,0.82,0.81,0.0091,1
834,1014,2200,0.57,0.52,0.1,0.31,0.1512,0
201,401,790,4.2,0.87,0.45,0.57,0.0177,1
628,599,956,0.8,0.65,0.05,0.45,0.0709,0
194,1178,1915,1.89,0.79,0.04,0.64,0.1369,0
449,1731,1126,3.25,0.97,0.25,0.21,0.0607,0
751,1044,3198,13.85,0.97,0.15,0.41,0.0292,0
100,364,2726,0.94,0.59,0.9,0.54,0.0017,1
561,26,87,0.03,0.39,0.06,0.22,0.023,0
770,56,54,0.04,0.48,0.02,0.35,0.0258,0
7,21,66,1.32,0.45,0.22,0.37,0.0323,0
226,23,122,0.03,0.49,0.07,0.13,0.0148,0
547,2219,2554,9.97,0.96,0.19,0.73,0.0186,0
40,484,4933,0.49,0.65,0.77,0.59,0.0032,1
94,684,858,1.58,0.79,0.39,0.53,0.006,0
970,263,3565,10.78,0.71,0.75,0.64,0.0094,1
19,189,2768,1.84,0.4,0.96,0.63,0.0042,1
15,8,5,0.22,0.67,0.31,0.48,0.0881,0
455,219,1554,15.38,0.94,0.42,0.57,0.0465,0
1,10,4254,30.87,0.45,0.66,0.94,0.0019,1
3,78,5531,16.09,0.42,0.83,0.95,0.0028,1
20,24,105,1.65,0.32,0.44,0.3,0.043,0
352,1223,1995,5.83,0.92,0.23,0.65,0.0496,0
433,52,215,0.04,0.53,0.08,0.18,0.0034,0
1437,5043,1182,10.81,0.91,0.46,0.56,0.0685,0
611,1562,2406,2.08,0.93,0.06,0.18,0.0733,0
41,25,89,0.0,0.41,0.1,0.31,0.0026,0
952,47,123,1.27,0.82,0.09,0.53,0.0625,0
2,3,100,0.9,0.42,0.32,0.31,0.0823,0
555,561,699,3.04,0.84,0.11,0.2,0.0532,0
995,1123,1740,3.16,0.8,0.11,0.56,0.0296,0
532,20,206,0.05,0.44,0.01,0.16,0.0236,0
469,8,193,0.03,0.27,0.08,0.07,0.0196,0
208,96,205,0.22,0.67,0.0,0.22,0.0687,1
48,46,3303,12.45,0.28,0.76,0.94,0.0016,1
1000,404,229,0.48,0.68,0.13,0.29,0.025,0
764,47,255,0.01,0.37,0.09,0.1,0.0178,0
1417,810,2332,12.86,0.81,0.84,0.52,0.0047,1
894,71,76,1.99,0.78,0.06,0.25,0.1478,0
1140,592,721,4.41,1.0,0.02,0.54,0.0924,0
521,605,1105,1.86,0.63,0.3,0.41,0.016,1
356,45,72,0.03,0.56,0.1,0.22,0.0133,0
15,4,4022,44.81,0.45,0.92,0.96,0.0032,1
202,1329,1343,15.49,0.9,0.19,0.62,0.0571,0
685,402,647,3.0,0.7,0.0,0.62,0.1423,0
625,527,509,0.23,0.9,0.11,0.53,0.086,0
76,250,3445,1.83,0.63,0.8,0.66,0.0029,1
25,10,108,0.61,0.35,0.22,0.44,0.0461,0
183,584,345,2.86,0.96,0.04,0.58,0.1102,0
2,86,3475,15.25,0.23,0.86,0.94,0.003,1
25,15,15,1.35,0.65,0.13,0.39,0.0584,0
1184,444,1920,8.22,0.91,0.31,0.5,0.0395,0
1652,473,612,0.54,0.81,0.07,0.53,0.0759,0
608,64,161,0.01,0.33,0.01,0.28,0.0227,0
485,34,222,0.01,0.45,0.09,0.23,0.0186,0
124,752,1176,2.96,0.85,0.52,0.79,0.0133,1
555,264,850,1.54,0.76,0.27,0.49,0.009,1
341,472,923,0.39,0.83,0.04,0.41,0.1121,0
587,320,244,0.64,0.56,0.07,0.3,0.2206,0
735,20,192,0.04,0.25,0.05,0.33,0.0394,0
343,788,977,5.66,0.84,0.36,0.63,0.02,1
259,151,94,0.17,0.43,0.03,0.37,0.0423,0
12,17,5824,12.53,0.32,0.89,0.8,0.001,1
192,522,847,1.9,0.87,0.29,0.8,0.0117,1
1246,953,2118,0.95,0.73,0.02,0.4,0.0463,0
93,203,452,1.38,0.85,0.0,0.16,0.1152,0
293,21,280,0.01,0.47,0.01,0.07,0.0285,0
434,358,948,3.78,0.63,0.27,0.77,0.0059,1
1527,562,2587,8.01,0.68,0.73,0.82,0.0054,1
1233,158,3706,16.45,0.82,0.74,0.58,0.0036,1
241,2296,2953,17.71,0.88,0.38,0.38,0.0565,0
103,360,7116,1.49,0.57,0.88,0.67,0.0034,0
208,7479,1618,16.54,0.89,0.45,0.34,0.0784,0
121,1087,1796,2.14,1.0,0.01,0.44,0.0951,0
53,185,6054,2.6,0.5,0.82,0.44,0.0031,1
520,670,805,1.25,0.68,0.02,0.36,0.0744,0
30,46,2819,16.38,0.4,0.74,0.88,0.0024,1
258,966,1747,14.14,0.9,0.43,0.7,0.0771,0
381,1316,749,3.23,0.87,0.05,0.33,0.0248,0
536,73,61,0.01,0.44,0.0,0.14,0.0311,0
7,6,7,1.64,0.41,0.33,0.21,0.0857,0
134,74,252,0.02,0.6,0.07,0.25,0.0031,1
24,6,31,0.33,0.6,0.13,0.49,0.091,0
668,199,372,1.21,0.96,0.01,0.4,0.02,0
5,45,1262,14.45,0.21,0.93,0.98,0.0034,1
497,58,183,0.04,0.5,0.07,0.26,0.0186,0
19,41,5065,8.52,0.42,0.92,0.96,0.0025,1
584,237,992,3.35,0.71,0.32,0.61,0.0092,1
18,76,3065,30.94,0.49,0.9,0.94,0.0032,1
551,179,1138,2.98,0.76,0.46,0.65,0.0135,1
43,461,4820,2.76,0.57,0.79,0.62,0.0023,1
2,30,2225,41.75,0.36,0.93,0.79,0.0028,1
442,206,255,0.64,0.83,0.08,0.45,0.1583,0
104,405,6278,1.4,0.53,0.91,0.45,0.0027,1
134,1738,3793,2.73,0.75,0.09,0.59,0.0503,0
189,89,57,0.57,0.76,0.3,0.3,0.1493,0
250,40,140,0.01,0.47,0.02,0.14,0.0157,0
106,393,424,0.24,1.0,0.07,0.29,0.123,0
697,47,157,0.01,0.52,0.0,0.15,0.0169,0
76,147,5666,0.64,0.33,0.85,0.7,0.0046,1
8,66,4259,37.14,0.15,0.69,0.91,0.0025,1
285,402,373,0.22,0.76,0.09,0.59,0.0816,0
29,28,15,1.12,0.53,0.41,0.44,0.0822,0
21,297,6611,0.47,0.44,0.91,0.43,0.0011,1
442,783,1111,2.2,0.74,0.4,0.44,0.0085,1
238,2366,3473,5.65,0.94,0.33,0.4,0.0317,0
380,604,1208,2.58,0.68,0.29,0.62,0.0194,1
1170,1007,2213,17.82,0.85,0.45,0.61,0.0578,0
1433,4460,836,7.4,0.86,0.28,0.61,0.0472,0
232,188,268,1.7,0.98,0.07,0.39,0.0423,0
533,500,520,3.23,0.85,0.26,0.73,0.0135,1
1781,1096,4234,15.19,0.56,0.74,0.83,0.0037,1
168,349,490,3.87,0.81,0.33,0.52,0.0091,1
19,5,2794,39.41,0.48,0.71,0.88,0.0036,1
18,25,114,1.17,0.69,0.12,0.25,0.0645,0
1120,6806,727,12.3,0.94,0.17,0.49,0.0277,0
448,828,617,0.22,0.92,0.16,0.31,0.0548,0
25,15,89,1.16,0.69,0.42,0.38,0.0831,0
302,799,1180,0.2,0.9,0.05,0.37,0.0784,0
542,446,737,1.17,0.95,0.02,0.16,0.0483,1
159,149,333,2.5,0.61,0.03,0.39,0.0432,0
9,42,2590,19.01,0.24,0.87,0.85,0.0024,1
482,144,1151,4.75,0.64,0.51,0.72,0.0177,1
413,159,455,3.94,0.7,0.4,0.69,0.0085,1
341,1054,819,0.28,0.83,0.0,0.57,0.0754,0
1058,197,361,0.82,0.96,0.0,0.58,0.0306,0
161,758,759,1.42,0.67,0.04,0.3,0.1311,0
727,938,1071,0.55,0.75,0.14,0.47,0.0472,0
419,47,75,1.06,1.0,0.13,0.61,0.0531,0
12,28,42,2.0,0.49,0.27,0.3,0.0456,0
407,136,298,0.76,0.84,0.04,0.54,0.0813,0
920,6400,2781,15.97,0.9,0.3,0.63,0.0232,0
184,495,858,1.4,1.0,0.17,0.42,0.0937,0
692,869,930,0.23,0.95,0.07,0.3,0.0795,0
453,26,125,0.02,0.27,0.06,0.28,0.0324,0
20,65,4829,9.26,0.19,0.81,0.87,0.0008,1
392,366,644,0.99,0.53,0.04,0.43,0.072,0
6,49,2052,9.55,0.5,0.86,0.87,0.0037,1
672,105,153,0.23,0.75,0.0,0.64,0.0743,0
79,279,5302,2.07,0.64,0.76,0.47,0.0008,1
248,1680,1337,0.32,0.85,0.05,0.38,0.0638,0
72,24,243,0.03,0.39,0.03,0.2,0.0342,0
4,25,5492,37.09,0.29,0.96,0.78,0.0031,1
947,1466,2304,1.06,0.98,0.0,0.37,0.0779,0
344,756,1778,5.39,0.65,0.25,0.76,0.0082,1
406,1505,1733,1.33,0.89,0.13,0.3,0.0264,0
786,193,272,4.78,0.62,0.07,0.5,0.064,0
63,23,4859,10.09,0.19,0.79,0.82,0.0026,1
473,303,1692,2.46,0.63,0.35,0.67,0.0036,1
18,9,51,0.3,0.69,0.37,0.41,0.099,0
398,641,957,2.27,0.66,0.09,0.24,0.1315,0
1128,1165,2751,18.21,0.69,0.69,0.69,0.0086,1
2298,1815,2029,9.34,0.96,0.4,0.45,0.0632,0
505,2114,1589,14.12,0.86,0.22,0.45,0.0186,0
224,249,277,0.45,0.86,0.03,0.27,0.0534,0
453,7,204,0.04,0.37,0.0,0.34,0.029,0
14,3,2899,11.13,0.31,0.67,0.92,0.0023,1
2151,800,1756,13.47,0.64,0.78,0.69,0.0056,1
136,390,1209,4.83,0.77,0.27,0.54,0.0165,1
58,33,4050,34.62,0.21,0.76,0.87,0.0016,1
21,31,5671,8.56,0.21,0.95,0.92,0.0004,1
120,304,524,4.45,0.81,0.42,0.5,0.0044,0
103,1195,689,1.05,0.96,0.05,0.22,0.0589,0
3,7,81,1.78,0.58,0.24,0.26,0.061,0
421,51,90,0.05,0.46,0.08,0.32,0.0196,0
3,4,12,1.26,0.53,0.3,0.34,0.0896,0
114,375,7152,0.6,0.39,0.9,0.43,0.004,1
20,12,57,0.71,0.53,0.29,0.5,0.041,0
14,29,1916,29.93,0.49,0.97,0.76,0.0027,1
445,696,826,2.99,0.7,0.43,0.8,0.0197,1
440,509,1494,5.7,0.75,0.54,0.71,0.0192,1
192,104,132,0.14,0.65,0.04,0.46,0.0082,0
944,632,741,3.57,0.69,0.16,0.41,0.0381,0
11,59,3110,15.81,0.33,0.98,0.85,0.0019,1
1099,1008,4199,5.85,0.56,0.61,0.8,0.0081,1
16,23,87,1.51,0.37,0.31,0.23,0.097,0
126,463,709,3.46,0.66,0.48,0.72,0.0163,1
19,9,2478,18.88,0.5,0.75,0.82,0.0008,1
93,180,226,1.28,0.78,0.12,0.21,0.0213,0
9,88,3272,14.43,0.35,0.84,0.7,0.0028,1
1194,775,4368,12.94,0.59,0.64,0.65,0.007,1
233,1008,2315,11.48,0.94,0.22,0.65,0.0489,0
1130,97,149,0.48,0.74,0.11,0.25,0.1229,0
351,250,345,1.05,0.88,0.23,0.31,0.0311,0
425,536,1028,0.46,0.95,0.02,0.41,0.0531,0
472,313,193,1.16,0.77,0.12,0.53,0.03,0
769,35,142,0.02,0.45,0.08,0.21,0.0194,0
57,149,7523,0.84,0.57,0.78,0.51,0.0024,1
1051,1536,2349,7.66,0.94,0.35,0.31,0.0724,0
660,147,261,0.28,0.83,0.03,0.19,0.0998,0
12,96,3089,20.44,0.31,0.76,0.9,0.0013,1
48,92,4022,8.56,0.45,0.78,0.98,0.0014,1
15,14,39,1.71,0.68,0.36,0.39,0.0828,0
268,450,426,3.59,0.79,0.25,0.47,0.009,1
5,58,3954,10.11,0.45,0.9,0.8,0.0003,1
287,228,438,0.12,0.83,0.29,0.33,0.1364,0
252,44,132,0.05,0.44,0.01,0.12,0.0081,0
215,452,369,2.53,0.68,0.01,0.41,0.0223,0
903,289,432,0.7,0.88,0.05,0.63,0.0874,0
239,64,98,0.59,0.88,0.02,0.35,0.0181,0
1333,812,4188,7.1,0.77,0.8,0.68,0.0088,1
133,254,454,0.6,0.89,0.2,0.44,0.09,0
121,890,1928,0.23,0.79,0.07,0.54,0.0715,0
148,44,59,0.04,0.49,0.07,0.23,0.0051,0
83,335,2768,0.66,0.55,0.95,0.56,0.0031,1
40,356,4419,2.86,0.32,0.86,0.59,0.0034,1
704,202,253,0.96,0.92,0.14,0.45,0.0092,0
454,274,401,0.24,0.8,0.04,0.23,0.0624,0
20,29,50,1.85,0.35,0.32,0.31,0.039,0
12,55,1540,18.43,0.4,0.92,0.76,0.0027,1
37,162,5553,0.85,0.45,0.85,0.61,0.0023,1
413,1545,1326,0.69,0.78,0.03,0.63,0.1594,0
119,117,5913,2.4,0.46,0.92,0.43,0.0031,0
7,8,15,1.86,0.68,0.2,0.47,0.0911,0
97,368,497,3.06,0.64,0.02,0.31,0.0881,0
260,667,1297,0.87,0.59,0.01,0.27,0.0401,0
5,46,5179,10.57,0.16,0.88,0.92,0.0033,1
2,96,4953,13.07,0.19,0.93,0.88,0.0007,1
34,185,6480,1.86,0.39,0.77,0.4,0.0007,1
812,77,133,1.21,0.74,0.02,0.19,0.0356,0
114,260,4783,1.89,0.33,0.95,0.48,0.0019,1
25,29,19,0.11,0.54,0.13,0.47,0.0203,0
225,794,942,2.19,0.65,0.42,0.72,0.0176,1
279,22,203,0.04,0.4,0.04,0.2,0.0338,0
208,362,167,3.55,0.96,0.44,0.33,0.0835,0
9,26,18,0.3,0.43,0.42,0.48,0.0681,1
23,28,26,1.14,0.43,0.36,0.39,0.0125,0
43,236,7865,2.49,0.6,0.94,0.43,0.0011,1
827,49,110,0.89,1.0,0.04,0.58,0.0338,0
139,473,373,3.7,0.8,0.02,0.27,0.0281,0
399,4400,8942,0.29,0.79,0.05,0.21,0.0792,0
957,192,287,0.54,0.73,0.04,0.57,0.0729,0
106,493,5939,2.9,0.32,0.81,0.66,0.0044,0
354,684,716,0.72,0.67,0.04,0.16,0.011,0
912,437,272,3.44,0.79,0.1,0.48,0.14,1
12,17,66,1.83,0.35,0.2,0.27,0.0945,0
314,102,138,1.38,0.9,0.04,0.18,0.0377,0
757,1531,2271,6.84,0.86,0.39,0.36,0.0684,0
146,135,281,0.92,0.86,0.01,0.6,0.1498,0
340,46,102,0.03,0.6,0.08,0.07,0.0086,0
465,68,213,0.0,0.4,0.04,0.18,0.0356,0
14,15,5796,22.75,0.24,0.95,0.7,0.0038,0
79,54,2599,2.71,0.46,0.78,0.42,0.0016,1
329,346,441,3.49,0.74,0.51,0.41,0.0188,1
501,192,1278,2.23,0.65,0.45,0.77,0.0103,1
1164,151,4641,8.43,0.55,0.84,0.65,0.0036,1
774,30,112,6.11,0.85,0.02,0.32,0.074,0
62,238,834,4.89,0.86,0.32,0.65,0.004,1
726,221,180,0.81,0.85,0.33,0.37,0.078,0
20,370,7719,2.38,0.54,0.8,0.6,0.0034,1
741,510,3334,13.06,0.69,0.63,0.79,0.0067,1
114,468,3359,2.43,0.52,0.93,0.55,0.0047,1
655,34,148,0.04,0.36,0.01,0.15,0.0227,0
24,28,99,0.92,0.33,0.1,0.2,0.0367,0
370,25973,728,6.33,0.91,0.31,0.7,0.0496,0
479,543,1101,2.85,0.64,0.49,0.43,0.0133,1
168,37,115,0.03,0.38,0.04,0.24,0.0351,0
754,68,244,0.03,0.3,0.09,0.17,0.0192,0
207,2036,3757,2.58,1.0,0.01,0.56,0.043,0
664,72,258,0.01,0.34,0.02,0.16,0.0363,0
522,733,523,2.34,0.81,0.37,0.73,0.0039,1
635,16,291,0.02,0.55,0.09,0.17,0.0254,0
34,51,285,0.02,0.45,0.06,0.18,0.0188,0
68,198,7879,1.77,0.44,0.96,0.36,0.0024,1
1222,304,542,0.92,0.89,0.13,0.48,0.1385,0
46,205,5850,2.79,0.38,0.98,0.53,0.001,1
422,248,465,3.79,1.0,0.01,0.18,0.0842,0
9,9,48,1.56,0.65,0.11,0.3,0.0474,0
4,44,1443,63.24,0.36,0.93,0.77,0.0016,1
6,34,4968,13.93,0.4,0.85,0.72,0.0005,1
1538,7896,1463,5.89,0.89,0.29,0.33,0.0668,0
250,900,1696,0.84,0.53,0.12,0.46,0.0662,0
491,61,64,0.03,0.41,0.02,0.2,0.0255,0
264,1430,2208,7.6,0.89,0.47,0.63,0.0585,0
534,4367,3070,7.46,0.89,0.3,0.72,0.0578,0
847,71,109,0.89,0.7,0.02,0.41,0.024,0
494,3139,3225,12.36,1.0,0.39,0.64,0.0575,0
224,399,1772,4.1,0.6,0.5,0.52,0.0132,1
93,222,442,0.15,1.0,0.13,0.16,0.0613,0
1463,1038,2167,10.29,0.82,0.56,0.82,0.0065,1
627,34,170,0.01,0.58,0.02,0.17,0.0283,0
13,63,2622,82.17,0.27,0.72,0.82,0.0011,1
572,371,1622,2.61,0.67,0.54,0.53,0.018,1
1855,4253,2940,17.38,0.86,0.44,0.54,0.0276,0
430,1149,1895,1.65,1.0,0.11,0.37,0.0165,0
1016,352,703,1.5,0.96,0.05,0.5,0.116,0
15,16,107,1.67,0.5,0.35,0.42,0.0917,0
925,124,232,1.23,0.89,0.06,0.39,0.0626,0
198,59,162,0.03,0.39,0.02,0.15,0.0104,0
94,254,6773,2.43,0.64,0.75,0.52,0.0007,1
15,75,5651,58.91,0.49,0.9,0.71,0.0032,1
83,134,5803,0.68,0.39,0.98,0.42,0.0036,1
336,118,1698,2.42,0.79,0.5,0.67,0.0097,1
1296,301,347,1.1,0.88,0.07,0.23,0.0418,1
256,385,777,2.15,0.83,0.09,0.37,0.117,0
565,16,174,0.02,0.53,0.02,0.17,0.039,0
391,278,463,0.65,0.55,0.21,0.3,0.247,0
4,1,112,0.41,0.51,0.19,0.4,0.0126,0
113,882,488,1.72,0.79,0.13,0.48,0.0662,0
884,1507,1545,15.6,0.94,0.15,0.36,0.0714,0
487,623,1775,4.71,0.6,0.34,0.58,0.0118,1
533,66,231,0.02,0.36,0.04,0.29,0.0156,0
166,50,93,0.02,0.47,0.1,0.07,0.0384,0
131,732,1016,0.82,1.0,0.16,0.32,0.018,0
741,361,719,1.68,0.83,0.1,0.54,0.0285,0
445,504,806,2.33,0.97,0.04,0.36,0.1294,0
28,24,5072,37.02,0.45,0.79,0.73,0.0021,1
331,33,82,0.01,0.39,0.03,0.15,0.0296,0
154,186,150,0.79,0.8,0.3,0.15,0.0662,0
26,13,8,0.34,0.63,0.29,0.3,0.0994,0
355,310,3247,7.85,0.98,0.41,0.43,0.0669,0
384,210,421,1.48,1.0,0.01,0.27,0.0428,0
895,2187,3207,8.49,0.95,0.27,0.31,0.0776,0
769,1090,2833,13.74,0.93,0.29,0.58,0.0775,0
448,7190,1713,11.8,0.87,0.22,0.48,0.0183,0
184,649,1516,3.58,0.67,0.52,0.61,0.0177,1
18,267,3919,2.25,0.59,1.0,0.49,0.0006,1
492,358,578,0.52,0.73,0.0,0.29,0.1794,0
324,290,259,2.52,0.61,0.01,0.37,0.0623,0
37,36,5521,39.84,0.21,0.78,0.93,0.0022,1
564,259,1680,5.55,0.6,0.5,0.5,0.0141,1
102,1808,1962,0.12,0.92,0.27,0.25,0.0448,0
8,9,76,1.58,0.59,0.38,0.44,0.0877,0
464,106,330,5.1,0.83,0.25,0.75,0.0161,1
123,568,817,0.38,0.79,0.07,0.16,0.1474,1
4,10,66,1.13,0.5,0.23,0.44,0.0109,0
1591,403,4139,18.93,0.68,0.58,0.52,0.002,1
484,777,1359,2.79,0.72,0.36,0.6,0.0115,1
106,239,1017,2.18,0.6,0.53,0.71,0.0181,1
211,1300,1655,17.66,0.9,0.23,0.63,0.0747,0
34,73,2378,15.73,0.19,0.93,0.79,0.0005,1
66,419,4566,2.05,0.39,0.86,0.69,0.0006,1
182,61,46,0.01,0.58,0.07,0.13,0.0074,0
1289,142,187,1.1,0.92,0.07,0.27,0.0872,0
587,218,279,4.6,0.87,0.05,0.32,0.0436,0
1179,667,3757,21.03,0.57,0.51,0.73,0.0027,1
312,890,1004,4.15,0.96,0.2,0.56,0.0345,0
288,256,194,4.22,0.84,0.07,0.56,0.0938,0
361,108,267,1.22,0.91,0.03,0.64,0.1371,0
254,1250,2267,0.13,0.95,0.01,0.45,0.0113,0
330,1817,2314,14.57,1.0,0.31,0.42,0.0544,0
504,1246,1558,2.57,0.92,0.05,0.21,0.0612,0
62,120,2412,0.41,0.63,0.89,0.54,0.0043,1
53,565,733,2.34,0.87,0.48,0.41,0.0041,1
359,192,1701,3.44,0.85,0.35,0.73,0.0195,1
24,450,6403,0.74,0.49,0.77,0.36,0.0015,1
1491,907,2012,11.28,0.67,0.76,0.53,0.0073,1
509,37,76,0.79,0.96,0.09,0.36,0.06,0
27,28,25,0.28,0.31,0.35,0.25,0.0941,0
14,0,104,0.62,0.55,0.21,0.28,0.0636,0
533,157,1617,2.83,0.8,0.48,0.46,0.0157,1
1974,1060,1684,10.7,0.97,0.34,0.64,0.0575,0
656,26,199,0.04,0.54,0.02,0.16,0.025,0
273,6791,2195,10.4,0.93,0.37,0.39,0.0557,0
43,433,5739,1.59,0.39,0.76,0.37,0.0023,1
181,468,1029,3.06,0.87,0.46,0.66,0.0039,1
115,100,3854,1.23,0.62,0.88,0.63,0.0033,1
362,580,1001,2.43,0.87,0.3,0.6,0.008,1
108,481,7989,0.38,0.47,0.79,0.66,0.0041,1
30,85,2276,12.43,0.28,0.84,0.94,0.0001,1
274,38,84,2.34,1.0,0.21,0.2,0.0278,0
40,343,3626,2.21,0.59,0.85,0.58,0.0021,1
1683,239,2606,11.85,0.8,0.64,0.81,0.0059,1
1644,596,1731,13.45,0.62,0.8,0.54,0.0038,1
3,18,5578,43.62,0.17,0.82,0.81,0.0013,1
174,521,514,2.91,0.67,0.19,0.54,0.0537,0
29,39,1349,13.46,0.2,0.84,0.72,0.0037,1
313,9,152,0.01,0.54,0.06,0.31,0.0105,0
1559,738,3362,24.11,0.82,0.77,0.66,0.0039,1
86,142,941,1.97,0.81,0.53,0.67,0.007,1
2143,605,2106,19.86,0.57,0.7,0.79,0.0035,1
610,11979,1656,13.94,0.86,0.32,0.65,0.0534,0
317,648,1215,3.9,0.8,0.4,0.62,0.0063,1
60,278,5553,0.92,0.44,0.82,0.67,0.0041,1
355,3166,672,16.75,0.91,0.37,0.51,0.069,0
40,99,3743,9.73,0.48,0.83,0.92,0.0027,1
75,303,2933,0.31,0.31,0.92,0.56,0.0006,1
434,42,259,0.04,0.36,0.07,0.32,0.0094,0
112,454,814,0.21,0.76,0.01,0.29,0.0617,0
131,445,632,1.82,0.8,0.04,0.61,0.0315,0
285,226,1539,2.92,0.71,0.26,0.46,0.0095,0
495,721,1862,13.51,0.97,0.5,0.43,0.0506,0
218,1108,1650,3.46,0.68,0.03,0.18,0.0536,0
33,79,3760,11.59,0.31,0.71,0.93,0.0032,1
7,51,3792,8.18,0.4,0.78,0.74,0.0026,1
261,899,1951,0.66,1.0,0.01,0.19,0.035,0
670,1459,1568,16.54,0.89,0.17,0.65,0.0658,0
306,405,371,1.25,0.66,0.06,0.49,0.1593,0
430,32,233,0.02,0.25,0.08,0.08,0.0237,0
492,612,641,1.92,0.9,0.45,0.49,0.0183,1
322,183,99,1.49,0.73,0.03,0.37,0.0835,0
760,131,143,2.02,0.67,0.03,0.18,0.0687,0
63,178,2476,1.77,0.32,0.9,0.64,0.0012,1
137,76,64,0.73,0.88,0.19,0.4,0.0244,0
1,29,96,1.23,0.37,0.27,0.42,0.064,0
565,3963,1351,16.78,0.92,0.37,0.54,0.0356,0
500,692,457,3.91,0.62,0.46,0.64,0.0152,1
8,31,2873,14.21,0.32,0.72,0.88,0.0039,1
2,29,59,0.94,0.38,0.12,0.47,0.0427,0
502,35,240,0.04,0.34,0.02,0.07,0.0184,0
195,406,331,0.31,0.97,0.0,0.17,0.034,0
242,666,1472,4.49,0.8,0.02,0.17,0.184,0
296,32,279,0.04,0.29,0.0,0.28,0.036,0
332,179,3359,7.64,0.87,0.41,0.54,0.0356,0
254,534,466,2.13,0.8,0.05,0.2,0.0519,0
1708,975,3350,15.64,0.69,0.65,0.64,0.0085,1
10,29,2439,28.82,0.34,0.72,0.77,0.0007,1
415,383,840,0.38,0.79,0.14,0.22,0.0369,0
234,285,461,0.16,0.8,0.01,0.53,0.0978,0
361,730,1384,1.82,0.99,0.05,0.51,0.0304,0
454,274,378,0.1,0.75,0.02,0.43,0.0285,0
239,8519,3087,13.94,0.9,0.24,0.55,0.046,0
340,224,767,5.79,0.89,0.42,0.78,0.0074,1
8,54,1540,17.63,0.28,0.91,0.77,0.0028,1
2,5,64,0.44,0.42,0.23,0.43,0.0303,0
59,69,3290,2.42,0.5,0.83,0.46,0.0026,1
86,167,5165,0.34,0.43,0.93,0.46,0.0039,1
406,146,279,0.44,0.74,0.04,0.55,0.0303,0
23,1,8,0.56,0.5,0.38,0.21,0.0152,0
479,77,260,0.04,0.59,0.05,0.31,0.035,0
654,22,103,0.04,0.39,0.03,0.35,0.0355,0
192,123,362,5.69,0.72,0.5,0.72,0.0162,1
394,48,88,3.0,0.88,0.0,0.41,0.0502,0
141,380,346,0.32,0.93,0.12,0.28,0.1032,0
5,47,4964,31.72,0.27,0.75,0.76,0.0024,1
219,848,529,14.79,0.88,0.28,0.4,0.018,0
282,732,398,1.59,0.9,0.09,0.21,0.1448,0
54,448,1267,2.05,0.64,0.28,0.6,0.0089,1
557,2747,2254,10.92,0.9,0.18,0.44,0.06,0
281,54,177,0.05,0.41,0.01,0.21,0.0244,0
543,698,1032,2.56,0.62,0.3,0.51,0.0071,1
2,28,1295,8.24,0.33,0.92,0.86,0.0037,0
36,459,2394,0.66,0.53,0.91,0.53,0.0014,1
1726,248,4959,9.57,0.62,0.78,0.73,0.0049,1
69,175,5051,0.99,0.6,0.96,0.66,0.0024,1
21,6,46,1.37,0.34,0.27,0.36,0.0535,0
116,279,3158,1.81,0.42,0.76,0.54,0.0015,1
1288,6223,1299,15.28,0.94,0.27,0.56,0.0768,0
331,498,1424,5.22,0.87,0.3,0.57,0.016,1
187,192,205,0.44,0.87,0.01,0.59,0.005,0
289,45,121,0.28,0.88,0.11,0.38,0.0662,0
358,44,1752,4.75,0.93,0.3,0.63,0.0346,0
72,76,86,0.01,0.58,0.03,0.29,0.0206,0
217,108,977,16.55,0.87,0.39,0.6,0.0474,1
577,1282,1813,16.48,0.91,0.21,0.32,0.0682,0
21,33,2600,9.62,0.38,0.69,0.75,0.0027,1
606,14,90,0.02,0.43,0.05,0.08,0.0259,0
224,21600,1746,5.53,0.98,0.29,0.58,0.0205,0
743,160,4068,5.25,0.66,0.64,0.67,0.002,1
429,618,1461,2.78,0.69,0.38,0.68,0.0145,1
222,145,522,4.42,0.75,0.29,0.67,0.0124,1
60,76,51,0.05,0.5,0.09,0.13,0.0351,0
524,211,639,5.76,0.86,0.3,0.75,0.003,1
580,8,205,0.04,0.29,0.09,0.08,0.0112,0
216,10,260,0.02,0.46,0.03,0.19,0.0199,0
538,16,222,0.01,0.26,0.0,0.2,0.0388,0
439,132,233,1.06,0.84,0.03,0.32,0.0546,0
450,399,1175,2.95,0.66,0.43,0.69,0.0158,1
14,5,6,1.07,0.38,0.4,0.22,0.0356,0
33,67,5311,31.59,0.38,0.93,0.86,0.0014,1
31,7,1509,13.75,0.49,0.95,0.93,0.0009,1
4,66,3975,21.69,0.23,0.89,0.96,0.0013,1
12,7,88,1.64,0.58,0.23,0.25,0.019,0
10,15,4100,11.62,0.28,0.72,0.88,0.0034,1
425,129,219,0.39,0.96,0.02,0.29,0.0573,0
73,19,2346,12.02,0.21,0.71,0.96,0.0025,1
2,26,40,0.88,0.55,0.16,0.35,0.074,0
508,332,484,1.23,0.93,0.17,0.6,0.0622,0
404,3845,489,6.0,0.94,0.36,0.75,0.0293,0
595,1453,1644,0.13,0.64,0.02,0.62,0.1022,0
1058,296,455,0.31,0.66,0.07,0.46,0.0752,1
814,108,191,1.36,0.79,0.02,0.48,0.0556,0
430,337,971,4.11,0.79,0.52,0.63,0.0065,1
458,31,96,0.03,0.44,0.08,0.11,0.0213,1
651,192,108,0.52,0.48,0.01,0.28,0.1908,0
254,577,3063,7.3,0.93,0.3,0.5,0.043,0
199,101,139,3.45,0.91,0.11,0.57,0.049,0
110,69,268,0.03,0.6,0.05,0.25,0.0192,0
92,7,278,0.04,0.37,0.1,0.16,0.0318,0
503,29,83,0.01,0.34,0.01,0.34,0.0132,0
29,22,115,0.31,0.43,0.24,0.26,0.0886,0
907,954,1848,19.27,0.73,0.76,0.76,0.0079,1
125,72,211,0.02,0.36,0.07,0.31,0.006,0
12,0,64,0.8,0.34,0.38,0.35,0.0683,0
804,603,385,0.88,1.0,0.11,0.2,0.0712,0
1326,577,1523,16.12,0.98,0.24,0.7,0.0594,0
413,365,543,0.39,0.71,0.02,0.31,0.0673,0
1167,126,141,1.58,0.62,0.03,0.38,0.0928,0
123,357,510,1.4,0.87,0.04,0.21,0.136,1
830,1398,2924,1.26,0.59,0.01,0.41,0.0243,0
305,651,1072,1.15,0.61,0.27,0.31,0.0729,0
205,6918,2038,14.01,0.99,0.48,0.52,0.026,0
408,373,1315,2.96,0.73,0.5,0.46,0.0136,1
1310,182,140,1.35,0.71,0.07,0.34,0.0811,0
250,277,538,5.66,0.81,0.03,0.47,0.1016,0
432,134,175,0.34,0.65,0.03,0.24,0.0456,0
938,1075,1928,20.14,0.56,0.65,0.84,0.0071,1
56,68,5602,31.79,0.35,0.75,0.86,0.001,1
14,64,5078,20.32,0.31,0.91,0.83,0.0037,1
688,458,968,0.38,0.73,0.04,0.22,0.0391,0
1287,269,549,3.59,0.84,0.03,0.36,0.0349,0
44,35,1369,10.55,0.34,0.81,0.93,0.0037,1
316,32,81,0.95,0.99,0.15,0.32,0.0794,0
14,47,1333,8.24,0.3,0.97,0.92,0.0013,1
113,420,2460,2.78,0.4,0.8,0.38,0.0039,1
201,144,274,0.62,0.69,0.24,0.15,0.1682,0
99,498,732,1.35,0.86,0.24,0.54,0.0624,0
474,190,238,6.04,0.75,0.04,0.45,0.1579,0
275,2243,1114,6.1,0.93,0.39,0.46,0.0713,0
154,184,110,3.49,0.69,0.0,0.62,0.0397,0
98,208,94,0.87,0.74,0.02,0.51,0.181,0
25,12,81,0.93,0.3,0.3,0.25,0.0619,0
402,215,1664,4.29,0.89,0.41,0.61,0.0033,1
423,42,297,0.0,0.5,0.0,0.08,0.0035,1
311,213,419,1.5,0.71,0.21,0.24,0.0697,0
37,93,1477,8.77,0.42,0.92,0.95,0.0004,1
486,428,261,0.5,0.93,0.05,0.28,0.0926,0
332,449,635,3.59,0.72,0.09,0.22,0.1337,0
229,6930,415,5.43,0.85,0.41,0.57,0.0189,0
493,1614,2510,0.88,0.78,0.02,0.31,0.0702,0
1933,482,2078,11.67,0.78,0.81,0.59,0.0066,1
1602,547,1692,15.62,0.81,0.77,0.6,0.0062,1
585,32,262,0.03,0.41,0.03,0.07,0.0373,0
1200,4142,1386,5.99,0.92,0.26,0.51,0.0701,0
502,250,1666,4.83,0.62,0.49,0.77,0.0115,1
720,150,930,9.63,0.86,0.38,0.58,0.0513,0
554,178,161,0.61,0.92,0.08,0.23,0.1002,0
445,5564,2872,14.9,0.89,0.34,0.52,0.016,0
5,11,75,0.98,0.55,0.45,0.42,0.0275,0
231,1693,3112,16.45,0.97,0.29,0.37,0.0455,0
709,193,305,0.49,0.85,0.05,0.18,0.0577,1
89,167,4767,2.21,0.52,0.86,0.54,0.0007,1
276,244,601,5.66,0.62,0.46,0.75,0.005,1
631,289,278,0.79,0.95,0.05,0.47,0.1213,0
637,29,272,0.04,0.56,0.01,0.07,0.0277,0
160,435,884,0.41,0.7,0.07,0.23,0.0891,0
184,669,769,2.05,0.87,0.29,0.67,0.0132,1
59,99,5382,12.13,0.31,0.91,0.88,0.003,1
1574,98,226,0.5,0.71,0.17,0.19,0.0773,0
1135,292,4281,13.39,0.73,0.63,0.75,0.0062,1
480,410,743,5.67,0.77,0.43,0.66,0.0175,1
60,367,5801,1.61,0.5,1.0,0.35,0.0047,1
769,31,193,0.04,0.32,0.06,0.06,0.0338,0
534,708,540,0.49,0.76,0.04,0.55,0.1068,0
359,11435,2234,15.12,0.92,0.22,0.32,0.046,0
252,475,885,3.13,0.76,0.41,0.53,0.0148,1
745,55,110,0.03,0.54,0.01,0.3,0.0201,0
277,619,525,1.27,1.0,0.14,0.16,0.0882,1
465,148,99,2.82,0.69,0.02,0.56,0.0568,0
118,76,4502,2.29,0.58,0.87,0.57,0.0049,1
1189,1081,3216,16.59,0.59,0.64,0.66,0.0042,1
432,776,876,10.48,0.94,0.44,0.4,0.0483,0
18,36,2862,8.73,0.19,0.88,0.87,0.0037,1
273,25,122,0.04,0.48,0.08,0.35,0.0206,0
114,413,3957,2.65,0.58,0.76,0.51,0.0041,1
811,181,4459,10.75,0.81,0.76,0.8,0.009,1
116,187,194,3.39,1.0,0.04,0.26,0.0165,0
179,333,1042,2.28,0.88,0.5,0.46,0.0144,1
470,446,908,0.56,0.64,0.06,0.5,0.1061,0
803,2621,1635,16.11,0.99,0.46,0.69,0.0541,0
73,81,5581,2.82,0.59,0.79,0.64,0.0013,1
309,406,438,4.97,0.74,0.46,0.57,0.0127,1
205,125,116,0.2,0.73,0.15,0.62,0.0281,1
4,63,2438,14.26,0.16,0.75,0.73,0.0009,0
2,85,3476,25.47,0.2,0.66,0.74,0.0006,1
245,268,407,1.18,0.72,0.01,0.24,0.1015,0
4,81,1736,13.68,0.44,0.86,0.83,0.0034,1
645,1916,1080,16.86,0.91,0.15,0.48,0.0522,0
13,85,5299,8.45,0.41,0.88,0.76,0.0004,1
26,30,3615,15.55,0.5,0.66,0.95,0.0006,1
5,75,4064,8.46,0.27,0.84,0.93,0.0024,1
5,43,2718,13.41,0.26,0.68,0.71,0.0019,1
588,25,110,0.0,0.53,0.06,0.27,0.0081,0
1863,152,1634,8.57,0.61,0.78,0.7,0.003,1
268,9,177,0.04,0.58,0.04,0.1,0.0104,0
782,53,101,2.71,0.78,0.11,0.52,0.054,0
4,86,4332,23.3,0.49,0.75,0.72,0.0008,1
228,44,151,0.04,0.45,0.02,0.29,0.0022,0
274,893,1271,2.22,0.59,0.02,0.37,0.0261,0
28,19,70,1.44,0.32,0.33,0.34,0.0228,0
890,1103,2990,15.19,0.76,0.77,0.79,0.0068,1
304,329,246,0.5,0.81,0.15,0.49,0.0227,0
145,488,530,3.89,0.76,0.28,0.69,0.006,1
1315,545,3233,8.52,0.57,0.52,0.73,0.0085,1
561,71,73,0.04,0.38,0.05,0.32,0.0098,0
450,685,3017,10.27,0.9,0.25,0.44,0.0315,0
316,71,160,0.03,0.29,0.07,0.08,0.0231,0
1069,585,1921,4.81,0.98,0.29,0.65,0.0161,0
530,1176,1550,0.62,0.95,0.0,0.26,0.005,0
26,9,57,1.64,0.55,0.28,0.23,0.0388,0
223,38,51,0.02,0.3,0.03,0.32,0.0273,0
12,75,2806,16.81,0.48,0.7,0.74,0.0016,1
56,194,3866,1.19,0.37,0.98,0.61,0.0016,1
423,352,631,0.33,1.0,0.1,0.6,0.0331,0
114,205,3686,2.76,0.3,0.87,0.61,0.0046,1
2516,190,190,0.79,0.82,0.01,0.18,0.1193,0
23,10,41,1.36,0.51,0.24,0.22,0.0896,0
142,158,275,0.93,0.83,0.11,0.45,0.0671,0
13,83,1395,34.44,0.25,0.75,0.89,0.0032,1
135,49,226,0.01,0.41,0.07,0.12,0.0106,0
194,173,346,1.77,0.8,0.2,0.34,0.0505,0
182,79,197,0.0,0.33,0.07,0.2,0.0322,0
130,401,541,0.19,0.77,0.01,0.19,0.0345,0
481,1334,3035,16.34,0.89,0.29,0.52,0.0798,0
156,49,4173,11.21,0.49,0.8,0.86,0.0036,1
790,582,3229,13.85,0.92,0.32,0.63,0.0157,0
102,124,6025,1.45,0.53,0.94,0.69,0.0046,1
21,70,5892,30.99,0.5,0.83,0.96,0.0035,0
197,660,748,0.17,0.73,0.02,0.23,0.0139,0
528,455,991,5.73,0.76,0.33,0.68,0.016,1
96,149,5312,2.94,0.61,0.77,0.67,0.0018,1
617,857,629,2.96,0.72,0.14,0.24,0.1113,0
922,501,718,0.88,0.88,0.22,0.17,0.0355,0
478,16,35,0.04,0.47,0.05,0.06,0.031,0
10,17,16,1.71,0.61,0.39,0.34,0.0339,0
228,378,839,3.3,0.74,0.15,0.22,0.0171,0
75,479,6530,1.32,0.46,0.96,0.53,0.0042,1
596,360,828,3.64,0.87,0.32,0.4,0.0117,1
193,647,818,3.83,0.79,0.34,0.51,0.0173,1
34,245,5778,2.63,0.37,0.79,0.66,0.0048,1
409,163,118,0.72,0.68,0.14,0.47,0.0357,0
484,60,239,0.04,0.51,0.08,0.22,0.0316,0
304,521,747,0.15,0.79,0.13,0.58,0.0282,0
1007,4995,1918,4.08,0.86,0.23,0.37,0.0274,0
505,59,121,0.03,0.52,0.01,0.18,0.0221,0
208,170,259,0.17,0.81,0.01,0.47,0.0383,0
479,1716,1701,11.12,0.96,0.19,0.73,0.0548,0
697,45,261,0.05,0.26,0.01,0.34,0.0281,0
1955,347,4785,10.25,0.84,0.59,0.71,0.0073,1
256,278,1557,4.24,0.88,0.45,0.66,0.0121,1
226,118,1722,1.65,0.77,0.51,0.69,0.0175,1
669,57,129,0.03,0.43,0.07,0.19,0.0059,0
22,233,4740,2.82,0.61,0.81,0.46,0.0048,1
20,67,5878,52.75,0.48,0.93,0.77,0.0035,1
505,29,190,0.05,0.4,0.06,0.11,0.0197,0
88,341,4381,1.62,0.64,0.94,0.41,0.0046,1
230,66,141,0.02,0.37,0.09,0.33,0.0363,1
441,29,125,0.01,0.34,0.08,0.2,0.0102,0
6,17,70,1.23,0.57,0.3,0.31,0.032,0
184,791,1054,0.67,1.0,0.0,0.65,0.0497,0
803,383,1665,24.63,0.78,0.5,0.83,0.0061,1
12,10,3734,58.55,0.23,0.95,0.97,0.0018,1
692,557,559,0.58,0.87,0.01,0.34,0.1142,0
143,127,256,1.06,0.72,0.09,0.43,0.0835,0
649,389,610,1.07,0.86,0.11,0.2,0.0473,0
633,68,119,0.02,0.44,0.06,0.27,0.0177,0
16,320,5517,2.9,0.36,0.78,0.45,0.0016,1
573,63,106,0.04,0.45,0.04,0.29,0.0252,0
766,6651,2567,12.86,0.85,0.37,0.35,0.0363,0
283,65,110,0.01,0.56,0.05,0.24,0.0021,0
88,65,85,0.05,0.57,0.03,0.24,0.02,0
346,9299,1972,4.47,0.93,0.29,0.4,0.0322,0
803,338,1837,7.23,0.75,0.73,0.81,0.0062,1
451,3567,638,13.29,0.91,0.41,0.38,0.0639,0
469,11354,2406,13.17,0.87,0.49,0.54,0.0523,0
218,6959,1130,14.4,0.99,0.4,0.37,0.0688,0
611,579,839,1.06,0.75,0.12,0.63,0.0216,0
213,480,993,0.36,0.74,0.03,0.19,0.0531,0
203,309,436,1.0,0.64,0.02,0.55,0.0464,0
60,191,1546,3.01,0.88,0.44,0.76,0.0107,1
260,21,70,0.39,0.7,0.03,0.49,0.1288,0
77,130,5236,2.39,0.38,0.97,0.68,0.001,1
378,28,219,0.04,0.35,0.1,0.22,0.0261,0
483,58,247,0.02,0.4,0.01,0.27,0.0312,0
17,9,2093,16.91,0.16,0.81,0.74,0.0001,1
2,73,2510,11.32,0.34,0.74,0.73,0.0011,1
421,317,1804,8.76,0.99,0.37,0.36,0.0784,0
12,43,5246,56.46,0.5,0.85,0.72,0.0024,1
529,694,802,4.96,0.65,0.44,0.53,0.0063,1
115,472,3030,2.09,0.55,0.92,0.4,0.0036,1
54,346,5527,0.85,0.46,0.77,0.57,0.003,1
305,511,266,2.89,0.77,0.29,0.38,0.0574,0
71,369,6909,0.23,0.44,0.99,0.64,0.005,1
558,345,1487,3.89,0.6,0.36,0.75,0.0145,1
165,42,122,0.03,0.3,0.06,0.31,0.0081,0
328,169,1270,5.84,0.65,0.45,0.47,0.0122,0
149,432,198,1.06,0.94,0.01,0.52,0.1299,0
134,351,517,1.9,1.0,0.09,0.39,0.0473,1
560,327,314,0.95,0.89,0.01,0.23,0.0613,0
430,1297,1609,1.38,0.96,0.09,0.28,0.0572,0
470,274,549,2.1,0.63,0.52,0.48,0.0092,1
350,573,988,0.13,0.96,0.03,0.44,0.1134,0
1185,197,216,0.14,0.79,0.12,0.58,0.1278,0
462,183,96,2.25,0.77,0.09,0.45,0.1153,0
143,1671,2817,1.35,0.98,0.14,0.35,0.1592,0
704,1203,1130,17.61,0.96,0.42,0.73,0.0214,0
6,85,2626,22.01,0.37,0.9,0.88,0.0029,1
645,36,36,0.01,0.49,0.03,0.32,0.0038,0
115,218,185,1.58,0.77,0.01,0.49,0.0349,0
42,493,1060,2.43,0.73,0.51,0.5,0.0179,1
29,49,2626,10.25,0.2,0.7,0.76,0.0035,1
243,2363,2915,10.58,0.91,0.17,0.41,0.0631,0
2314,98,168,0.4,0.82,0.08,0.29,0.034,0
142,252,234,1.63,0.83,0.04,0.43,0.0455,0
1116,463,3667,20.79,0.74,0.5,0.73,0.009,1
171,37,230,0.04,0.36,0.0,0.07,0.0103,0
241,694,1386,4.44,0.88,0.26,0.56,0.006,1
1116,945,1500,10.34,0.89,0.32,0.63,0.0315,0
279,77,125,0.02,0.49,0.04,0.34,0.0301,0
652,648,1043,5.49,1.0,0.29,0.6,0.0323,0
371,67,53,0.01,0.33,0.09,0.13,0.0164,0
256,315,899,1.62,0.69,0.45,0.44,0.0175,1
668,146,345,1.47,0.8,0.1,0.44,0.1163,0
621,8,95,0.01,0.28,0.08,0.11,0.0373,0
64,232,3252,2.08,0.43,0.82,0.59,0.0023,1
770,58,65,0.05,0.44,0.01,0.24,0.04,1
94,466,502,1.12,0.75,0.03,0.37,0.0919,0
145,516,1069,4.19,0.61,0.27,0.41,0.016,0
522,1662,3498,7.95,0.86,0.24,0.45,0.0553,0
83,31,213,0.04,0.32,0.05,0.27,0.0274,0
260,125,190,0.32,1.0,0.01,0.54,0.1784,0
252,1789,3859,3.27,0.96,0.04,0.48,0.1312,0
666,57,237,0.03,0.48,0.05,0.09,0.0306,0
326,394,1038,1.96,0.62,0.25,0.77,0.0133,1
1324,732,2730,15.66,0.66,0.82,0.68,0.0024,1
134,25,121,0.03,0.46,0.06,0.22,0.0087,0
294,474,505,4.89,0.76,0.5,0.66,0.0109,1
14,27,19,1.79,0.42,0.36,0.2,0.0709,0
16,29,19,1.54,0.44,0.22,0.23,0.0979,0
322,330,626,1.06,0.62,0.04,0.63,0.0539,0
383,280,553,1.44,0.78,0.05,0.16,0.1066,0
1975,836,3543,16.2,0.63,0.6,0.59,0.0083,1
29,141,5948,1.57,0.57,0.88,0.45,0.005,1
597,68,105,0.0,0.49,0.06,0.17,0.0101,0
12,14,117,0.24,0.45,0.4,0.35,0.0932,0
2,32,3934,26.66,0.47,0.87,0.93,0.0021,1
997,375,2828,18.44,0.62,0.84,0.75,0.0033,1
452,698,419,1.23,0.63,0.06,0.34,0.0804,0
323,858,798,1.12,0.78,0.06,0.55,0.0982,1
669,122,118,0.54,0.54,0.06,0.5,0.086,0
394,161,146,1.1,0.91,0.14,0.62,0.1275,0
187,1268,1745,0.89,1.0,0.02,0.19,0.0246,0
209,1054,1842,0.84,0.76,0.21,0.25,0.2017,0
479,763,579,3.55,0.73,0.36,0.79,0.0133,1
500,76,195,0.03,0.49,0.09,0.11,0.0058,0
336,1138,2573,9.49,0.98,0.27,0.62,0.031,0
114,447,1409,4.53,0.86,0.31,0.66,0.012,1
516,664,1441,0.18,0.88,0.12,0.59,0.1124,0
453,1611,818,7.76,0.92,0.38,0.7,0.0258,0
117,463,537,1.77,0.76,0.44,0.55,0.0051,1
324,565,594,0.85,1.0,0.02,0.5,0.1018,0
300,120,158,0.12,0.92,0.07,0.3,0.0639,0
155,58,3009,10.22,0.21,0.66,0.87,0.0024,1
7,10,69,1.85,0.57,0.23,0.45,0.0983,0
852,500,4992,15.28,0.78,0.84,0.64,0.0071,1
197,79,170,0.02,0.57,0.07,0.16,0.0209,0
59,402,2746,2.8,0.44,0.81,0.68,0.0007,1
255,348,1752,4.37,0.77,0.53,0.59,0.0109,1
544,107,1251,2.91,0.7,0.45,0.68,0.0153,1
454,2675,3115,14.35,0.92,0.5,0.69,0.0289,0
241,485,360,0.25,1.0,0.17,0.62,0.0626,0
2,87,1697,9.99,0.22,0.9,0.92,0.0004,1
24,443,2106,0.68,0.49,0.82,0.66,0.0006,1
706,147,84,0.83,0.75,0.08,0.47,0.1511,0
113,60,201,0.04,0.42,0.04,0.12,0.0311,0
258,134,212,0.72,0.88,0.05,0.6,0.0268,0
406,243,1449,4.19,0.67,0.27,0.49,0.0139,1
2,99,5783,20.78,0.48,0.68,0.93,0.0023,1
15,499,7945,2.54,0.48,0.91,0.61,0.002,1
206,678,845,2.32,0.7,0.42,0.58,0.0149,1
161,258,383,1.38,0.79,0.01,0.44,0.0429,0
56,75,31,0.01,0.49,0.03,0.16,0.0228,0
375,1667,1312,16.49,0.91,0.43,0.68,0.0798,0
418,497,848,2.88,0.74,0.29,0.75,0.0124,1
218,651,611,0.37,0.68,0.14,0.38,0.005,0
20,15,20,0.83,0.45,0.32,0.35,0.0829,0
10,27,94,0.29,0.33,0.11,0.31,0.0864,0
554,47,146,0.0,0.55,0.03,0.34,0.04,0
710,51,168,0.03,0.35,0.04,0.18,0.0121,0
30,38,4857,11.85,0.46,0.97,0.78,0.0034,1
860,311,2718,11.99,0.71,0.74,0.56,0.0032,0
347,41,287,0.02,0.55,0.1,0.24,0.0311,0
621,56117,2810,15.22,0.89,0.3,0.62,0.0515,0
197,48,128,0.03,0.43,0.06,0.12,0.0165,0
26,17,55,0.52,0.43,0.2,0.47,0.0365,0
1562,573,2465,24.28,0.78,0.75,0.51,0.008,1
233,794,1354,5.07,0.66,0.54,0.69,0.0102,1
49,466,4789,1.38,0.37,0.88,0.49,0.0035,1
593,228,1646,3.93,0.83,0.47,0.45,0.0155,1
300,344,614,0.65,0.66,0.04,0.27,0.0262,0
274,1339,2903,0.6,0.82,0.14,0.32,0.0344,0
168,392,624,0.21,0.83,0.12,0.32,0.0081,0
16,28,112,1.73,0.54,0.3,0.36,0.0137,0
438,337,452,0.35,0.93,0.03,0.55,0.0875,0
965,1275,1929,10.87,1.0,0.43,0.64,0.0617,0
111,11,4504,33.65,0.15,0.81,0.8,0.0038,1
282,421,272,0.38,0.91,0.04,0.33,0.0289,0
51,38,5436,24.99,0.31,0.83,0.81,0.0008,1
867,1018,3337,5.48,0.97,0.21,0.75,0.0548,0
29,8,57,1.05,0.56,0.37,0.24,0.0588,0
752,974,512,0.27,0.64,0.05,0.55,0.0998,0
311,1080,1480,3.38,0.85,0.05,0.59,0.0536,0
521,209,247,1.58,0.58,0.0,0.59,0.0287,0
1629,183,303,1.25,0.68,0.19,0.46,0.0696,0
745,58,156,3.89,1.0,0.07,0.48,0.0506,0
414,60,82,0.36,0.97,0.07,0.35,0.1144,0
834,9309,2544,9.57,0.88,0.46,0.62,0.0637,0
75,406,6165,2.0,0.42,0.79,0.7,0.0044,1
15,91,4572,13.52,0.43,0.86,0.87,0.0032,1
14,2,8,0.57,0.52,0.41,0.4,0.0436,0
21,359,5745,0.79,0.57,0.8,0.69,0.0022,1
239,384,582,0.88,0.86,0.08,0.48,0.0234,0
159,529,1727,4.97,0.78,0.46,0.69,0.0058,1
15,63,2137,31.1,0.44,0.95,0.76,0.0037,1
1059,822,4310,19.87,0.56,0.51,0.53,0.0096,1
1123,691,610,1.66,0.87,0.08,0.63,0.0372,0
94,244,428,0.59,0.73,0.22,0.6,0.0659,1
473,19,71,0.02,0.26,0.03,0.19,0.0156,0
281,262,573,5.35,0.74,0.47,0.76,0.0132,1
514,93,83,0.66,0.78,0.02,0.38,0.0175,0
21,15,100,0.38,0.52,0.25,0.23,0.0486,0
571,649,1716,2.37,0.77,0.5,0.44,0.0134,1
708,1386,3317,12.18,0.86,0.32,0.61,0.0397,0
881,547,3948,12.65,0.78,0.54,0.78,0.0035,1
333,981,478,0.35,0.93,0.21,0.54,0.033,0
2378,696,1011,2.05,0.64,0.02,0.29,0.1109,0
690,954,690,9.06,0.96,0.22,0.64,0.0746,0
128,762,1321,1.94,1.0,0.01,0.58,0.0553,0
471,58,2482,13.79,0.89,0.35,0.71,0.0296,0
1,46,2638,26.21,0.42,0.76,0.72,0.0029,1
1459,675,716,9.74,0.87,0.26,0.67,0.0391,0
14,75,3056,44.97,0.18,0.92,0.86,0.0006,1
137,828,753,0.1,0.88,0.07,0.3,0.0545,0
18,20,66,0.26,0.64,0.37,0.26,0.0832,0
180,191,906,2.88,0.79,0.55,0.68,0.0088,1
516,475,437,1.98,0.63,0.4,0.71,0.0182,1
25,26,106,1.09,0.35,0.34,0.47,0.0482,0
202,63,267,0.04,0.39,0.03,0.13,0.0392,0
11,88,5820,19.82,0.46,0.97,0.96,0.0031,1
116,169,5302,2.75,0.56,0.92,0.43,0.0034,1
289,1280,2656,1.11,0.8,0.18,0.15,0.0796,0
466,6318,3156,0.87,1.0,0.23,0.36,0.0229,0
192,521,986,0.38,0.92,0.12,0.63,0.0775,0
130,930,861,0.36,0.79,0.07,0.38,0.1042,0
10,224,4578,1.6,0.53,0.95,0.53,0.003,1
291,227,378,2.59,0.67,0.07,0.22,0.0378,0
378,3033,2568,15.51,0.94,0.36,0.64,0.0227,0
130,228,200,1.16,0.54,0.15,0.27,0.0928,0
72,276,5689,0.67,0.41,0.92,0.62,0.0034,1
22,34,1780,14.7,0.3,0.84,0.74,0.001,1
534,520,995,3.19,0.88,0.51,0.6,0.0044,1
87,420,6848,0.76,0.36,0.83,0.67,0.0032,1
2102,550,4661,19.06,0.61,0.79,0.81,0.0053,1
2,17,52,1.6,0.68,0.34,0.46,0.0435,0
113,340,458,0.19,0.83,0.1,0.37,0.0478,0
566,231,1612,11.12,0.94,0.38,0.5,0.0514,0
70,29,292,0.0,0.35,0.01,0.2,0.0165,0
345,50,85,0.03,0.54,0.05,0.15,0.0106,0
282,4140,1846,4.32,0.9,0.4,0.3,0.0454,0
1785,345,2436,12.71,0.58,0.69,0.79,0.0052,1
379,14,106,0.04,0.4,0.08,0.25,0.0398,0
432,386,324,0.12,1.0,0.01,0.24,0.25,0
457,94,88,0.24,0.82,0.0,0.55,0.132,0
216,65,198,0.05,0.43,0.0,0.11,0.0167,0
79,148,3688,2.19,0.45,0.79,0.38,0.0015,1
213,1868,1018,7.26,0.88,0.49,0.44,0.0188,0
352,23,125,0.02,0.43,0.07,0.26,0.0049,0
6,29,2791,9.81,0.48,0.82,0.89,0.0015,1
1,6,115,0.45,0.63,0.36,0.31,0.0943,0
250,843,1609,2.22,0.65,0.05,0.37,0.0552,0
189,10,189,0.0,0.58,0.07,0.2,0.0113,0
1,70,2459,33.16,0.2,0.79,0.94,0.0004,1
558,262,797,4.79,0.85,0.29,0.58,0.0195,1
4,27,117,1.72,0.43,0.11,0.45,0.0771,0
34,61,44,0.01,0.56,0.07,0.32,0.0341,0
389,51,105,0.03,0.41,0.01,0.25,0.0337,0
1636,3940,2455,6.2,0.91,0.18,0.67,0.0544,0
263,25,104,0.04,0.26,0.07,0.15,0.028,0
250,907,745,2.05,0.86,0.08,0.58,0.0871,0
549,402,1605,4.59,0.63,0.3,0.63,0.0125,1
426,782,601,3.85,0.66,0.44,0.69,0.019,1
501,213,314,0.26,0.92,0.06,0.21,0.0079,0
453,234,377,0.37,1.0,0.07,0.5,0.1301,0
427,68,252,0.01,0.31,0.08,0.1,0.0317,1
538,251,641,5.43,0.81,0.42,0.5,0.0099,1
175,132,943,4.85,0.81,0.43,0.74,0.018,1
100,735,1327,2.43,0.75,0.43,0.54,0.0193,1
611,51,250,0.02,0.31,0.05,0.27,0.0307,0
1931,1055,1898,13.29,0.56,0.82,0.77,0.0069,1
777,577,4795,19.87,0.65,0.6,0.59,0.0026,1
355,2982,620,12.92,0.99,0.2,0.5,0.0343,0
221,2183,2229,7.81,0.91,0.47,0.69,0.0246,0
241,103,220,2.15,1.0,0.14,0.45,0.1082,0
748,238,347,2.57,0.42,0.09,0.37,0.0205,0
91,142,111,0.76,1.0,0.03,0.34,0.0602,0
327,1064,1005,1.4,1.0,0.01,0.22,0.0634,0
537,238,2847,17.5,0.94,0.21,0.38,0.043,0
118,198,156,0.25,0.81,0.01,0.18,0.0523,0
290,585,1182,3.73,0.61,0.31,0.46,0.0166,1
16,179,6525,1.16,0.46,0.96,0.39,0.0024,1
10,3,25,1.58,0.64,0.27,0.46,0.0896,0
771,7,232,0.02,0.56,0.05,0.22,0.0333,0
53,171,5455,1.08,0.51,0.77,0.66,0.0033,1
24,7,55,0.66,0.6,0.17,0.22,0.045,0
440,61,113,2.4,1.0,0.0,0.26,0.0326,0
183,272,194,0.64,0.63,0.02,0.42,0.018,0
405,187,216,4.7,0.75,0.17,0.15,0.0625,0
472,82,64,2.36,0.94,0.07,0.35,0.0936,0
351,445,751,2.92,0.73,0.26,0.61,0.0198,1
51,354,494,5.46,0.82,0.51,0.68,0.0144,1
425,77,110,0.04,0.31,0.04,0.25,0.0136,0
110,246,4910,1.73,0.31,0.8,0.63,0.0021,1
1428,30,72,3.29,0.89,0.08,0.32,0.029,0
28,41,4317,16.23,0.24,0.76,0.87,0.0015,1
20,19,3670,14.91,0.4,0.75,0.79,0.0032,1
397,708,1573,3.54,0.67,0.49,0.65,0.012,1
445,2412,3658,1.82,0.98,0.06,0.25,0.0287,0
294,7654,776,7.11,0.94,0.31,0.47,0.0319,0
238,863,1115,0.8,0.73,0.04,0.36,0.075,0
165,26,64,0.0,0.56,0.05,0.21,0.0217,0
553,59,237,0.01,0.38,0.08,0.07,0.0368,0
7,21,1941,17.57,0.3,0.84,0.81,0.0018,1
142,139,328,0.76,0.81,0.24,0.2,0.046,0
555,624,3360,6.1,0.99,0.16,0.56,0.0325,0
398,54,67,1.87,1.0,0.06,0.24,0.1819,0
143,295,603,1.68,0.79,0.03,0.27,0.0203,0
260,1337,838,16.25,0.89,0.17,0.67,0.0494,0
360,464,626,4.62,0.69,0.46,0.44,0.0107,1
292,900,3394,11.16,0.98,0.34,0.35,0.0625,0
291,15784,3248,6.85,0.9,0.27,0.36,0.054,0
680,461,298,3.8,0.6,0.07,0.3,0.0344,0
293,26,233,0.01,0.47,0.02,0.31,0.0159,0
494,362,1689,5.17,0.76,0.47,0.46,0.0065,1
731,152,182,2.18,0.98,0.04,0.52,0.0703,0
326,231,396,1.81,0.67,0.03,0.26,0.029,0
1373,1046,2582,5.26,0.59,0.6,0.53,0.0024,1
586,5447,2173,10.41,0.91,0.47,0.72,0.0393,0
158,331,967,4.62,0.87,0.54,0.59,0.0101,1
240,583,1328,4.43,0.84,0.38,0.4,0.0145,1
584,397,642,3.51,0.8,0.47,0.59,0.0166,1
990,365,1744,15.62,0.87,0.47,0.6,0.0243,0
14,81,5059,8.46,0.28,0.92,0.97,0.0032,1
627,3310,3264,11.77,0.92,0.38,0.74,0.0527,0
297,277,1409,2.53,0.85,0.45,0.66,0.0064,1
17,60,4406,12.66,0.36,0.79,0.89,0.0025,1
245,889,820,0.46,0.87,0.01,0.15,0.0585,0
178,6684,3871,2.31,0.88,0.06,0.49,0.1966,0
1563,942,2230,17.77,0.59,0.64,0.63,0.0056,1
416,63,269,0.04,0.28,0.03,0.22,0.0285,0
1528,1048,4446,20.56,0.78,0.81,0.69,0.0065,1
5,7,5501,20.88,0.37,0.73,0.85,0.0007,1
652,642,1034,0.12,0.65,0.01,0.59,0.125,0
287,59,97,0.03,0.28,0.03,0.1,0.0313,0
12,3,2300,21.6,0.41,0.74,0.83,0.0026,1
447,48,255,0.0,0.54,0.04,0.34,0.0179,0
636,73,163,0.02,0.49,0.02,0.16,0.0261,0
430,75,107,0.52,0.52,0.0,0.21,0.0319,1
391,557,1030,5.84,0.77,0.5,0.8,0.0188,1
708,1368,2526,15.54,0.94,0.46,0.7,0.0771,0
135,292,484,2.24,0.9,0.04,0.23,0.2453,0
205,9189,2585,9.82,0.87,0.37,0.41,0.0492,0
65,180,3409,2.35,0.59,0.81,0.44,0.0022,1
208,53,205,0.02,0.54,0.07,0.34,0.0338,0
720,230,131,1.31,0.78,0.05,0.54,0.0606,0
109,244,537,2.19,0.75,0.03,0.42,0.068,1
377,51,296,0.02,0.36,0.09,0.29,0.0336,0
557,149,282,0.3,0.97,0.09,0.22,0.0187,0
344,64,292,0.01,0.45,0.08,0.33,0.0046,0
981,805,966,1.63,0.87,0.08,0.42,0.0944,0
13,82,4703,37.54,0.37,0.82,0.71,0.0015,1
356,16,276,0.01,0.52,0.06,0.15,0.0095,0
671,184,524,14.27,0.91,0.49,0.69,0.0738,0
462,463,1496,3.81,0.68,0.39,0.75,0.0063,1
107,364,4313,2.82,0.35,0.84,0.47,0.001,1
1304,1634,2257,0.27,0.73,0.04,0.61,0.0373,0
279,404,784,2.37,0.92,0.14,0.26,0.0459,0
107,235,543,1.17,0.7,0.29,0.28,0.1677,0
91,111,4978,0.62,0.57,0.8,0.53,0.0035,1
2154,1007,3411,15.85,0.82,0.73,0.66,0.0089,0
404,263,587,0.68,0.58,0.09,0.38,0.1334,0
216,596,819,0.42,0.76,0.15,0.65,0.1998,0
1403,447,2514,13.72,0.59,0.52,0.54,0.0071,1
120,788,1023,2.64,0.81,0.38,0.61,0.0053,1
395,57,129,0.63,0.63,0.01,0.39,0.2089,0
31,301,4492,1.53,0.48,0.77,0.64,0.0005,0
14,18,117,0.34,0.31,0.42,0.31,0.0543,0
52,408,7485,0.33,0.34,0.81,0.36,0.0012,0
1392,97,198,5.58,0.68,0.13,0.39,0.1182,0
760,53,56,0.01,0.59,0.01,0.27,0.0021,0
263,381,301,3.15,0.73,0.32,0.73,0.0031,1
749,159,3400,20.45,0.8,0.83,0.52,0.0049,1
688,4744,1978,8.25,0.93,0.37,0.58,0.0751,0
323,1543,2152,1.06,1.0,0.01,0.19,0.0889,0
233,17876,2140,11.3,0.91,0.36,0.55,0.0445,0
19,1,67,1.21,0.54,0.25,0.31,0.0594,0
146,213,413,1.78,0.71,0.0,0.36,0.0346,0
409,119,247,3.91,0.85,0.07,0.61,0.06,0
340,148,179,1.68,0.61,0.01,0.61,0.054,0
676,138,310,0.72,0.95,0.07,0.64,0.0407,0
437,992,3231,13.68,0.9,0.17,0.55,0.0651,0
64,75,2028,0.34,0.56,0.76,0.62,0.0045,1
7,21,14,1.21,0.42,0.16,0.25,0.0253,0
1,34,1328,27.99,0.33,0.69,0.83,0.0026,1
619,1527,913,10.04,0.96,0.32,0.55,0.0364,0
431,2896,892,12.75,0.94,0.15,0.61,0.0632,1
583,345,1434,2.57,0.89,0.36,0.63,0.0198,1
711,27,217,0.05,0.56,0.02,0.27,0.0209,0
592,1041,1724,0.35,0.74,0.08,0.58,0.114,0
35,97,3851,11.22,0.18,0.96,0.83,0.002,1
1150,449,584,0.86,0.8,0.35,0.48,0.137,0
17,200,7342,1.5,0.33,0.87,0.57,0.0025,1
169,413,725,1.08,0.76,0.05,0.57,0.1993,1
104,3323,2181,0.29,0.39,0.03,0.55,0.1902,0
635,3045,896,10.32,0.85,0.16,0.57,0.0704,0
114,105,7505,2.7,0.33,0.82,0.39,0.0008,0
129,579,1294,4.48,0.89,0.31,0.74,0.008,1
342,408,1044,4.08,0.88,0.35,0.6,0.0034,1
11,10,96,0.9,0.43,0.43,0.43,0.0287,0
50,23,1348,22.2,0.41,0.92,0.76,0.0008,1
281,718,1670,15.54,0.89,0.27,0.66,0.0424,0
1648,786,3062,14.49,0.79,0.79,0.5,0.0093,1
8,10,29,1.35,0.43,0.16,0.4,0.0109,0
582,427,1484,5.48,0.8,0.52,0.69,0.0097,1
979,1183,2671,14.64,0.63,0.53,0.76,0.0058,1
25,4,72,1.63,0.36,0.13,0.38,0.0967,0
6,19,5058,12.36,0.27,0.78,0.94,0.0013,1
99,217,321,0.91,0.87,0.01,0.57,0.0144,0
54,484,4195,1.38,0.51,0.78,0.68,0.0011,1
6,6,110,1.71,0.37,0.25,0.49,0.0556,0
112,2039,2051,1.13,0.81,0.01,0.53,0.0255,0
296,148,361,3.89,0.64,0.33,0.42,0.0146,1
273,221,105,0.69,0.79,0.2,0.21,0.0214,0
320,539,519,1.93,0.6,0.47,0.75,0.0083,1
441,702,1471,2.69,0.75,0.41,0.69,0.0127,1
260,433,632,1.38,0.92,0.02,0.36,0.0064,0
68,93,1800,13.86,0.29,0.65,0.76,0.0031,1
19,22,90,1.63,0.58,0.15,0.34,0.0643,0
406,48,69,0.02,0.6,0.04,0.23,0.0387,0
592,1398,1934,10.15,0.96,0.33,0.5,0.0241,0
232,146,122,1.65,0.85,0.12,0.38,0.1844,0
1350,13780,2563,6.39,0.94,0.23,0.53,0.0679,0
325,552,1214,2.61,0.99,0.01,0.25,0.2132,0
112,433,556,2.14,0.77,0.13,0.64,0.0541,0
432,430,813,0.22,0.82,0.02,0.22,0.0789,0
23,23,5117,47.28,0.21,0.74,0.95,0.004,1
22,9,96,1.13,0.52,0.38,0.34,0.095,0
799,43,276,0.0,0.3,0.01,0.08,0.0076,0
41,327,4519,1.9,0.56,0.92,0.56,0.001,1
568,130,2009,14.79,0.98,0.43,0.38,0.0151,0
479,415,1445,4.32,0.67,0.49,0.64,0.0146,1
555,158,1067,2.05,0.7,0.26,0.42,0.0196,1
1043,5271,1961,13.69,0.92,0.33,0.42,0.0756,0
399,336,514,4.0,0.78,0.3,0.56,0.0124,1
39,143,6515,1.86,0.51,0.89,0.4,0.0026,1
7,73,3538,11.73,0.44,0.75,0.95,0.0006,1
402,289,705,5.64,0.86,0.5,0.63,0.0069,1
88,98,3364,44.25,0.26,0.93,0.82,0.0033,1
55,64,1711,32.83,0.23,0.73,0.72,0.003,1
25,12,64,1.05,0.4,0.36,0.2,0.0226,0
475,672,1319,2.16,0.61,0.4,0.7,0.0131,1
765,97,111,2.78,0.87,0.04,0.4,0.1729,0
64,270,2419,1.5,0.39,0.85,0.57,0.0013,1
74,28,1881,20.85,0.26,0.66,0.82,0.0037,1
24,189,4580,1.4,0.42,0.86,0.36,0.0012,1
1962,300,2064,6.06,0.61,0.66,0.73,0.0066,1
326,497,929,5.72,0.65,0.32,0.66,0.0173,1
102,103,213,0.5,0.85,0.12,0.31,0.0965,0
145,1027,1347,2.76,0.75,0.09,0.61,0.0585,0
70,113,4330,2.62,0.4,0.87,0.54,0.0033,1
15,61,5182,19.24,0.37,0.9,0.74,0.0025,1
138,150,291,3.56,0.86,0.09,0.65,0.128,0
807,42,58,1.37,0.96,0.12,0.31,0.2176,1
306,481,1145,2.47,0.83,0.39,0.57,0.0055,1
6,23,2332,38.97,0.44,0.71,0.84,0.0025,1
95,80,4434,0.39,0.56,0.89,0.69,0.0018,1
382,4628,2516,17.82,0.93,0.31,0.49,0.0266,0
201,66,181,0.0,0.52,0.04,0.31,0.0093,0
534,1081,605,11.14,0.97,0.38,0.48,0.073,0
8,34,3740,8.66,0.48,0.73,0.83,0.0002,1
49,47,2285,20.86,0.17,0.97,0.8,0.0039,1
121,54,76,0.58,0.84,0.11,0.21,0.0289,0
34,87,2034,53.39,0.32,0.88,0.83,0.0017,1
462,679,518,4.69,0.83,0.51,0.48,0.0116,1
32,49,4550,8.83,0.24,0.81,0.91,0.0015,1
64,64,2081,44.34,0.47,0.86,0.71,0.0021,1
106,211,224,0.75,1.0,0.06,0.41,0.0293,0
431,553,1666,5.96,0.65,0.33,0.74,0.0125,1
529,4089,2560,4.13,0.9,0.32,0.38,0.0732,0
119,96,150,1.62,0.96,0.16,0.44,0.019,0
1059,88,112,0.81,0.77,0.19,0.47,0.0467,0
423,294,497,0.18,0.74,0.1,0.19,0.0681,0
9,43,2921,9.59,0.33,0.85,0.94,0.0023,1
1214,693,3434,8.6,0.61,0.72,0.61,0.0055,1
193,355,1499,1.67,0.85,0.34,0.68,0.0099,1
696,66,128,0.13,0.64,0.02,0.37,0.0145,0
209,229,1113,5.3,0.8,0.39,0.67,0.0125,1
54,143,3411,1.56,0.57,0.86,0.52,0.0024,1
4,3,51,1.06,0.52,0.43,0.27,0.0805,0
348,661,465,0.67,0.96,0.1,0.25,0.0412,0
318,126,184,3.65,0.92,0.1,0.29,0.1067,0
746,514,811,0.62,0.93,0.01,0.59,0.0392,0
204,746,369,3.53,0.74,0.34,0.51,0.0094,0
26,13,118,1.7,0.67,0.14,0.34,0.0699,0
104,567,811,0.62,0.79,0.01,0.41,0.1468,0
366,272,293,1.06,0.55,0.2,0.65,0.0344,0
22,473,6319,0.79,0.49,0.78,0.38,0.0042,1
219,2081,571,9.2,0.87,0.48,0.59,0.0346,0
1055,2203,1594,7.57,1.0,0.41,0.59,0.0717,0
401,286,434,0.81,0.81,0.02,0.33,0.0405,0
546,53,139,0.02,0.45,0.08,0.18,0.0386,0
335,86,97,0.74,1.0,0.03,0.32,0.0339,0
151,137,306,0.96,1.0,0.07,0.43,0.084,0
991,1160,2537,23.98,0.69,0.77,0.57,0.0067,1
403,302,566,0.44,0.73,0.14,0.51,0.0724,0
13,26,49,0.9,0.58,0.18,0.48,0.0935,0
14,80,4868,19.11,0.17,0.96,0.98,0.0013,1
521,768,410,4.58,0.62,0.33,0.76,0.0034,1
763,5,286,0.0,0.45,0.08,0.26,0.0132,0
177,402,261,0.26,0.85,0.07,0.39,0.0843,0
153,153,297,1.92,0.66,0.05,0.27,0.1092,0
843,1473,2127,17.53,0.96,0.48,0.36,0.0166,0
285,4099,1267,16.03,0.87,0.49,0.61,0.0346,0
1,14,69,1.38,0.34,0.27,0.48,0.0675,0
85,211,7414,1.82,0.53,0.75,0.55,0.0047,1
126,368,753,1.87,1.0,0.0,0.49,0.1299,0
658,58,144,0.04,0.48,0.07,0.22,0.0209,0
3,12,1776,11.46,0.25,0.84,0.89,0.0023,1
506,59,118,0.03,0.34,0.06,0.07,0.0152,0
465,33,62,1.97,0.68,0.36,0.2,0.0372,0
1221,224,310,1.52,0.85,0.01,0.51,0.1071,0
2094,1083,4315,20.1,0.63,0.52,0.64,0.0098,1
434,262,455,2.38,0.77,0.35,0.6,0.0165,1
145,476,606,0.76,0.73,0.13,0.46,0.0435,0
819,2926,1609,5.87,0.88,0.4,0.41,0.0559,0
1624,1026,729,14.25,0.9,0.33,0.61,0.0274,0
401,372,235,0.77,0.96,0.09,0.58,0.0251,0
91,473,7317,2.75,0.53,0.95,0.57,0.0012,1
108,1152,1871,1.16,0.6,0.01,0.26,0.0164,0
401,1690,2356,0.8,0.81,0.15,0.45,0.0197,0
784,1016,4320,23.53,0.74,0.67,0.78,0.0069,1
963,165,378,0.64,0.83,0.05,0.18,0.0117,0
352,44,125,0.54,0.78,0.04,0.38,0.0072,0
49,682,562,1.99,0.84,0.43,0.79,0.0152,1
1143,893,4121,24.74,0.57,0.81,0.57,0.0032,1
172,774,1192,2.78,0.74,0.52,0.74,0.0067,1
603,196,425,0.15,0.81,0.06,0.31,0.0371,0
352,446,788,11.8,0.88,0.47,0.69,0.0726,0
86,403,5066,2.9,0.51,0.79,0.46,0.003,1
812,1461,1496,11.95,0.92,0.27,0.52,0.0486,0
632,272,1458,4.42,0.86,0.17,0.66,0.0503,0
100,350,5767,0.82,0.39,0.98,0.38,0.0028,1
373,53,144,0.02,0.56,0.01,0.17,0.0118,0
105,652,1295,0.87,0.99,0.1,0.28,0.0661,0
12,7,97,1.03,0.35,0.33,0.4,0.0426,0
25,6,38,0.59,0.33,0.15,0.31,0.076,0
395,204,224,1.46,0.7,0.17,0.21,0.1361,0
1394,874,4155,14.35,0.83,0.7,0.76,0.008,1
102,297,573,0.14,0.82,0.07,0.29,0.0988,0
465,341,1265,3.47,0.75,0.48,0.52,0.0085,1
467,181,317,2.26,0.6,0.04,0.22,0.0072,0
763,3296,1627,1.78,0.67,0.01,0.29,0.0281,0
20,19,96,0.32,0.63,0.4,0.36,0.0348,0
219,28,73,0.03,0.27,0.01,0.21,0.0043,0
834,203,230,1.05,1.0,0.02,0.62,0.0636,0
662,29,125,0.03,0.53,0.03,0.11,0.0189,0
422,1748,2748,14.89,0.85,0.25,0.73,0.0669,0
870,685,1543,11.45,0.77,0.64,0.55,0.0036,1
251,130,257,1.57,0.73,0.04,0.53,0.0358,0
1322,332,548,3.38,0.67,0.02,0.59,0.0897,0
225,602,782,1.3,0.81,0.05,0.17,0.0052,0
48,72,1268,23.0,0.5,0.97,0.94,0.0028,1
1169,307,178,0.62,0.86,0.03,0.44,0.0852,0
461,870,2969,4.24,0.92,0.15,0.33,0.0506,0
23,6,24,1.47,0.36,0.34,0.48,0.0271,0
39,14,5235,13.0,0.21,0.73,0.81,0.0032,1
192,500,1074,0.42,0.65,0.11,0.55,0.0422,0
475,4926,5171,1.54,0.83,0.13,0.33,0.0347,0
120,367,531,1.29,0.78,0.03,0.15,0.1019,0
1446,284,675,15.45,0.97,0.23,0.53,0.0787,0
392,135,250,0.52,1.0,0.09,0.33,0.0875,0
192,133,1530,2.76,0.8,0.34,0.56,0.0036,1
4,63,2357,10.37,0.47,0.68,0.82,0.0008,1
639,158,160,0.4,0.94,0.02,0.45,0.0205,0
259,237,214,0.14,0.86,0.02,0.37,0.0538,0
419,120,884,1.58,0.78,0.29,0.42,0.0118,1
235,9,110,0.01,0.47,0.04,0.16,0.0285,0
98,468,4749,2.05,0.62,0.89,0.61,0.0028,1
144,576,583,2.14,0.9,0.1,0.56,0.0615,0
62,28,4210,8.93,0.2,0.91,0.9,0.0024,1
1961,851,1400,15.6,0.94,0.18,0.62,0.0488,0
507,44,239,0.01,0.4,0.08,0.19,0.0113,0
417,433,2934,5.64,0.89,0.21,0.5,0.0153,0
752,519,907,0.21,1.0,0.05,0.41,0.1491,0
6,63,5856,38.75,0.23,0.85,0.71,0.0013,1
591,689,700,2.28,0.75,0.44,0.75,0.0167,1
22,7,91,1.34,0.34,0.18,0.36,0.0388,1
56,641,683,5.77,0.83,0.42,0.69,0.0174,1
597,74,285,0.03,0.47,0.02,0.08,0.0047,0
821,421,504,0.19,0.73,0.53,0.32,0.1105,0
12,96,4390,24.52,0.3,0.68,0.8,0.0003,1
107,145,7822,2.61,0.47,0.79,0.53,0.0044,1
234,279,1279,16.04,0.88,0.37,0.4,0.032,0
17,353,3865,0.98,0.38,0.89,0.43,0.0026,0
352,31,46,0.02,0.56,0.04,0.16,0.0118,0
65,185,3227,1.45,0.38,0.98,0.5,0.0013,1
489,338,755,0.78,1.0,0.02,0.24,0.0896,0
1138,191,1871,21.1,0.8,0.63,0.51,0.0049,0
27,5,32,1.95,0.32,0.42,0.49,0.0273,0
27,28,72,1.38,0.48,0.33,0.23,0.0491,0
97,729,1337,0.32,0.69,0.05,0.22,0.0825,0
14,117,3399,2.64,0.62,0.78,0.47,0.0017,1
82,83,4779,9.22,0.23,0.81,0.81,0.001,1
225,361,770,3.72,0.76,0.13,0.2,0.0508,0
545,101,122,0.44,0.95,0.0,0.2,0.1015,0
253,167,206,0.43,1.0,0.06,0.15,0.0644,0
445,771,1725,5.29,0.61,0.47,0.75,0.0178,0
51,311,5821,1.67,0.65,0.92,0.47,0.0048,0
210,299,541,0.21,1.0,0.08,0.37,0.0268,0
97,140,822,1.83,0.86,0.43,0.41,0.016,1
7,54,5478,10.87,0.34,0.81,0.77,0.0027,1
262,722,776,2.48,0.65,0.34,0.52,0.0102,1
1128,64,49,1.49,0.78,0.0,0.25,0.0054,0
588,364,1123,2.13,0.82,0.45,0.6,0.0053,1
1176,535,4408,15.4,0.6,0.52,0.79,0.0088,1
221,638,1623,4.99,0.84,0.52,0.63,0.0177,1
589,417,512,4.41,0.87,0.28,0.44,0.0175,1
199,211,1618,1.97,0.8,0.51,0.44,0.0091,0
684,255,481,1.68,0.86,0.03,0.53,0.1034,0
946,380,640,1.28,0.77,0.0,0.47,0.1656,0
379,54,230,0.05,0.41,0.05,0.17,0.0167,0
290,150,265,0.24,1.0,0.01,0.32,0.1957,0
227,1884,981,0.55,0.55,0.1,0.43,0.0738,0
319,664,716,1.17,0.96,0.08,0.62,0.1319,0
793,18,118,0.01,0.53,0.06,0.34,0.0133,0
2199,692,4912,11.31,0.83,0.81,0.73,0.0027,1
984,1190,1825,21.21,0.68,0.72,0.64,0.0057,1
22,0,107,0.43,0.43,0.34,0.48,0.0988,0
218,453,906,0.8,1.0,0.07,0.38,0.0558,0
972,2435,546,12.99,0.89,0.3,0.71,0.0216,0
5,27,1614,28.58,0.34,0.77,0.88,0.002,1
369,514,882,2.81,0.62,0.52,0.8,0.0054,1
332,121,241,2.36,0.54,0.16,0.23,0.1244,0
107,339,6430,1.14,0.34,0.93,0.63,0.0019,1
203,458,872,0.71,0.8,0.07,0.26,0.0798,0
733,226,357,0.88,1.0,0.01,0.33,0.1283,0
452,6098,2242,8.11,0.87,0.2,0.57,0.0512,0
369,37,102,0.04,0.46,0.01,0.32,0.009,0
378,298,1399,10.17,0.98,0.23,0.53,0.0689,0
371,493,3202,17.93,0.86,0.43,0.68,0.0172,0
18,19,3517,19.5,0.47,0.76,0.77,0.0027,1
141,409,403,1.61,0.84,0.13,0.57,0.0377,0
23,5,64,1.85,0.53,0.32,0.26,0.0523,0
305,455,712,3.69,0.83,0.02,0.36,0.0673,0
23,29,64,0.5,0.56,0.39,0.29,0.0291,0
4,24,5002,13.08,0.44,0.82,0.86,0.0009,1
312,316,414,5.17,0.81,0.38,0.66,0.0199,1
516,7653,790,4.79,0.99,0.23,0.32,0.0624,0
4,53,4929,24.75,0.5,0.86,0.83,0.0033,1
500,631,782,5.16,0.78,0.53,0.48,0.0092,1
577,21,42,0.03,0.33,0.09,0.22,0.0101,0
180,229,444,1.24,0.88,0.07,0.22,0.0305,0
508,712,493,2.33,0.65,0.43,0.63,0.0048,1
1311,645,2657,22.71,0.83,0.77,0.77,0.008,1
229,1196,2190,17.81,0.93,0.5,0.31,0.0729,0
331,273,1452,1.91,0.72,0.46,0.76,0.0062,1
303,349,423,1.97,0.77,0.01,0.62,0.1465,0
631,79,121,0.03,0.42,0.0,0.09,0.0187,0
106,62,2694,16.4,0.38,0.82,0.83,0.0005,1
555,796,1043,5.13,0.6,0.4,0.6,0.0043,1
28,0,31,1.01,0.64,0.37,0.44,0.0516,0
448,287,538,1.54,1.0,0.12,0.34,0.0436,0
1,98,3943,19.58,0.17,0.69,0.84,0.0015,1
70,41,42,0.02,0.26,0.04,0.24,0.0323,0
350,957,2049,0.51,0.61,0.01,0.35,0.0325,0
12,13,3336,10.42,0.44,0.91,0.83,0.0013,1
67,138,7159,1.62,0.51,0.77,0.44,0.0007,1
508,1980,1240,13.32,0.91,0.24,0.48,0.0685,0
57,446,2024,0.91,0.42,0.93,0.5,0.0034,1
64,68,3670,20.36,0.24,0.78,0.91,0.0017,1
440,78,205,0.04,0.42,0.02,0.23,0.0147,0
13,76,4845,25.35,0.35,0.79,0.81,0.0018,1
50,10,239,0.04,0.46,0.03,0.11,0.0037,0
69,432,3259,0.43,0.55,0.87,0.4,0.0027,1
502,71,207,0.01,0.41,0.05,0.09,0.0148,0
960,1970,2090,8.4,1.0,0.46,0.39,0.0254,0
11,7,87,1.11,0.56,0.43,0.48,0.0847,0
10,413,5350,2.46,0.39,0.88,0.59,0.0012,1
936,418,582,6.87,0.93,0.02,0.65,0.0328,0
1848,970,2473,8.6,0.74,0.71,0.78,0.0082,1
1193,1156,2182,7.22,0.87,0.35,0.64,0.0425,0
12,90,2948,0.76,0.54,0.76,0.59,0.0007,1
25,15,56,1.36,0.52,0.35,0.32,0.0417,0
215,997,1851,3.04,0.95,0.03,0.6,0.1577,0
292,137,1648,4.13,0.67,0.53,0.76,0.0165,1
459,155,885,3.79,0.62,0.27,0.71,0.0089,1
221,592,396,3.27,0.65,0.51,0.56,0.0199,1
171,442,928,2.21,0.95,0.06,0.56,0.0767,0
105,210,1016,3.57,0.73,0.39,0.7,0.0105,1
12,71,4031,14.85,0.44,0.87,0.74,0.0019,1
581,43,166,0.04,0.36,0.02,0.31,0.0245,1
612,1625,1374,0.68,0.53,0.09,0.36,0.0739,0
227,49,233,0.03,0.4,0.02,0.25,0.0081,0
216,289,594,0.18,0.8,0.08,0.46,0.0485,0
229,238,343,1.31,0.75,0.02,0.35,0.1691,0
74,192,3297,0.55,0.59,0.83,0.51,0.0035,1
1719,161,1952,15.17,0.65,0.8,0.67,0.0089,1
174,274,434,1.44,0.95,0.05,0.26,0.1642,0
523,219,176,1.13,1.0,0.1,0.35,0.0168,0
803,1022,501,7.7,0.96,0.39,0.6,0.0312,0
594,161,81,3.11,0.7,0.06,0.62,0.0562,0
293,602,1193,0.86,0.93,0.04,0.16,0.1379,0
125,270,877,3.54,0.77,0.32,0.41,0.0117,1
243,138,708,5.46,0.84,0.53,0.79,0.0078,1
48,12,2872,18.28,0.27,0.78,0.89,0.0029,1
156,370,1704,4.98,0.69,0.31,0.41,0.0101,1
600,10,69,0.01,0.59,0.0,0.28,0.0391,1
59,185,4711,2.77,0.46,0.94,0.46,0.0023,1
363,76,126,0.03,0.35,0.07,0.32,0.0217,0
36,15,2124,20.19,0.17,0.92,0.71,0.0039,1
181,222,176,2.34,0.66,0.03,0.26,0.0308,0
547,71,152,0.03,0.56,0.04,0.13,0.0031,0
202,61,44,0.03,0.45,0.07,0.25,0.0286,0
75,494,4728,1.8,0.52,0.94,0.4,0.0011,1
405,68,110,0.81,0.73,0.05,0.6,0.0994,0
543,489,470,0.85,0.83,0.02,0.52,0.0263,0
60,404,4605,0.27,0.6,0.86,0.66,0.0037,1
184,290,1769,5.63,0.82,0.53,0.71,0.0096,1
29,24,118,0.81,0.3,0.34,0.47,0.0926,0
230,61,138,0.21,0.5,0.31,0.15,0.0669,1
580,7176,3199,15.39,0.98,0.22,0.74,0.066,0
565,398,627,0.95,1.0,0.08,0.27,0.0648,0
478,2129,1049,14.92,0.91,0.22,0.37,0.0693,0
797,99,118,0.29,0.8,0.2,0.32,0.1683,0
663,77,293,0.02,0.29,0.03,0.24,0.0384,0
5,29,3880,14.5,0.42,0.73,0.78,0.0006,1
571,8203,3024,6.08,0.97,0.2,0.63,0.0216,0
291,222,518,0.8,0.79,0.03,0.4,0.0399,0
250,179,313,2.02,0.9,0.07,0.49,0.0566,0
473,46,153,0.05,0.46,0.09,0.11,0.0249,0
629,1744,1003,9.57,0.86,0.38,0.49,0.0249,0
639,174,156,1.71,0.84,0.14,0.52,0.0585,0
251,2746,803,11.14,0.9,0.4,0.51,0.0448,0
205,783,355,5.75,0.62,0.39,0.65,0.0109,1
10,22,20,1.12,0.56,0.14,0.31,0.0637,0
257,13,68,0.02,0.29,0.05,0.06,0.0206,0
506,1362,2638,4.26,1.0,0.02,0.27,0.0488,0
1148,708,2215,5.05,0.67,0.83,0.52,0.0092,1
86,27,150,0.03,0.51,0.01,0.25,0.0147,0
422,1250,720,5.52,0.95,0.41,0.36,0.0477,0
938,162,285,2.6,0.98,0.11,0.62,0.0114,0
640,114,218,0.12,0.61,0.04,0.36,0.0407,0
220,351,2384,9.79,0.95,0.38,0.37,0.026,0
692,549,521,0.55,0.7,0.04,0.43,0.1127,0
190,47,209,0.02,0.56,0.06,0.32,0.0272,0
145,78,42,0.02,0.48,0.06,0.11,0.0353,0
59,61,5319,25.98,0.49,0.84,0.87,0.0032,0
750,34,133,0.02,0.48,0.02,0.14,0.0347,0
443,83,95,0.82,0.87,0.02,0.44,0.1242,0
120,843,1303,2.61,0.92,0.04,0.17,0.0571,0
1220,3659,541,17.92,1.0,0.31,0.41,0.06,0
1654,2946,3115,14.61,0.98,0.39,0.35,0.0379,0
8,28,3859,36.86,0.21,0.86,0.94,0.0034,1
1427,490,4521,22.42,0.64,0.71,0.77,0.0063,1
24,24,60,0.6,0.7,0.12,0.38,0.0941,0
2139,700,1577,6.29,0.73,0.75,0.58,0.0059,1
370,187,828,5.32,0.71,0.27,0.45,0.0038,1
392,633,594,3.69,0.92,0.06,0.2,0.0576,0
541,3300,741,14.04,0.98,0.16,0.67,0.0452,0
4,4,119,1.94,0.3,0.28,0.23,0.0637,1
405,28,205,0.0,0.51,0.02,0.15,0.0124,0
32,34,3816,9.48,0.35,0.85,0.88,0.0026,1
965,548,690,0.66,0.6,0.08,0.57,0.005,0
1,15,17,0.12,0.31,0.43,0.29,0.0612,0
69,115,5789,2.62,0.57,0.81,0.46,0.0019,1
561,61,99,1.4,0.98,0.02,0.16,0.0577,0
575,679,1625,4.99,0.89,0.35,0.77,0.0084,1
108,95,91,3.61,0.79,0.16,0.44,0.1684,0
139,453,783,4.79,0.9,0.38,0.47,0.0042,1
7,82,1411,19.76,0.23,0.79,0.95,0.003,1
417,728,1760,5.83,0.66,0.35,0.56,0.0034,1
114,219,3139,0.9,0.42,0.81,0.37,0.0016,1
27,70,4868,29.35,0.44,0.98,0.95,0.0028,1
208,523,542,0.53,0.96,0.05,0.55,0.0103,0
247,800,1237,0.91,0.54,0.18,0.58,0.0453,0
363,425,1764,3.6,0.7,0.47,0.64,0.0095,1
11,8,61,1.13,0.6,0.15,0.27,0.0868,0
384,283,359,4.68,0.99,0.04,0.24,0.0628,0
131,8,57,0.02,0.47,0.05,0.25,0.0027,0
2183,611,3048,11.28,0.69,0.69,0.78,0.007,0
325,220,474,1.68,0.79,0.15,0.31,0.0602,0
949,618,396,0.76,0.55,0.1,0.6,0.0389,0
277,452,338,1.74,0.88,0.53,0.56,0.0093,1
737,133,266,0.25,1.0,0.26,0.36,0.0176,0
349,350,208,0.18,0.61,0.0,0.16,0.168,0
394,184,330,1.25,0.76,0.02,0.45,0.1245,0
148,347,332,0.19,0.8,0.14,0.23,0.0326,0
75,399,2601,0.94,0.57,0.86,0.55,0.001,1
1081,1179,2501,22.42,0.73,0.58,0.67,0.0087,1
351,662,1062,5.5,0.64,0.36,0.49,0.0067,1
124,70,229,0.0,0.45,0.0,0.23,0.0057,0
164,451,924,0.6,0.85,0.16,0.15,0.0158,0
202,3491,869,5.01,0.89,0.19,0.62,0.0494,0
198,286,465,4.37,0.7,0.25,0.57,0.0114,1
239,458,647,8.99,0.92,0.38,0.42,0.0692,0
495,550,682,4.76,0.65,0.49,0.57,0.0179,1
340,69,196,0.01,0.36,0.06,0.12,0.0372,0
16,19,35,1.82,0.33,0.13,0.23,0.059,0
409,1368,3254,9.9,0.96,0.36,0.59,0.0322,0
98,31,262,0.01,0.36,0.05,0.18,0.0173,0
787,530,2906,24.67,0.75,0.68,0.65,0.0069,1
130,154,353,0.32,0.76,0.26,0.44,0.0563,0
122,502,660,1.13,1.0,0.07,0.38,0.0177,0
721,69,39,0.01,0.6,0.03,0.18,0.0218,0
349,27,91,0.04,0.3,0.02,0.21,0.0391,0
332,560,810,9.01,0.86,0.35,0.6,0.0211,0
1034,295,186,0.23,0.82,0.07,0.37,0.1437,0
460,287,308,5.28,0.64,0.4,0.61,0.0162,1
326,48,79,0.01,0.27,0.06,0.2,0.0394,0
126,112,222,6.21,0.8,0.23,0.45,0.0453,0
103,451,7704,0.24,0.49,0.9,0.46,0.0041,1
1,73,1845,9.19,0.26,0.83,0.88,0.0014,1
98,49,203,0.04,0.5,0.06,0.28,0.0065,0
7,21,7,0.33,0.48,0.36,0.32,0.0364,0
800,1984,1788,9.38,0.94,0.44,0.37,0.0783,0
1223,2650,1736,15.28,0.98,0.23,0.67,0.0413,0
1070,1238,762,7.9,0.98,0.2,0.6,0.028,0
41,491,5259,2.06,0.52,0.94,0.49,0.0006,1
594,42,211,0.04,0.42,0.0,0.34,0.0325,0
981,760,2030,10.13,0.84,0.74,0.61,0.0061,1
852,65,77,1.06,1.0,0.06,0.36,0.0501,0
19,25,39,1.67,0.58,0.45,0.38,0.0478,0
11,182,7110,1.49,0.31,0.88,0.38,0.0014,1
367,107,405,1.99,0.9,0.25,0.47,0.0061,1
258,49,144,0.02,0.37,0.09,0.31,0.0318,0
508,571,1159,0.17,1.0,0.07,0.32,0.0623,0
44,156,5545,0.25,0.56,0.78,0.49,0.0046,1
56,36,234,0.05,0.57,0.03,0.14,0.0053,0
396,156,1701,3.12,0.73,0.48,0.53,0.0152,1
365,334,986,5.92,0.89,0.34,0.61,0.0163,1
1062,272,603,0.39,0.93,0.0,0.59,0.0747,0
90,197,126,2.76,0.86,0.02,0.31,0.0104,0
392,140,219,2.11,0.72,0.05,0.49,0.1164,0
1025,234,240,1.42,0.63,0.28,0.41,0.0411,0
777,431,951,0.75,0.75,0.01,0.42,0.044,0
664,1036,2063,0.6,1.0,0.02,0.54,0.0998,0
132,6,109,0.03,0.32,0.02,0.29,0.0372,0
3,26,2436,12.33,0.49,0.7,0.83,0.0037,1
9,60,4472,14.12,0.22,0.89,0.79,0.0012,1
731,1470,2341,4.2,0.9,0.33,0.31,0.0773,0
544,44,60,0.26,0.85,0.19,0.51,0.0486,0
672,5,215,0.04,0.44,0.03,0.06,0.0269,0
865,368,4904,7.85,0.59,0.67,0.71,0.0099,1
62,398,4203,2.89,0.51,0.75,0.5,0.004,1
57,321,2482,1.3,0.56,0.92,0.5,0.0014,1
23,23,91,1.07,0.57,0.29,0.4,0.091,0
572,616,1319,3.53,0.85,0.35,0.62,0.0054,1
296,137,89,0.68,0.77,0.06,0.57,0.0849,0
204,55,188,0.04,0.37,0.05,0.19,0.015,0
149,466,1013,0.14,0.74,0.06,0.51,0.0405,0
5,2,2821,8.7,0.42,0.83,0.93,0.0004,1
567,2164,3222,10.36,0.87,0.38,0.45,0.0199,0
1,22,98,1.06,0.54,0.45,0.31,0.0665,0
981,863,1759,2.57,0.83,0.07,0.34,0.0808,0
741,568,653,0.4,0.96,0.03,0.24,0.0456,1
110,567,1047,0.48,0.91,0.0,0.25,0.0965,0
18,15,108,0.49,0.31,0.15,0.34,0.0951,0
100,168,125,3.15,0.59,0.03,0.6,0.1115,0
18,36,3302,9.93,0.34,0.92,0.71,0.0029,1
577,174,630,2.71,0.87,0.48,0.66,0.0081,1
127,46,137,0.05,0.34,0.05,0.16,0.0364,0
136,734,913,1.95,0.67,0.31,0.44,0.0113,1
401,254,405,5.81,0.68,0.11,0.33,0.0973,0
9,58,2240,8.66,0.24,0.83,0.94,0.0013,1
29,43,4597,18.31,0.21,0.8,0.86,0.0007,1
627,305,565,0.81,0.64,0.1,0.24,0.0658,0
320,430,305,0.17,0.87,0.08,0.39,0.0555,0
299,288,440,1.24,0.89,0.12,0.16,0.0224,0
557,360,615,1.14,0.77,0.31,0.26,0.0366,0
377,591,659,0.11,0.85,0.13,0.18,0.046,0
106,557,270,1.26,0.62,0.11,0.38,0.0906,0
270,593,608,5.51,0.61,0.34,0.68,0.0179,1
42,79,1690,11.19,0.17,0.81,0.73,0.0019,1
188,365,244,1.23,1.0,0.01,0.32,0.0618,0
215,317,381,1.72,0.89,0.02,0.37,0.1118,0
22,3,3757,14.25,0.32,0.9,0.9,0.0008,1
575,575,347,1.95,0.78,0.09,0.53,0.213,0
258,691,1224,2.81,0.78,0.54,0.79,0.005,1
18,96,2361,35.9,0.17,0.73,0.9,0.0033,1
194,75,85,0.22,0.92,0.0,0.3,0.0083,0
333,157,463,4.55,0.73,0.38,0.48,0.0177,1
150,788,818,0.98,0.83,0.04,0.37,0.0761,0
754,4779,9199,0.29,0.84,0.11,0.28,0.1734,0
268,88,97,0.22,1.0,0.02,0.17,0.1335,0
1027,245,497,0.59,0.73,0.09,0.43,0.0565,0
518,2897,3322,1.04,0.8,0.03,0.29,0.0842,0
510,21,86,0.03,0.55,0.08,0.1,0.0264,0
2059,450,3922,5.15,0.75,0.67,0.77,0.008,1
1297,286,2611,21.46,0.8,0.8,0.8,0.0058,1
179,1928,2924,2.14,0.63,0.11,0.51,0.1801,0
2183,1088,1269,15.07,0.99,0.21,0.63,0.0607,0
1190,1057,4617,20.12,0.74,0.69,0.57,0.0042,1
93,100,101,0.9,0.65,0.29,0.64,0.023,0
20,7,78,1.6,0.65,0.16,0.33,0.0775,0
950,1768,1975,16.13,0.98,0.46,0.67,0.0674,0
5,7,4793,21.32,0.47,0.86,0.86,0.003,1
382,184,375,4.85,0.78,0.32,0.51,0.0138,1
680,3843,946,16.34,0.9,0.38,0.72,0.0436,0
68,357,1102,2.91,0.84,0.26,0.41,0.008,1
368,22427,2685,9.68,0.92,0.29,0.47,0.0776,0
7,10,114,0.82,0.34,0.33,0.32,0.0758,0
389,630,492,1.84,0.75,0.04,0.25,0.0368,1
1658,1189,2397,10.68,0.83,0.79,0.78,0.0022,1
790,73,293,0.01,0.32,0.06,0.2,0.0124,0
511,462,707,0.35,0.9,0.03,0.29,0.0687,0
95,282,475,0.6,0.85,0.01,0.48,0.103,0
300,564,618,3.02,0.92,0.05,0.55,0.1331,0
39,374,6027,1.1,0.37,0.82,0.49,0.0005,1
443,110,779,2.57,0.61,0.54,0.43,0.0154,1
1325,521,573,5.48,0.78,0.04,0.37,0.0537,0
156,158,174,1.1,0.82,0.05,0.24,0.1144,0
1271,571,1655,8.21,0.8,0.6,0.62,0.0052,1
1963,413,1989,21.24,0.79,0.83,0.83,0.0076,1
217,449,868,0.63,0.8,0.14,0.2,0.0431,0
309,404,314,1.3,0.79,0.05,0.57,0.0599,0
828,157,226,0.4,0.94,0.0,0.25,0.0098,0
38,74,6779,2.66,0.34,0.77,0.58,0.0042,1
74,35,44,0.0,0.39,0.01,0.22,0.017,0
56,204,557,1.55,0.9,0.53,0.59,0.0055,1
17,1,66,1.42,0.49,0.19,0.4,0.0282,0
78,296,2133,1.53,0.56,0.79,0.48,0.0006,1
400,214,1101,2.51,0.76,0.37,0.62,0.0121,0
19,83,2443,54.09,0.28,0.73,0.71,0.0024,1
202,1300,2778,7.84,0.86,0.32,0.74,0.072,0
7,15,55,1.09,0.46,0.18,0.5,0.0707,0
29,52,5250,13.26,0.29,0.97,0.77,0.0008,1
1634,387,1912,6.86,0.72,0.76,0.61,0.0095,1
13,17,2602,8.01,0.22,0.72,0.84,0.0029,1
141,1694,1918,2.06,0.84,0.02,0.17,0.0984,0
288,387,1128,4.38,0.85,0.26,0.53,0.0158,1
333,63,113,5.92,1.0,0.07,0.44,0.0998,0
6,61,1657,8.5,0.45,0.67,0.81,0.0007,1
331,650,723,5.72,0.68,0.43,0.52,0.0152,1
73,683,305,4.83,0.75,0.49,0.45,0.0071,1
1194,8166,1153,16.47,0.88,0.48,0.43,0.0674,0
28,13,28,0.21,0.55,0.31,0.3,0.0986,0
422,287,563,14.83,0.99,0.21,0.7,0.0303,0
108,396,534,0.22,0.81,0.04,0.19,0.0476,0
65,54,5866,9.85,0.32,0.69,0.96,0.0021,1
357,6528,2863,10.59,0.93,0.37,0.66,0.0229,0
326,402,240,0.93,0.53,0.35,0.6,0.0428,0
395,415,248,1.16,0.79,0.07,0.62,0.0651,0
506,45,274,0.05,0.53,0.03,0.16,0.0173,0
424,109,245,1.32,0.85,0.05,0.17,0.0307,0
2166,470,1923,16.04,0.79,0.84,0.84,0.0085,1
16,87,3513,12.4,0.22,0.8,0.88,0.0026,1
1238,816,2053,19.35,0.7,0.59,0.77,0.0033,1
5,59,4140,38.33,0.19,0.79,0.71,0.0033,0
1,6,102,0.64,0.63,0.16,0.24,0.0223,0
5,19,3395,8.59,0.35,0.72,0.73,0.0016,1
44,72,1705,19.09,0.17,0.74,0.76,0.0039,1
613,601,304,0.16,0.9,0.02,0.34,0.0638,0
269,142,180,1.9,0.73,0.15,0.53,0.0286,0
1633,81,3111,13.78,0.99,0.15,0.56,0.0614,0
59,123,3165,2.23,0.59,0.94,0.68,0.003,1
1,29,1217,16.55,0.18,0.77,0.81,0.0018,1
289,131,215,0.16,0.77,0.02,0.43,0.0606,0
8,73,3176,30.1,0.35,0.84,0.87,0.0007,1
890,863,3699,20.73,0.66,0.69,0.7,0.0064,1
3,30,1359,48.19,0.32,0.85,0.72,0.0013,1
112,954,1058,0.87,0.8,0.12,0.41,0.0681,0
614,37,213,0.04,0.3,0.07,0.06,0.0062,1
121,322,245,0.7,0.76,0.01,0.16,0.023,0
413,40,155,0.05,0.54,0.1,0.1,0.0095,0
498,369,659,1.64,0.9,0.12,0.37,0.0732,0
769,926,1326,1.36,0.89,0.14,0.48,0.0623,0
1445,444,4038,24.55,0.69,0.83,0.78,0.0041,1
216,163,309,0.61,0.8,0.07,0.41,0.25,0
155,395,327,0.23,1.0,0.05,0.19,0.03,0
163,885,1015,1.89,0.81,0.11,0.54,0.0257,0
6,7,4432,19.61,0.16,0.82,0.97,0.0007,1
118,1256,1050,2.05,0.8,0.01,0.54,0.0184,0
51,88,5515,77.3,0.29,0.92,0.98,0.0013,1
466,826,1760,12.08,0.92,0.2,0.63,0.0353,0
190,259,334,1.53,0.95,0.06,0.25,0.0236,0
454,1074,1109,0.63,1.0,0.01,0.54,0.0359,0
592,704,377,1.92,0.8,0.49,0.54,0.0095,1
1,4,26,1.16,0.6,0.23,0.26,0.0395,0
16,43,2126,20.39,0.39,0.95,0.7,0.0024,1
880,2008,2732,13.01,0.86,0.45,0.62,0.0771,0
363,410,534,0.79,1.0,0.03,0.29,0.0326,0
37,65,7871,2.92,0.44,0.92,0.41,0.0022,1
646,44,205,0.04,0.39,0.03,0.12,0.016,0
211,1511,401,6.53,0.99,0.24,0.47,0.0195,0
1412,278,176,0.44,0.93,0.03,0.63,0.0327,0
334,421,428,4.0,0.72,0.35,0.78,0.0186,1
472,754,798,2.97,0.79,0.25,0.71,0.0152,1
466,546,957,5.83,0.9,0.0,0.43,0.1999,0
194,499,1274,4.83,0.63,0.54,0.63,0.0165,0
1547,772,3406,10.64,0.72,0.63,0.56,0.0068,1
141,70,163,0.03,0.56,0.08,0.09,0.0025,0
4,72,5856,54.53,0.48,0.67,0.77,0.0019,1
313,3443,3243,12.26,0.94,0.19,0.59,0.0264,0
907,2208,3127,15.63,0.99,0.47,0.39,0.0615,0
581,14,49,0.02,0.38,0.05,0.27,0.0141,0
591,65,278,0.01,0.44,0.04,0.19,0.0372,0
50,54,84,0.04,0.48,0.02,0.2,0.0117,0
287,2016,998,0.96,0.44,0.06,0.4,0.0495,0
1188,1179,2132,17.62,0.8,0.84,0.51,0.0053,1
136,364,1033,5.66,0.88,0.33,0.77,0.0179,1
154,1023,779,0.2,0.76,0.0,0.43,0.0833,0
20,5,105,1.42,0.68,0.44,0.41,0.0771,0
289,25,49,0.01,0.52,0.08,0.09,0.0138,0
250,456,276,1.32,0.74,0.01,0.52,0.0336,0
6,8,3276,9.45,0.44,0.89,0.72,0.0037,1
575,582,645,4.02,0.76,0.4,0.46,0.0188,1
260,496,404,2.68,0.78,0.1,0.56,0.0984,0
644,2429,1258,10.76,0.9,0.2,0.49,0.0325,0
1226,832,495,0.83,0.9,0.09,0.31,0.0487,0
18,52,4081,28.71,0.33,0.68,0.92,0.0036,0
2,63,2643,16.06,0.22,0.77,0.84,0.0022,1
152,1050,2240,1.52,0.61,0.27,0.53,0.0956,0
10,20,38,1.27,0.7,0.41,0.48,0.0491,0
543,1359,1920,0.1,0.63,0.09,0.41,0.005,1
8,4,117,0.43,0.47,0.42,0.22,0.0967,0
877,1738,3071,2.62,0.55,0.24,0.17,0.0531,0
5,24,99,1.47,0.5,0.3,0.34,0.0758,0
986,126,292,2.08,1.0,0.01,0.63,0.1982,1
29,140,7125,2.18,0.45,0.78,0.67,0.0029,1
703,41,99,0.04,0.54,0.03,0.15,0.0033,0
1144,396,515,0.54,0.9,0.05,0.38,0.0644,0
138,528,554,0.48,0.83,0.1,0.54,0.2237,0
620,66,97,0.03,0.46,0.1,0.14,0.0256,0
562,122,298,0.55,0.71,0.15,0.25,0.0397,0
342,1177,2463,4.71,0.92,0.29,0.72,0.0315,0
1094,616,985,0.31,0.83,0.04,0.48,0.0667,0
15,52,4327,28.69,0.3,0.98,0.84,0.0006,1
560,1005,3459,10.34,0.91,0.22,0.45,0.0174,0
379,349,180,3.02,0.97,0.24,0.57,0.0101,0
105,71,7052,0.98,0.51,0.83,0.49,0.001,1
397,536,571,1.75,1.0,0.04,0.36,0.0452,0
1955,263,2137,7.8,0.69,0.53,0.74,0.0056,1
90,152,361,1.07,0.81,0.05,0.39,0.0488,0
41,165,4391,0.62,0.6,0.97,0.59,0.0028,1
371,32,36,1.14,0.72,0.04,0.33,0.0607,0
24,6,11,0.35,0.38,0.31,0.44,0.0732,0
247,65,105,0.04,0.35,0.01,0.3,0.0312,0
46,478,2282,2.62,0.39,0.85,0.53,0.0041,1
371,8,90,0.01,0.49,0.07,0.2,0.0295,0
17,22,1720,13.38,0.49,0.94,0.91,0.0002,1
582,53,225,0.03,0.49,0.03,0.35,0.0274,0
793,89,179,1.02,0.77,0.0,0.4,0.025,0
730,203,443,0.75,0.77,0.28,0.5,0.0468,0
312,6189,2459,13.94,0.89,0.41,0.48,0.0178,0
85,127,886,4.51,0.68,0.29,0.77,0.0152,1
233,715,874,2.75,0.86,0.48,0.45,0.0127,1
26,7,66,1.14,0.42,0.39,0.33,0.0624,0
232,412,212,0.27,0.97,0.33,0.31,0.0097,0
41,479,4437,2.06,0.56,0.87,0.38,0.0031,1
12,5,2489,65.34,0.32,0.76,0.83,0.0028,1
62,34,4008,14.84,0.26,0.69,0.97,0.0014,1
650,28252,1060,17.15,0.94,0.5,0.46,0.0553,0
308,652,1708,3.14,0.79,0.51,0.48,0.017,1
48,429,1777,5.39,0.79,0.5,0.73,0.0148,1
343,639,362,5.09,0.66,0.26,0.42,0.0169,1
436,3555,3057,10.79,0.87,0.19,0.59,0.0675,0
1202,692,426,1.04,1.0,0.11,0.3,0.0536,0
321,662,851,3.17,0.88,0.47,0.68,0.0128,1
1070,178,285,0.84,0.92,0.24,0.57,0.0674,0
493,28,57,0.05,0.43,0.01,0.11,0.0325,0
95,679,1181,1.51,0.64,0.34,0.61,0.0181,1
550,38,282,0.03,0.31,0.06,0.29,0.039,0
654,78,76,0.05,0.36,0.06,0.17,0.0253,0
200,402,439,5.83,0.61,0.49,0.68,0.0176,1
209,81,141,2.41,0.78,0.08,0.3,0.0228,0
47,197,5442,1.77,0.36,0.97,0.49,0.0045,1
445,26,120,0.05,0.28,0.07,0.31,0.0203,0
58,83,4886,29.95,0.46,0.88,0.93,0.0011,1
186,299,284,1.82,0.75,0.08,0.32,0.0347,0
595,147,131,1.55,0.95,0.04,0.63,0.1106,0
748,1017,1951,13.93,0.76,0.64,0.54,0.0091,1
41,435,3342,1.05,0.6,0.85,0.43,0.0012,1
117,85,145,1.5,0.82,0.02,0.55,0.0935,0
252,66,229,0.03,0.27,0.02,0.22,0.0108,0
274,109,1662,4.68,0.71,0.43,0.66,0.0051,1
125,70,43,0.02,0.28,0.03,0.11,0.0124,0
418,6384,1780,11.17,0.88,0.16,0.69,0.017,0
581,781,2692,16.95,0.94,0.44,0.63,0.0516,0
312,464,3266,11.71,0.96,0.43,0.69,0.0377,0
233,227,244,2.65,0.71,0.05,0.53,0.1091,0
1288,1812,1751,0.88,0.74,0.12,0.35,0.0202,0
125,38,281,0.02,0.51,0.03,0.08,0.0219,0
52,300,2680,2.11,0.61,0.9,0.65,0.0035,1
7,34,4171,38.55,0.38,0.85,0.85,0.0012,1
448,408,921,0.87,0.71,0.05,0.19,0.022,0
38,73,4910,15.19,0.44,0.81,0.87,0.0035,1
297,629,1668,3.85,0.61,0.3,0.72,0.0077,1
734,1044,481,0.14,0.8,0.16,0.63,0.0955,0
827,483,468,0.5,0.79,0.02,0.3,0.1253,0
164,371,379,0.46,0.61,0.13,0.31,0.1031,0
23,10,2420,17.58,0.34,0.82,0.92,0.0034,1
251,236,194,2.26,0.6,0.22,0.16,0.0157,0
996,2159,925,11.85,0.88,0.33,0.75,0.0437,1
239,702,612,3.03,0.89,0.48,0.53,0.0101,1
39,491,4866,2.83,0.58,0.84,0.66,0.0021,1
508,29,297,0.03,0.42,0.07,0.12,0.0293,0
196,73,145,0.03,0.37,0.04,0.3,0.0096,0
323,333,583,1.11,0.45,0.03,0.17,0.0532,0
298,636,720,4.26,0.71,0.31,0.72,0.0165,1
429,41,38,0.05,0.45,0.09,0.29,0.0381,0
105,183,949,2.95,0.62,0.54,0.41,0.0092,1
377,441,413,4.77,0.63,0.34,0.76,0.0037,1
139,346,338,0.65,1.0,0.04,0.59,0.1026,0
694,640,1569,7.48,0.91,0.19,0.47,0.0173,0
784,278,1389,8.05,0.94,0.43,0.34,0.0359,0
22,299,3722,2.55,0.4,0.85,0.68,0.0049,1
149,3663,4865,2.42,1.0,0.01,0.39,0.194,0
170,1889,3247,0.52,0.94,0.0,0.55,0.1001,0
180,138,750,4.86,0.85,0.52,0.59,0.0179,1
102,965,744,0.85,1.0,0.02,0.61,0.1832,0
67,95,2158,2.45,0.33,0.93,0.51,0.0021,1
805,1864,1274,16.47,0.86,0.25,0.53,0.0789,0
508,401,1535,3.66,0.8,0.45,0.66,0.0085,1
2097,855,2687,6.5,0.81,0.56,0.61,0.0085,1
336,2182,2782,10.05,0.86,0.35,0.62,0.0153,0
192,70,190,0.04,0.47,0.05,0.34,0.0242,0
173,590,1334,2.31,0.69,0.01,0.39,0.0867,0
258,475,1136,15.32,0.96,0.16,0.38,0.0193,0
306,4033,2341,11.5,0.93,0.42,0.34,0.0727,0
312,152,189,0.33,0.93,0.04,0.54,0.0567,0
882,408,1162,5.75,1.0,0.24,0.31,0.0392,0
165,458,451,0.15,0.84,0.04,0.57,0.124,0
15,115,7213,0.5,0.48,0.96,0.48,0.0029,1
4,12,4347,10.73,0.27,0.87,0.96,0.001,1
345,550,968,5.77,0.83,0.34,0.45,0.0108,1
9,13,60,1.99,0.31,0.35,0.48,0.0914,1
38,77,1531,16.7,0.25,0.65,0.85,0.0017,1
390,133,122,2.0,0.89,0.05,0.42,0.1542,0
17,128,7181,1.06,0.33,0.83,0.6,0.004,1
326,68,73,0.01,0.41,0.05,0.2,0.0296,0
23,4,5049,14.96,0.24,0.93,0.78,0.0035,1
366,1398,3415,8.63,0.98,0.19,0.74,0.0289,0
1,22,110,1.31,0.63,0.19,0.32,0.0349,0
1,26,1469,20.27,0.39,0.83,0.8,0.0029,1
347,324,572,0.8,0.73,0.02,0.51,0.0713,0
1647,1154,1626,18.17,0.68,0.69,0.52,0.008,1
918,1133,1548,11.31,0.94,0.19,0.47,0.0159,0
185,69,134,0.03,0.41,0.08,0.22,0.0107,0
80,87,3326,1.03,0.5,0.82,0.55,0.0048,1
179,462,694,3.41,0.71,0.08,0.33,0.0785,0
241,412,567,0.31,0.9,0.07,0.39,0.0871,0
23,30,3714,16.8,0.33,0.86,0.87,0.002,1
13,24,4973,17.46,0.38,0.82,0.78,0.0038,1
1288,1275,3386,12.56,0.91,0.43,0.4,0.0766,0
344,799,346,5.5,0.72,0.3,0.58,0.0165,1
439,741,993,1.88,0.53,0.03,0.59,0.0414,0
35,51,2858,0.62,0.53,0.93,0.45,0.0009,1
33,67,1907,14.23,0.26,0.86,0.81,0.0005,1
218,6550,2654,6.03,0.95,0.49,0.52,0.0666,0
496,309,314,1.27,0.86,0.24,0.46,0.0184,0
358,351,2516,10.39,0.93,0.36,0.73,0.0188,0
1,13,83,0.24,0.64,0.36,0.35,0.0387,0
335,785,1123,2.83,0.84,0.47,0.6,0.0164,1
481,230,310,4.24,0.76,0.51,0.67,0.009,1
619,411,920,0.46,0.62,0.12,0.62,0.0959,0
13,29,94,0.98,0.37,0.13,0.35,0.0375,0
17,11,104,1.51,0.69,0.3,0.29,0.0435,0
25,22,3163,22.53,0.41,0.79,0.88,0.001,1
425,438,560,3.98,0.73,0.42,0.67,0.0072,1
453,437,1339,2.45,0.72,0.33,0.71,0.01,1
25,63,2440,37.13,0.46,0.9,0.93,0.0018,1
423,143,1215,4.86,0.86,0.28,0.66,0.0093,1
5,3,1885,16.72,0.31,0.97,0.84,0.0005,1
32,76,1787,16.65,0.32,0.98,0.98,0.0015,1
26,22,43,0.38,0.5,0.18,0.34,0.081,0
60,57,7227,1.26,0.51,0.87,0.57,0.0043,1
494,779,559,1.79,0.74,0.33,0.72,0.0045,1
771,430,863,0.59,0.81,0.06,0.25,0.115,0
87,406,6720,2.42,0.57,0.9,0.66,0.002,1
1489,2033,2588,13.73,0.87,0.34,0.32,0.0417,0
2,89,4615,14.62,0.49,0.86,0.84,0.0015,1
141,840,474,0.14,0.78,0.14,0.33,0.1017,0
1821,6992,2128,17.68,0.98,0.36,0.71,0.0392,0
2031,2142,1738,10.34,0.98,0.18,0.72,0.0708,0
547,203,270,0.25,0.69,0.04,0.29,0.1623,0
426,34,225,0.02,0.3,0.02,0.2,0.0295,0
174,123,203,1.59,0.75,0.01,0.33,0.0974,0
75,201,6119,1.78,0.58,0.82,0.38,0.002,1
221,4451,2454,6.31,0.89,0.31,0.39,0.0624,0
179,176,342,0.28,0.8,0.01,0.25,0.0595,1
92,105,3496,0.38,0.49,0.91,0.7,0.0029,1
1,16,4320,25.68,0.18,0.92,0.95,0.0009,1
678,6300,2489,15.09,0.91,0.28,0.53,0.0337,0
5,57,1333,26.38,0.23,0.96,0.71,0.0037,1
728,95,87,1.14,0.95,0.09,0.42,0.0732,0
1595,982,3612,11.89,0.58,0.76,0.69,0.0023,1
66,485,4502,2.52,0.48,0.87,0.42,0.004,1
313,354,561,0.42,0.77,0.02,0.22,0.0207,0
43,19,235,0.05,0.27,0.0,0.35,0.0198,0
692,631,809,17.74,0.98,0.18,0.42,0.0558,0
214,156,195,0.31,0.84,0.05,0.34,0.0408,0
25,22,3039,41.49,0.18,0.86,0.79,0.003,0
108,101,3331,0.2,0.63,0.8,0.64,0.0016,1
399,52,224,0.0,0.55,0.0,0.05,0.0376,0
454,714,1363,0.41,0.67,0.02,0.43,0.0467,0
23,324,4758,0.26,0.63,0.97,0.42,0.0046,1
303,3382,3076,7.17,0.91,0.4,0.67,0.0435,0
1506,453,549,1.57,0.94,0.02,0.56,0.0412,0
3,3,48,0.76,0.58,0.42,0.48,0.0945,0
273,36,33,0.04,0.5,0.09,0.3,0.0293,0
878,387,643,2.09,0.79,0.05,0.23,0.0926,0
396,53,272,0.01,0.28,0.02,0.23,0.04,0
1,42,2452,27.04,0.44,0.72,0.92,0.0037,1
1018,6854,3296,4.36,0.87,0.33,0.59,0.0267,0
574,20305,3427,7.35,0.93,0.27,0.51,0.0466,0
103,73,5796,2.27,0.56,0.87,0.46,0.0007,1
476,1328,2589,0.35,0.81,0.11,0.4,0.0364,0
536,668,796,3.09,0.83,0.14,0.3,0.0337,0
685,71,213,0.02,0.59,0.06,0.07,0.0175,0
314,258,462,1.88,0.69,0.53,0.49,0.01,1
12,2,5158,22.13,0.33,0.84,0.81,0.0021,1
423,661,507,3.23,0.89,0.35,0.78,0.0134,0
5,13,33,0.25,0.51,0.18,0.43,0.0896,0
65,135,6714,2.08,0.48,0.81,0.52,0.0008,1
99,132,202,0.15,0.94,0.15,0.5,0.0832,0
10,40,3832,21.54,0.29,0.79,0.74,0.002,1
319,168,307,1.02,0.82,0.01,0.25,0.1469,0
43,191,5871,2.59,0.55,0.82,0.43,0.001,1
577,576,1675,4.3,0.7,0.29,0.65,0.0121,1
748,202,303,2.8,0.93,0.01,0.16,0.1362,0
62,88,5244,9.62,0.42,0.88,0.89,0.0032,1
1006,370,3319,4.31,0.86,0.33,0.47,0.065,0
121,412,283,1.28,0.69,0.25,0.37,0.0859,0
272,252,122,1.3,0.93,0.01,0.26,0.0481,0
109,446,6252,1.16,0.42,0.92,0.65,0.0048,1
70,246,5534,0.94,0.32,0.82,0.45,0.0032,1
220,2957,3094,5.06,1.0,0.43,0.61,0.0568,0
594,678,1113,0.69,0.88,0.0,0.2,0.0435,0
467,288,434,2.84,0.81,0.02,0.17,0.0139,0
746,1803,1632,13.47,0.86,0.26,0.54,0.0588,0
621,37,221,0.03,0.52,0.0,0.16,0.0153,0
66,182,5826,2.64,0.35,0.96,0.54,0.0015,1
86,430,2043,1.7,0.43,0.84,0.65,0.0048,1
98,76,4245,2.95,0.34,0.84,0.65,0.0048,1
551,2389,1502,15.03,0.99,0.48,0.41,0.0507,0
111,168,699,3.53,0.88,0.36,0.56,0.0159,1
111,447,4069,0.48,0.43,0.98,0.41,0.0026,1
616,77,64,0.25,0.95,0.19,0.34,0.0728,0
24,6,38,0.98,0.34,0.28,0.26,0.0502,1
1255,1411,3337,11.19,0.93,0.46,0.48,0.0172,1
476,71,172,0.04,0.49,0.01,0.16,0.0114,0
2,40,5209,9.64,0.39,0.79,0.74,0.0036,1
264,613,952,0.63,0.86,0.06,0.41,0.0888,0
447,285,167,0.74,1.0,0.06,0.29,0.0408,0
100,346,525,0.77,0.95,0.11,0.41,0.0683,0
308,162,931,3.32,0.88,0.26,0.73,0.01,0
12,13,27,1.14,0.32,0.39,0.34,0.0743,0
716,128,180,2.68,0.62,0.1,0.31,0.0269,0
512,355,774,3.86,0.86,0.01,0.35,0.0489,0
582,714,1498,4.98,0.78,0.4,0.42,0.0108,1
21,15,109,1.46,0.65,0.19,0.33,0.0538,0
14,21,18,0.3,0.5,0.41,0.41,0.0352,0
23,11,20,1.54,0.38,0.43,0.37,0.0669,0
50,23,5050,26.74,0.43,0.93,0.74,0.0001,1
14,18,97,0.13,0.34,0.25,0.31,0.0227,0
1234,227,2704,22.63,0.7,0.53,0.7,0.0088,1
365,648,1090,5.45,0.8,0.33,0.77,0.0183,1
2153,669,4627,10.35,0.65,0.79,0.75,0.0094,1
260,20,49,0.01,0.53,0.09,0.24,0.0373,0
72,85,4470,44.21,0.41,0.98,0.85,0.004,1
38,6,80,0.01,0.31,0.01,0.12,0.0333,0
780,19,154,0.01,0.38,0.0,0.07,0.0232,0
2,94,1381,23.05,0.35,0.73,0.71,0.0017,1
7,22,65,0.85,0.59,0.29,0.36,0.0667,0
84,79,2770,12.08,0.3,0.8,0.97,0.0013,1
27,1,88,1.91,0.65,0.18,0.26,0.0373,0
133,65,207,0.02,0.59,0.06,0.07,0.0166,0
409,150,280,2.87,1.0,0.22,0.63,0.0422,0
28,79,1389,28.35,0.42,0.97,0.73,0.0007,1
939,299,712,11.15,0.88,0.45,0.37,0.0586,0
1543,458,2200,21.05,0.67,0.52,0.7,0.005,1
21,2,109,1.19,0.46,0.4,0.39,0.0824,0
171,457,302,2.16,0.86,0.07,0.52,0.0532,0
545,4007,1182,16.34,0.98,0.25,0.39,0.0429,0
27,88,1288,35.17,0.18,0.89,0.91,0.0015,1
110,441,943,5.22,0.78,0.51,0.75,0.0069,1
829,313,1723,12.84,0.94,0.48,0.7,0.0354,0
148,560,1262,2.41,0.68,0.55,0.44,0.0148,1
656,214,225,0.24,0.84,0.0,0.27,0.0953,0
278,132,309,0.11,0.85,0.09,0.35,0.0928,1
45,35,5721,13.07,0.4,0.75,0.85,0.003,1
575,68,78,1.39,0.67,0.05,0.53,0.0631,0
44,162,5531,0.31,0.56,0.99,0.44,0.0034,1
108,345,359,3.29,0.92,0.05,0.37,0.0948,0
137,766,656,1.28,0.99,0.04,0.31,0.1404,0
26,25,79,0.89,0.38,0.42,0.36,0.0328,0
104,60,86,2.3,1.0,0.06,0.19,0.0337,0
1880,339,1788,6.55,0.79,0.56,0.56,0.0052,1
1590,402,2281,20.67,0.74,0.77,0.64,0.0051,1
863,390,702,0.17,0.9,0.07,0.39,0.0819,1
12,7,61,0.7,0.43,0.4,0.44,0.0969,0
28,10,95,1.03,0.57,0.27,0.46,0.0645,0
1514,935,2560,20.57,0.57,0.65,0.66,0.007,1
7,1,108,0.63,0.63,0.27,0.44,0.085,0
439,941,759,0.21,0.7,0.13,0.31,0.0565,0
393,2852,2022,16.81,0.99,0.22,0.55,0.0645,1
473,86,120,0.35,0.77,0.19,0.16,0.095,0
295,562,1143,1.48,0.75,0.01,0.22,0.0189,0
67,65,5163,2.75,0.59,0.81,0.37,0.0006,1
152,608,694,0.38,0.43,0.03,0.45,0.0157,0
13,49,4030,8.37,0.4,0.71,0.74,0.0013,1
233,3058,1142,10.94,0.85,0.46,0.56,0.0468,0
21,65,5036,21.16,0.39,0.81,0.95,0.0022,1
22,29,1618,17.46,0.4,0.73,0.78,0.0026,1
1536,605,1150,0.79,0.62,0.25,0.64,0.0676,0
1026,1086,1208,4.26,0.85,0.49,0.39,0.0727,0
170,903,478,3.04,0.69,0.02,0.32,0.1368,0
554,559,2253,11.38,0.95,0.16,0.5,0.0458,0
281,517,1560,1.66,0.7,0.43,0.74,0.0083,1
206,329,729,2.2,0.64,0.12,0.16,0.1425,0
378,1363,2459,9.93,0.85,0.31,0.74,0.0446,0
271,47,231,0.0,0.46,0.08,0.1,0.0319,0
114,263,5715,2.63,0.48,0.96,0.63,0.0014,1
118,84,1858,8.71,0.29,0.91,0.8,0.0016,1
163,92,194,0.78,0.83,0.06,0.33,0.0755,0
28,28,36,0.7,0.7,0.35,0.3,0.0671,0
1475,1040,4601,13.6,0.69,0.65,0.61,0.0084,1
214,629,1587,1.53,0.67,0.41,0.55,0.0164,1
317,372,549,5.21,0.62,0.26,0.66,0.0108,1
197,671,375,2.61,0.76,0.17,0.61,0.0635,0
1289,6965,1314,11.93,0.9,0.47,0.63,0.062,0
178,810,1501,0.28,0.64,0.15,0.31,0.0588,0
473,28263,685,4.7,0.99,0.26,0.65,0.0207,0
579,6,222,0.0,0.42,0.04,0.14,0.021,0
116,139,125,0.48,0.88,0.13,0.38,0.005,0
377,614,441,1.67,0.79,0.47,0.56,0.0124,1
194,678,548,1.19,1.0,0.13,0.44,0.0622,0
385,596,1155,1.04,0.84,0.04,0.22,0.0564,0
1219,775,2156,6.48,0.62,0.75,0.62,0.0072,1
25,19,91,0.29,0.44,0.25,0.42,0.0791,0
666,1018,2110,0.17,0.94,0.04,0.22,0.0372,0
1052,6578,2110,17.27,0.85,0.35,0.54,0.0787,0
215,673,1422,1.54,0.63,0.38,0.67,0.0109,1
719,701,889,15.56,0.98,0.35,0.49,0.0415,0
1933,949,1877,17.92,0.7,0.69,0.78,0.0087,1
254,1883,2639,1.85,0.72,0.21,0.21,0.0343,0
206,1811,1966,0.95,0.91,0.04,0.19,0.0546,0
358,478,895,1.76,0.88,0.04,0.6,0.0609,0
818,736,3212,11.37,0.91,0.37,0.52,0.0189,0
130,1197,1537,0.38,0.86,0.01,0.25,0.0305,0
2,14,3937,11.66,0.17,0.85,0.88,0.0024,1
555,1008,1851,17.53,1.0,0.3,0.34,0.0479,0
630,223,576,9.59,1.0,0.23,0.57,0.0644,0
81,220,2220,1.92,0.55,0.94,0.53,0.0043,1
62,58,2456,13.75,0.2,0.69,0.96,0.0027,0
3,80,1613,14.83,0.26,0.8,0.88,0.0022,1
1489,658,2909,14.75,0.56,0.75,0.73,0.0097,1
567,677,1661,4.27,0.66,0.36,0.46,0.0199,1
6,79,4658,13.02,0.22,0.95,0.8,0.0038,1
725,648,384,0.18,0.67,0.08,0.43,0.0277,0
346,1056,2108,0.87,0.78,0.11,0.47,0.1295,0
400,459,620,5.49,0.77,0.36,0.58,0.0127,1
974,1722,3810,0.41,0.71,0.02,0.2,0.0595,0
62,46,168,0.03,0.31,0.03,0.09,0.0148,0
106,56,109,0.03,0.45,0.0,0.26,0.003,0
1097,710,1811,13.28,0.78,0.54,0.61,0.0056,1
1711,758,1536,19.39,0.6,0.64,0.78,0.0069,1
1,77,2121,12.35,0.38,0.89,0.8,0.0034,1
271,802,1651,0.43,0.62,0.04,0.2,0.052,0
766,818,1147,0.22,0.88,0.06,0.47,0.0093,0
295,793,1442,4.16,0.62,0.35,0.75,0.0155,1
258,356,291,0.2,0.87,0.03,0.21,0.1436,0
284,1328,1455,4.77,0.87,0.22,0.38,0.0202,0
626,685,421,5.12,0.94,0.38,0.61,0.0753,1
205,1547,3337,13.56,0.89,0.37,0.47,0.0511,0
371,200,197,0.3,1.0,0.12,0.32,0.0309,0
585,127,999,4.8,0.89,0.36,0.63,0.0175,1
56,91,1955,11.41,0.23,0.78,0.89,0.0017,1
497,8,240,0.04,0.51,0.01,0.08,0.0124,0
590,449,1012,4.5,0.84,0.54,0.6,0.0158,1
26,5,3766,41.38,0.19,0.93,0.8,0.0013,1
21,22,4890,30.99,0.25,0.88,0.88,0.0028,1
558,1281,2335,0.41,0.65,0.01,0.5,0.0912,0
338,260,1735,3.22,0.82,0.44,0.76,0.0154,1
153,231,171,1.1,0.94,0.2,0.32,0.0591,0
135,269,235,2.98,0.54,0.07,0.54,0.0244,0
705,1109,2396,1.9,0.72,0.21,0.21,0.0974,0
102,490,1789,2.17,0.85,0.25,0.49,0.0099,1
1817,780,3894,7.41,0.65,0.64,0.51,0.004,0
581,161,402,0.87,1.0,0.07,0.43,0.0669,0
287,1092,978,0.2,0.76,0.05,0.35,0.14,0
1239,394,482,0.83,0.9,0.04,0.22,0.0483,0
1343,1083,1421,13.84,0.87,0.37,0.58,0.0648,0
74,111,6057,1.7,0.38,0.79,0.4,0.0017,1
110,743,615,1.78,0.86,0.3,0.62,0.013,1
984,369,855,2.66,0.7,0.11,0.37,0.0511,0
377,958,603,0.17,0.85,0.37,0.28,0.0355,0
554,573,1738,2.2,0.7,0.43,0.65,0.0043,1
4,4,108,1.71,0.36,0.23,0.45,0.0298,0
20,21,20,1.8,0.49,0.13,0.36,0.0159,0
2093,900,4387,8.4,0.68,0.65,0.62,0.0099,1
780,298,563,1.78,0.63,0.14,0.6,0.0893,0
842,463,421,0.7,0.69,0.16,0.42,0.0392,0
680,9848,2665,16.99,0.99,0.36,0.6,0.035,0
1016,432,428,1.05,0.98,0.14,0.54,0.1361,1
2941,283,3195,4.65,0.92,0.17,0.44,0.0241,0
6,33,5992,13.52,0.2,0.79,0.9,0.0032,0
506,7316,2545,4.15,0.99,0.22,0.49,0.0422,0
16,59,1494,44.17,0.2,0.88,0.78,0.0031,1
431,182,324,0.45,0.85,0.18,0.62,0.0883,0
946,1090,4991,24.56,0.73,0.69,0.65,0.003,1
332,554,858,5.49,0.81,0.53,0.6,0.0077,1
9,15,69,0.44,0.56,0.15,0.36,0.0965,0
25,97,4174,15.29,0.3,0.77,0.83,0.0035,1
299,106,66,0.86,0.97,0.01,0.27,0.1471,0
7,13,3817,45.73,0.47,0.93,0.91,0.003,1
90,159,759,3.9,0.78,0.32,0.56,0.005,1
94,198,1567,4.24,0.82,0.28,0.67,0.0155,1
261,2830,812,4.55,0.98,0.41,0.62,0.0574,0
7,98,1693,8.51,0.25,0.78,0.92,0.0017,1
58,209,2699,1.42,0.34,0.9,0.56,0.0019,1
6,88,4291,30.52,0.32,0.95,0.7,0.002,1
56,168,6536,0.77,0.59,0.96,0.67,0.0039,1
224,143,312,0.19,0.83,0.0,0.39,0.086,0
402,765,1226,0.15,0.77,0.02,0.4,0.0623,0
508,111,114,1.23,0.93,0.01,0.57,0.1287,0
4,49,2974,20.95,0.44,0.7,0.96,0.002,1
29,18,97,1.15,0.31,0.23,0.21,0.0516,0
77,135,5940,1.07,0.53,0.99,0.66,0.0028,1
99,541,311,4.5,0.88,0.54,0.58,0.0144,1
258,11725,3211,14.56,0.95,0.45,0.64,0.0485,0
326,145,146,5.43,0.55,0.01,0.19,0.0256,0
146,78,278,0.05,0.39,0.09,0.06,0.0301,0
15,87,3409,16.67,0.47,0.87,0.78,0.0003,1
920,621,883,0.62,0.97,0.02,0.49,0.0258,0
6,13,7,2.0,0.57,0.1,0.48,0.0872,0
483,532,1014,2.31,0.64,0.33,0.47,0.0162,1
658,79,199,1.11,0.89,0.14,0.24,0.0076,0
308,448,670,1.38,0.71,0.21,0.38,0.1144,0
1020,341,2071,6.51,0.62,0.77,0.71,0.0079,1
27,28,31,1.68,0.32,0.28,0.36,0.0965,0
733,2422,909,11.16,0.99,0.44,0.45,0.0494,0
1072,8775,3446,16.93,1.0,0.18,0.54,0.0604,1
338,137,217,2.63,0.82,0.03,0.19,0.0733,0
22,62,5830,12.7,0.15,0.78,0.96,0.0032,1
75,280,3736,2.25,0.33,0.97,0.61,0.002,1
29,18,20,1.87,0.51,0.29,0.22,0.045,0
1549,946,2366,18.27,0.85,0.51,0.6,0.0026,1
11,95,2868,10.03,0.22,0.68,0.74,0.0034,1
304,11434,2538,7.0,0.99,0.16,0.56,0.0723,0
232,716,2917,12.63,0.95,0.38,0.53,0.0365,0
798,66,130,0.01,0.41,0.09,0.22,0.0162,1
1683,969,3891,9.21,0.72,0.67,0.77,0.0059,1
1,3,5875,53.97,0.3,0.75,0.87,0.0028,1
323,85,127,1.27,0.76,0.04,0.26,0.2,0
16,6,87,1.64,0.5,0.18,0.45,0.0923,0
612,66,129,0.03,0.27,0.07,0.1,0.0356,0
13,63,4469,8.6,0.37,0.96,0.83,0.0012,1
16,51,7886,0.83,0.61,0.84,0.6,0.0038,1
39,19,2731,35.47,0.25,0.89,0.93,0.0038,1
337,319,336,4.55,0.69,0.26,0.62,0.0036,1
9,17,99,1.18,0.5,0.4,0.43,0.0725,0
154,43,190,0.04,0.43,0.03,0.11,0.0283,0
348,5318,1857,13.84,0.95,0.48,0.66,0.0372,0
1557,371,583,2.88,0.78,0.2,0.64,0.0873,0
169,631,446,4.71,0.71,0.47,0.61,0.0063,1
12,478,2314,1.35,0.64,0.91,0.5,0.0015,1
19,18,5783,21.03,0.17,0.95,0.94,0.0004,1
745,65,156,0.02,0.58,0.04,0.33,0.0328,0
7,15,117,0.38,0.57,0.33,0.46,0.0291,0
312,702,449,3.64,0.77,0.31,0.47,0.0086,0
417,190,358,0.56,0.79,0.07,0.58,0.1084,0
377,47,41,0.01,0.6,0.0,0.32,0.0374,0
