archetype,account_age_days,followers,following,posts_per_day,profile_completeness,follow_burst_rate,posting_variance,engagement_rate,is_fake
active_human,281,315,236,0.97,0.92,0.1,0.39,0.0433,0
active_human,1123,341,354,2.38,0.91,0.23,0.11,0.1109,0
active_human,494,289,337,2.43,0.55,0.11,0.18,0.1029,0
active_human,456,99,132,0.24,0.96,0.03,0.38,0.0851,0
compromised_bot,1000,979,6604,12.22,0.61,0.75,0.82,0.0055,1
follow_bot,5,120,8581,1.29,0.49,0.89,0.5,0.0001,1
spambot,2,55,2363,46.82,0.21,0.84,0.97,0.0007,1
lurker_human,755,55,62,0.02,0.5,0.03,0.28,0.0504,0
creator_human,1345,18297,289,1.39,0.88,0.14,0.31,0.1333,0
active_human,106,322,257,2.37,0.98,0.14,0.11,0.081,0
lurker_human,469,87,252,0.06,0.48,0.1,0.17,0.0592,0
active_human,634,171,197,0.29,0.96,0.12,0.14,0.0541,0
active_human,1154,183,241,2.46,0.84,0.11,0.36,0.0605,0
follow_bot,56,94,4648,0.33,0.56,0.94,0.4,0.0002,1
spambot,1,70,4369,37.42,0.45,0.75,0.75,0.0015,1
active_human,290,489,434,1.37,0.81,0.02,0.29,0.0869,0
follow_bot,52,166,7642,1.18,0.22,1.0,0.59,0.0006,1
follow_bot,45,56,5327,0.56,0.42,0.94,0.79,0.0002,1
active_human,844,223,240,2.14,0.87,0.19,0.31,0.0753,0
active_human,419,413,290,1.35,0.52,0.24,0.27,0.0236,0
lurker_human,214,144,199,0.09,0.41,0.01,0.26,0.028,0
active_human,1160,271,310,2.14,0.93,0.04,0.16,0.0281,0
lurker_human,423,53,145,0.09,0.65,0.08,0.12,0.0577,0
spambot,13,26,3794,17.39,0.3,0.74,0.78,0.001,1
active_human,587,428,414,1.69,0.85,0.14,0.36,0.0836,0
follow_bot,16,197,6746,1.0,0.38,0.93,0.78,0.0008,1
compromised_bot,1866,484,5944,17.51,0.63,0.66,0.79,0.0034,1
spambot,8,78,3125,32.03,0.19,0.84,0.92,0.001,1
compromised_bot,2199,928,6848,43.87,0.69,0.78,0.77,0.005,1
spambot,3,28,5632,26.93,0.34,0.91,0.81,0.0011,1
lurker_human,568,105,236,0.02,0.42,0.12,0.26,0.0277,0
compromised_bot,1534,1050,7077,32.11,0.66,0.74,0.7,0.0057,1
spambot,24,61,2562,19.56,0.27,0.72,0.88,0.0013,1
follow_bot,47,94,7846,0.3,0.5,0.94,0.44,0.0002,1
spambot,2,54,4181,22.33,0.28,0.77,0.89,0.0026,1
follow_bot,21,90,7312,0.93,0.34,0.96,0.59,0.0008,1
spambot,5,23,5634,36.72,0.19,0.81,0.89,0.0022,1
spambot,26,43,4572,49.05,0.18,0.81,0.86,0.0002,1
lurker_human,1059,80,352,0.13,0.58,0.12,0.07,0.0377,0
compromised_bot,2225,246,4756,17.59,0.6,0.95,0.81,0.0037,1
spambot,38,78,4283,17.89,0.24,0.73,0.83,0.0005,1
creator_human,1086,6267,968,4.41,1.0,0.19,0.26,0.0671,0
follow_bot,32,176,5956,1.38,0.53,0.99,0.69,0.0012,1
lurker_human,313,128,54,0.01,0.53,0.1,0.3,0.0175,0
creator_human,1389,12253,204,2.45,0.89,0.06,0.32,0.1275,0
compromised_bot,1570,1246,7136,43.07,0.8,0.72,0.74,0.0019,1
compromised_bot,1516,648,5323,11.64,0.59,0.66,0.75,0.0043,1
follow_bot,54,31,4984,0.87,0.42,0.98,0.56,0.0003,1
active_human,755,731,610,1.62,0.8,0.13,0.37,0.0498,0
lurker_human,875,93,322,0.05,0.56,0.12,0.17,0.0264,0
creator_human,1561,19275,459,3.44,0.91,0.22,0.25,0.1468,0
creator_human,836,8076,781,1.62,0.86,0.07,0.24,0.0548,0
active_human,917,225,309,0.39,0.72,0.06,0.29,0.0569,0
lurker_human,253,33,236,0.05,0.65,0.11,0.18,0.0366,0
active_human,1141,34,73,0.62,0.85,0.07,0.29,0.068,0
creator_human,1422,69351,847,1.45,0.89,0.12,0.28,0.0985,0
active_human,548,270,198,1.04,0.88,0.08,0.39,0.0691,0
spambot,26,70,2346,41.75,0.27,0.93,0.8,0.0029,1
spambot,4,24,5708,41.49,0.35,0.91,0.77,0.0015,1
compromised_bot,1644,458,7244,22.92,0.66,0.81,0.76,0.0024,1
spambot,2,67,7232,15.14,0.14,0.83,0.9,0.0024,1
active_human,685,409,570,2.36,0.66,0.04,0.34,0.0865,0
lurker_human,833,59,377,0.07,0.53,0.06,0.13,0.0474,0
lurker_human,434,72,153,0.04,0.59,0.06,0.13,0.0465,0
spambot,3,33,6908,41.67,0.41,0.92,0.79,0.0009,1
active_human,1134,337,341,1.43,0.98,0.01,0.1,0.0798,0
creator_human,1605,64061,971,3.04,0.91,0.14,0.34,0.0484,0
creator_human,2956,15202,927,3.08,0.87,0.23,0.31,0.0328,0
spambot,23,35,4949,18.45,0.13,0.73,0.95,0.0027,1
active_human,378,164,218,2.2,0.87,0.22,0.22,0.0737,0
compromised_bot,1185,1433,3974,35.81,0.66,0.72,0.74,0.002,1
active_human,524,1074,685,1.38,0.63,0.01,0.22,0.0627,0
spambot,7,34,3832,46.25,0.23,0.93,0.89,0.0009,1
spambot,12,42,2446,22.76,0.16,0.94,0.98,0.0011,1
active_human,319,183,148,1.72,0.89,0.04,0.3,0.0438,0
active_human,502,432,559,2.37,0.97,0.03,0.36,0.0843,0
spambot,37,73,5094,27.97,0.23,0.87,0.81,0.0019,1
lurker_human,675,72,391,0.12,0.44,0.07,0.3,0.0336,0
active_human,1569,26,64,0.79,0.85,0.07,0.14,0.0777,0
active_human,1403,434,363,0.51,0.74,0.06,0.11,0.0366,0
spambot,2,40,6990,27.27,0.24,0.78,0.84,0.0022,1
active_human,311,2010,2726,1.31,0.97,0.16,0.21,0.0613,0
spambot,14,29,6658,18.8,0.13,0.7,0.98,0.0,1
active_human,891,152,208,1.45,0.77,0.15,0.17,0.1188,0
compromised_bot,846,977,3900,16.32,0.7,0.92,0.61,0.0059,1
active_human,528,422,565,1.4,0.75,0.19,0.22,0.0772,0
follow_bot,8,112,3920,1.13,0.41,0.91,0.75,0.0008,1
lurker_human,406,142,88,0.01,0.42,0.02,0.06,0.034,0
creator_human,757,5966,439,3.58,0.89,0.07,0.22,0.0645,0
active_human,483,237,248,0.49,0.9,0.15,0.4,0.0943,0
active_human,867,167,230,0.31,0.8,0.07,0.18,0.0715,0
lurker_human,676,22,209,0.07,0.62,0.09,0.06,0.0547,0
follow_bot,15,124,8047,0.47,0.25,0.98,0.78,0.0017,1
follow_bot,44,44,4418,0.22,0.36,0.91,0.5,0.0014,1
lurker_human,388,59,350,0.08,0.61,0.1,0.14,0.0439,0
creator_human,1328,16983,191,3.98,0.98,0.19,0.32,0.1137,0
spambot,15,42,6295,22.93,0.41,0.94,0.76,0.0025,1
active_human,635,140,198,1.94,0.77,0.01,0.23,0.104,0
active_human,368,453,379,0.36,0.89,0.12,0.39,0.1169,0
spambot,3,11,1528,16.11,0.21,0.84,0.93,0.002,1
lurker_human,562,48,53,0.07,0.56,0.03,0.25,0.0447,0
active_human,615,155,152,2.42,0.78,0.04,0.27,0.0672,0
lurker_human,411,27,128,0.07,0.59,0.01,0.25,0.0247,0
compromised_bot,1177,1098,4026,26.85,0.54,0.69,0.81,0.004,1
active_human,411,271,253,1.2,0.8,0.02,0.37,0.0924,0
spambot,3,50,7291,15.92,0.27,0.76,0.83,0.0023,1
compromised_bot,801,424,6348,40.89,0.53,0.9,0.71,0.0033,1
compromised_bot,889,321,7738,17.01,0.56,0.68,0.79,0.0059,1
active_human,792,256,315,2.38,0.71,0.13,0.24,0.0241,0
active_human,973,411,494,2.21,0.84,0.03,0.4,0.1175,0
spambot,4,39,6040,18.61,0.11,0.77,0.86,0.0026,1
spambot,21,24,6111,51.77,0.37,0.84,0.88,0.0015,1
creator_human,1441,64132,434,4.15,0.91,0.11,0.27,0.1395,0
active_human,214,736,536,1.13,0.96,0.24,0.22,0.0793,0
creator_human,907,17469,127,1.9,0.95,0.12,0.3,0.0457,0
compromised_bot,2126,486,6966,40.93,0.65,0.75,0.73,0.0057,1
active_human,359,391,342,1.07,0.77,0.2,0.11,0.1187,0
active_human,260,404,313,1.37,0.83,0.32,0.19,0.0905,0
active_human,625,145,218,0.79,0.82,0.11,0.38,0.0801,0
compromised_bot,2477,1276,4827,32.79,0.54,0.85,0.9,0.0013,1
compromised_bot,1912,887,6132,13.17,0.6,0.68,0.8,0.0064,1
compromised_bot,818,596,4500,21.1,0.8,0.76,0.69,0.0055,1
active_human,1050,870,824,1.23,0.93,0.21,0.21,0.1063,0
lurker_human,402,31,182,0.07,0.6,0.07,0.2,0.0482,0
follow_bot,54,127,7986,0.83,0.53,0.91,0.76,0.0001,1
compromised_bot,1514,250,7354,16.9,0.67,0.71,0.65,0.0053,1
lurker_human,517,54,185,0.05,0.61,0.09,0.12,0.0307,0
active_human,720,112,130,0.88,0.72,0.24,0.29,0.0715,0
creator_human,1522,42645,781,4.15,0.9,0.1,0.31,0.063,0
follow_bot,43,108,3145,1.17,0.26,0.91,0.46,0.0005,1
follow_bot,37,138,3661,0.13,0.46,0.94,0.62,0.0005,1
active_human,514,1927,1396,1.75,0.95,0.21,0.37,0.0973,0
active_human,954,965,877,1.02,0.9,0.17,0.26,0.0524,0
active_human,774,1161,1145,1.54,0.81,0.23,0.39,0.0675,0
active_human,350,460,341,0.4,0.74,0.04,0.38,0.0754,0
active_human,283,43,87,2.01,0.71,0.31,0.26,0.0921,0
active_human,730,161,135,1.8,0.82,0.07,0.15,0.0703,0
active_human,438,110,102,0.73,0.92,0.17,0.28,0.0565,0
active_human,245,305,341,1.8,0.82,0.1,0.19,0.0824,0
lurker_human,282,81,305,0.04,0.53,0.06,0.26,0.0467,0
spambot,1,6,7193,39.07,0.11,0.77,0.93,0.0004,1
lurker_human,464,101,222,0.02,0.53,0.04,0.21,0.035,0
active_human,434,381,513,1.11,0.9,0.04,0.18,0.1041,0
active_human,514,511,607,1.66,0.76,0.06,0.13,0.0916,0
active_human,242,112,152,2.0,0.95,0.1,0.37,0.0982,0
active_human,480,222,237,2.04,0.7,0.03,0.17,0.0572,0
lurker_human,1454,51,223,0.01,0.75,0.08,0.13,0.054,0
active_human,283,90,173,1.48,0.86,0.04,0.31,0.0292,0
compromised_bot,2286,287,3960,24.47,0.77,0.87,0.78,0.0017,1
active_human,633,545,533,1.26,0.73,0.02,0.27,0.0933,0
creator_human,1028,44206,599,2.83,0.98,0.22,0.32,0.0313,0
spambot,22,24,4134,52.81,0.39,0.83,0.87,0.0004,1
active_human,382,142,147,1.15,0.73,0.03,0.27,0.0761,0
creator_human,1082,37199,258,1.08,0.9,0.18,0.18,0.1134,0
spambot,61,35,2367,40.86,0.25,0.74,0.83,0.0013,1
active_human,736,821,1190,1.17,0.88,0.08,0.16,0.0562,0
active_human,166,273,257,0.8,0.61,0.06,0.32,0.0966,0
active_human,1272,335,422,0.23,0.9,0.05,0.18,0.0356,0
follow_bot,47,103,5297,0.89,0.34,0.9,0.71,0.0002,1
active_human,166,104,165,0.32,0.72,0.05,0.24,0.1172,0
creator_human,1515,6408,426,3.39,0.93,0.25,0.2,0.0785,0
lurker_human,325,36,147,0.02,0.56,0.06,0.09,0.0573,0
follow_bot,6,93,3097,1.31,0.38,0.96,0.52,0.0016,1
active_human,561,240,280,0.79,0.9,0.13,0.17,0.0651,0
compromised_bot,1849,1080,5613,12.28,0.66,0.92,0.76,0.0045,1
active_human,914,366,466,0.67,0.65,0.18,0.26,0.0358,0
spambot,24,11,6443,57.86,0.42,0.78,0.99,0.0004,1
active_human,310,343,402,2.23,0.65,0.03,0.15,0.0213,0
creator_human,2370,16713,1121,3.56,0.88,0.22,0.31,0.0949,0
spambot,6,15,7069,56.08,0.26,0.8,0.87,0.0025,1
active_human,718,124,114,1.17,0.79,0.41,0.35,0.0454,0
active_human,410,310,234,0.58,0.89,0.26,0.34,0.0259,0
follow_bot,55,153,5454,0.34,0.36,0.91,0.49,0.0008,1
active_human,1036,180,159,1.9,0.76,0.1,0.39,0.0927,0
active_human,399,467,369,0.48,0.84,0.19,0.32,0.0799,0
active_human,266,88,121,0.75,0.68,0.03,0.3,0.1029,0
follow_bot,5,27,3342,0.7,0.33,0.92,0.71,0.0012,1
follow_bot,33,169,4573,0.93,0.48,0.89,0.6,0.0002,1
active_human,490,253,295,2.25,0.88,0.13,0.29,0.067,0
lurker_human,210,68,351,0.02,0.69,0.1,0.12,0.0331,0
lurker_human,393,28,393,0.02,0.62,0.02,0.14,0.0354,0
follow_bot,17,30,4517,1.49,0.25,0.89,0.56,0.0008,1
lurker_human,236,128,317,0.1,0.5,0.09,0.29,0.0461,0
follow_bot,50,106,6741,0.46,0.22,0.94,0.67,0.0002,1
active_human,144,137,157,2.27,0.84,0.16,0.25,0.0339,0
active_human,456,189,263,0.35,0.73,0.14,0.14,0.0759,0
active_human,837,685,817,1.13,0.91,0.08,0.33,0.0299,0
follow_bot,36,76,4141,1.09,0.48,0.91,0.47,0.0009,1
active_human,455,456,309,1.66,0.81,0.12,0.4,0.0654,0
spambot,3,73,2899,63.87,0.29,0.74,0.77,0.0006,1
compromised_bot,2057,461,4410,27.07,0.55,0.9,0.71,0.0036,1
lurker_human,561,48,126,0.09,0.45,0.01,0.29,0.0487,0
compromised_bot,2312,504,5432,28.96,0.77,0.9,0.73,0.0031,1
active_human,535,213,193,1.48,0.91,0.12,0.29,0.0769,0
creator_human,1018,3730,756,3.49,0.99,0.08,0.27,0.1019,0
active_human,396,235,258,2.03,0.89,0.12,0.28,0.0575,0
active_human,753,136,163,2.19,0.78,0.14,0.36,0.0639,0
follow_bot,36,91,8442,0.73,0.4,0.94,0.77,0.0,1
lurker_human,945,61,369,0.05,0.53,0.1,0.12,0.0205,0
compromised_bot,2126,1386,7614,17.02,0.85,0.68,0.6,0.0013,1
active_human,875,282,376,1.12,0.71,0.02,0.31,0.0206,0
active_human,809,138,200,1.3,0.72,0.3,0.18,0.0222,0
creator_human,899,3049,880,3.11,0.9,0.18,0.17,0.1366,0
lurker_human,603,29,103,0.02,0.64,0.04,0.23,0.0511,0
follow_bot,26,49,5307,0.3,0.51,0.89,0.6,0.0006,1
active_human,401,276,275,0.63,0.75,0.02,0.12,0.1131,0
follow_bot,47,166,7232,1.28,0.33,0.97,0.76,0.0009,1
compromised_bot,1423,890,6992,14.06,0.51,0.82,0.88,0.0069,1
spambot,3,25,1734,48.32,0.44,0.91,0.98,0.0021,1
active_human,602,194,169,1.35,0.89,0.18,0.16,0.0752,0
lurker_human,321,73,149,0.1,0.61,0.04,0.08,0.0426,0
spambot,6,48,4720,49.11,0.26,0.86,0.77,0.0001,1
spambot,27,58,3173,42.19,0.13,0.89,0.81,0.0027,1
follow_bot,21,119,7493,0.68,0.4,0.91,0.61,0.0012,1
active_human,1088,249,313,1.25,0.89,0.07,0.15,0.0636,0
active_human,364,124,159,0.2,0.84,0.09,0.24,0.0598,0
active_human,615,135,157,0.34,0.75,0.07,0.33,0.0405,0
spambot,15,61,1525,57.36,0.21,0.78,0.99,0.0016,1
compromised_bot,1662,690,4572,43.16,0.62,0.87,0.76,0.0014,1
spambot,18,9,7439,26.51,0.12,0.82,0.82,0.0023,1
active_human,1055,266,384,1.46,0.57,0.01,0.4,0.0727,0
active_human,771,307,341,1.4,0.65,0.07,0.31,0.0595,0
compromised_bot,1729,1470,4019,15.66,0.67,0.87,0.67,0.0055,1
spambot,3,48,5732,56.77,0.37,0.81,0.88,0.0024,1
active_human,799,256,350,1.19,0.43,0.06,0.11,0.0961,0
active_human,488,298,441,0.83,0.97,0.3,0.14,0.088,0
active_human,794,362,362,1.95,0.82,0.05,0.25,0.0405,0
creator_human,1035,32431,1023,3.23,0.9,0.11,0.33,0.0852,0
active_human,426,145,225,2.21,0.92,0.01,0.39,0.0426,0
active_human,112,421,516,1.95,0.86,0.03,0.14,0.0581,0
lurker_human,337,51,211,0.12,0.6,0.11,0.06,0.0233,0
creator_human,1818,4924,852,2.8,0.93,0.12,0.34,0.1293,0
spambot,19,74,4572,21.1,0.14,0.94,0.83,0.0001,1
active_human,439,169,148,1.81,0.65,0.03,0.22,0.0225,0
follow_bot,44,97,5873,0.96,0.54,0.86,0.62,0.001,1
spambot,12,44,3886,36.48,0.21,0.84,0.78,0.0029,1
spambot,46,47,2981,55.44,0.34,0.88,0.83,0.0024,1
lurker_human,465,133,321,0.15,0.62,0.04,0.09,0.0193,0
active_human,414,182,259,1.89,0.81,0.01,0.29,0.0871,0
creator_human,978,61104,859,4.47,0.9,0.24,0.33,0.0314,0
lurker_human,393,85,55,0.09,0.74,0.07,0.1,0.0391,0
active_human,341,252,299,0.82,0.96,0.08,0.29,0.0849,0
active_human,820,97,150,0.77,0.92,0.1,0.29,0.0586,0
compromised_bot,1960,1387,3582,43.52,0.64,0.9,0.66,0.0057,1
compromised_bot,1456,1041,3869,36.0,0.61,0.92,0.63,0.0067,1
follow_bot,8,112,5426,1.11,0.2,0.94,0.65,0.0013,1
active_human,406,302,434,2.3,0.84,0.06,0.28,0.0795,0
active_human,803,187,208,2.01,0.72,0.05,0.37,0.106,0
active_human,930,544,651,1.18,0.74,0.12,0.19,0.0703,0
active_human,184,164,194,2.33,0.74,0.08,0.34,0.0208,0
compromised_bot,1082,511,7106,18.92,0.76,0.67,0.86,0.0068,1
active_human,719,385,394,0.73,0.91,0.2,0.22,0.0213,0
active_human,816,876,827,1.19,0.77,0.32,0.32,0.1082,0
active_human,720,112,106,0.76,0.95,0.04,0.23,0.0741,0
spambot,19,69,3448,40.01,0.24,0.94,0.9,0.0016,1
active_human,1452,187,168,1.38,0.67,0.17,0.3,0.0608,0
follow_bot,47,179,8499,1.33,0.49,0.95,0.7,0.0009,1
follow_bot,45,127,5994,0.5,0.41,0.93,0.73,0.0008,1
lurker_human,1046,49,106,0.12,0.72,0.03,0.07,0.0539,0
active_human,701,253,310,1.06,0.63,0.04,0.12,0.057,0
lurker_human,844,110,284,0.13,0.69,0.05,0.21,0.0148,0
active_human,1020,64,114,1.76,0.94,0.31,0.28,0.0633,0
spambot,29,66,4391,38.7,0.35,0.78,0.8,0.0009,1
active_human,443,483,509,1.48,0.83,0.02,0.29,0.0948,0
active_human,143,217,214,1.57,0.78,0.17,0.11,0.046,0
active_human,1097,323,218,1.19,0.45,0.09,0.31,0.1167,0
follow_bot,16,62,3956,1.15,0.52,0.98,0.8,0.0005,1
active_human,436,646,724,0.24,0.75,0.14,0.22,0.0602,0
active_human,541,718,853,0.73,0.82,0.12,0.24,0.0875,0
spambot,8,79,3824,46.58,0.12,0.88,0.98,0.0002,1
creator_human,1624,24324,715,3.47,0.92,0.18,0.32,0.0504,0
active_human,710,709,929,2.41,0.35,0.22,0.11,0.0623,0
active_human,947,99,163,1.9,0.82,0.1,0.39,0.1017,0
follow_bot,34,176,7589,0.64,0.23,0.88,0.49,0.0009,1
active_human,411,199,323,0.46,0.86,0.09,0.39,0.037,0
follow_bot,22,185,5430,1.48,0.31,0.86,0.73,0.0014,1
creator_human,724,60597,337,2.09,0.85,0.08,0.33,0.083,0
compromised_bot,2313,1024,5653,19.87,0.63,0.71,0.7,0.0048,1
compromised_bot,2222,305,4794,11.57,0.54,0.82,0.83,0.0076,1
active_human,506,1319,1428,2.13,0.83,0.21,0.39,0.0375,0
creator_human,1391,122857,1195,2.3,0.95,0.08,0.26,0.0522,0
active_human,494,348,335,2.43,0.84,0.03,0.34,0.0375,0
spambot,4,26,6120,46.17,0.31,0.71,0.84,0.0007,1
active_human,332,147,152,0.29,0.85,0.03,0.25,0.063,0
creator_human,1121,7893,880,3.36,0.96,0.06,0.28,0.0572,0
spambot,10,57,3931,16.75,0.29,0.82,0.95,0.0005,1
active_human,1074,155,185,2.32,0.94,0.18,0.36,0.1035,0
compromised_bot,1141,1145,3992,38.94,0.68,0.88,0.67,0.0034,1
active_human,741,366,323,1.7,0.73,0.01,0.24,0.0878,0
lurker_human,455,102,235,0.05,0.45,0.04,0.26,0.0144,0
compromised_bot,1408,646,7505,12.16,0.53,0.7,0.78,0.0021,1
compromised_bot,1336,1001,4773,10.18,0.52,0.92,0.79,0.0029,1
active_human,373,185,271,0.69,0.51,0.26,0.16,0.0542,0
lurker_human,594,129,351,0.1,0.6,0.05,0.14,0.0123,0
active_human,1239,117,200,1.71,0.96,0.03,0.24,0.0319,0
compromised_bot,2020,784,6299,37.42,0.74,0.84,0.86,0.0026,1
follow_bot,17,142,8055,1.41,0.53,1.0,0.5,0.0019,1
lurker_human,551,50,101,0.01,0.58,0.03,0.3,0.0387,0
active_human,755,312,250,1.01,0.91,0.11,0.17,0.0581,0
follow_bot,58,46,3268,0.74,0.32,0.99,0.45,0.0019,1
spambot,12,30,4576,30.59,0.19,0.88,0.9,0.001,1
compromised_bot,2285,212,6450,24.62,0.54,0.83,0.88,0.0056,1
active_human,782,47,108,0.94,0.88,0.07,0.17,0.0488,0
creator_human,1022,7799,870,1.81,0.93,0.2,0.34,0.0565,0
follow_bot,48,134,7198,0.99,0.45,0.91,0.7,0.0011,1
spambot,9,64,5181,56.22,0.15,0.93,0.88,0.0025,1
lurker_human,776,34,145,0.05,0.72,0.03,0.27,0.038,0
follow_bot,47,164,8507,0.55,0.29,0.88,0.74,0.0016,1
lurker_human,463,131,296,0.05,0.75,0.01,0.2,0.043,0
spambot,2,77,3314,18.28,0.41,0.82,0.87,0.0028,1
spambot,3,29,3109,59.9,0.13,0.81,0.77,0.0,1
spambot,14,14,3646,26.75,0.39,0.97,0.82,0.0008,1
active_human,494,239,308,0.23,0.64,0.12,0.31,0.0471,0
compromised_bot,1374,1199,5559,24.37,0.56,0.72,0.7,0.0028,1
active_human,582,163,157,1.93,0.89,0.28,0.34,0.096,0
active_human,417,140,154,0.59,0.69,0.03,0.13,0.0848,0
follow_bot,19,167,4032,0.86,0.24,0.86,0.66,0.0011,1
active_human,524,168,155,1.01,0.86,0.24,0.11,0.063,0
active_human,1461,291,317,0.29,0.67,0.05,0.28,0.0803,0
spambot,13,34,7215,28.8,0.37,0.76,0.92,0.0007,1
creator_human,1715,17743,567,3.45,0.87,0.25,0.19,0.1013,0
lurker_human,292,109,250,0.1,0.68,0.1,0.17,0.0489,0
spambot,20,31,2909,48.19,0.44,0.71,0.96,0.0017,1
creator_human,894,13366,773,4.21,0.91,0.08,0.29,0.0652,0
lurker_human,726,37,343,0.05,0.4,0.04,0.1,0.0431,0
creator_human,1366,42831,416,2.2,0.87,0.07,0.32,0.1402,0
creator_human,740,62016,305,1.41,0.85,0.19,0.22,0.0605,0
active_human,371,398,299,1.08,0.94,0.0,0.37,0.0664,0
active_human,487,222,302,0.93,0.82,0.09,0.25,0.093,0
creator_human,1667,107586,1166,1.69,0.87,0.24,0.17,0.0874,0
creator_human,811,16254,538,1.82,0.95,0.21,0.16,0.0898,0
spambot,5,46,2743,59.9,0.38,0.86,0.93,0.0011,1
creator_human,848,24312,751,2.26,0.99,0.05,0.21,0.0368,0
spambot,19,61,3663,48.78,0.24,0.91,0.86,0.0012,1
compromised_bot,2038,628,4290,21.13,0.7,0.75,0.84,0.0043,1
active_human,317,244,206,2.36,0.74,0.11,0.24,0.0615,0
spambot,3,45,5925,38.87,0.31,0.86,0.85,0.001,1
active_human,1531,366,315,0.69,0.87,0.07,0.28,0.0348,0
active_human,174,572,559,0.39,0.77,0.15,0.34,0.0477,0
compromised_bot,1056,582,3941,44.57,0.61,0.77,0.78,0.0066,1
lurker_human,414,120,79,0.1,0.57,0.1,0.29,0.0111,0
compromised_bot,1204,1043,5282,17.93,0.7,0.76,0.78,0.0012,1
active_human,478,198,279,2.12,0.94,0.04,0.24,0.0645,0
active_human,724,179,184,0.25,0.8,0.08,0.1,0.0343,0
spambot,5,39,5089,34.26,0.4,0.97,0.96,0.0008,1
active_human,475,242,277,1.5,0.71,0.15,0.38,0.1042,0
active_human,201,269,388,2.38,0.91,0.02,0.11,0.0535,0
active_human,1144,416,402,0.59,0.88,0.08,0.29,0.0847,0
follow_bot,43,72,8133,1.26,0.29,0.91,0.56,0.002,1
active_human,384,579,583,2.12,0.81,0.1,0.26,0.1197,0
active_human,308,900,685,2.22,0.92,0.01,0.15,0.0672,0
creator_human,697,18745,779,1.89,0.92,0.06,0.29,0.0697,0
spambot,8,25,5891,45.51,0.27,0.74,0.81,0.0013,1
creator_human,586,15056,233,4.18,0.89,0.07,0.21,0.0426,0
active_human,368,267,345,1.4,0.81,0.17,0.23,0.095,0
compromised_bot,2464,1265,7486,15.76,0.56,0.89,0.72,0.0041,1
creator_human,924,15409,650,3.53,0.97,0.19,0.27,0.0318,0
active_human,208,799,711,2.35,0.69,0.12,0.19,0.108,0
active_human,645,203,179,0.68,0.85,0.16,0.15,0.0352,0
active_human,235,1142,1360,0.92,0.56,0.2,0.37,0.057,0
spambot,35,59,7086,62.81,0.23,0.79,0.76,0.0015,1
active_human,375,540,724,2.2,0.73,0.08,0.17,0.0444,0
active_human,496,125,191,1.93,0.83,0.09,0.18,0.1073,0
active_human,844,207,296,0.59,0.97,0.14,0.35,0.0909,0
active_human,1579,648,602,0.9,0.97,0.14,0.31,0.083,0
follow_bot,38,115,4724,0.29,0.2,0.93,0.79,0.0007,1
active_human,437,27,75,0.48,0.88,0.05,0.22,0.1018,0
follow_bot,54,141,6199,0.69,0.38,0.89,0.7,0.001,1
active_human,937,244,351,1.07,0.68,0.14,0.33,0.0933,0
follow_bot,11,146,3512,0.27,0.4,0.9,0.55,0.0012,1
spambot,2,64,5153,20.4,0.18,0.91,0.82,0.0019,1
active_human,572,490,639,2.18,0.85,0.11,0.4,0.1058,0
active_human,824,78,126,2.1,0.91,0.04,0.23,0.0577,0
follow_bot,24,145,6484,1.13,0.41,0.98,0.54,0.0014,1
compromised_bot,2117,597,6018,15.75,0.77,0.69,0.79,0.0019,1
active_human,246,360,418,0.6,0.87,0.14,0.25,0.0214,0
follow_bot,11,191,6398,0.81,0.55,0.99,0.7,0.0009,1
creator_human,1106,10560,751,3.79,0.96,0.18,0.18,0.0956,0
active_human,240,163,149,0.8,0.7,0.19,0.25,0.082,0
lurker_human,1347,54,128,0.1,0.62,0.06,0.18,0.0473,0
follow_bot,35,101,6114,0.2,0.33,0.9,0.65,0.0007,1
active_human,1003,331,252,2.43,0.64,0.24,0.24,0.0673,0
active_human,110,369,378,0.93,0.89,0.06,0.25,0.0323,0
active_human,640,918,983,0.65,0.93,0.17,0.24,0.0427,0
spambot,38,30,1653,28.09,0.32,0.93,0.8,0.0028,1
creator_human,957,2321,742,2.52,0.98,0.12,0.31,0.1429,0
creator_human,1646,24872,660,1.07,0.86,0.13,0.27,0.0857,0
creator_human,2636,10340,765,1.71,0.89,0.2,0.25,0.0559,0
compromised_bot,1258,597,6857,20.49,0.84,0.81,0.79,0.0058,1
spambot,11,52,6591,17.69,0.11,0.8,0.83,0.0012,1
active_human,757,346,392,1.97,0.78,0.08,0.22,0.0673,0
follow_bot,10,103,3815,0.6,0.47,0.89,0.73,0.0015,1
spambot,2,7,6773,17.07,0.21,0.86,0.96,0.002,1
lurker_human,538,29,171,0.02,0.68,0.1,0.17,0.0129,0
active_human,803,384,437,2.32,0.94,0.13,0.2,0.0719,0
active_human,1714,1139,1112,2.05,0.94,0.05,0.11,0.025,0
creator_human,1662,43536,169,3.15,0.89,0.15,0.24,0.039,0
active_human,266,138,179,2.46,0.84,0.2,0.18,0.0301,0
active_human,1260,179,234,1.62,0.91,0.01,0.26,0.1048,0
spambot,6,62,2802,28.26,0.16,0.73,0.85,0.0003,1
active_human,1886,104,126,2.28,0.62,0.08,0.11,0.0946,0
follow_bot,19,160,8636,0.37,0.49,0.89,0.53,0.0017,1
lurker_human,435,118,304,0.1,0.45,0.05,0.1,0.0448,0
compromised_bot,2486,1444,4508,44.46,0.57,0.69,0.66,0.0064,1
lurker_human,424,109,305,0.13,0.43,0.07,0.28,0.0294,0
follow_bot,9,129,4868,0.72,0.4,0.97,0.44,0.0009,1
creator_human,1240,26104,406,1.72,0.97,0.2,0.16,0.0765,0
active_human,601,645,638,1.9,0.93,0.19,0.38,0.043,0
active_human,397,129,208,1.54,0.8,0.03,0.1,0.0892,0
spambot,1,35,4938,63.95,0.25,0.84,0.97,0.0022,1
creator_human,2260,11722,1059,2.03,0.92,0.2,0.29,0.1336,0
compromised_bot,2459,1016,4087,29.24,0.65,0.91,0.66,0.0068,1
creator_human,1853,13532,1109,3.94,0.95,0.17,0.19,0.0916,0
spambot,55,48,5332,23.31,0.22,0.96,0.83,0.003,1
lurker_human,680,141,59,0.11,0.74,0.02,0.07,0.046,0
active_human,511,100,122,2.0,0.69,0.18,0.28,0.1127,0
compromised_bot,1782,1115,6033,19.75,0.84,0.69,0.77,0.003,1
active_human,573,148,154,0.35,0.68,0.06,0.38,0.088,0
creator_human,1528,15473,382,1.9,0.92,0.19,0.3,0.1495,0
active_human,1393,1516,1161,0.5,0.83,0.13,0.35,0.0214,0
follow_bot,36,28,4947,0.78,0.52,0.94,0.54,0.0016,1
active_human,547,71,91,1.38,0.85,0.14,0.32,0.0572,0
active_human,320,134,205,0.94,0.79,0.07,0.14,0.0947,0
active_human,471,261,343,1.53,0.82,0.03,0.28,0.094,0
active_human,382,74,71,0.47,0.95,0.08,0.33,0.0922,0
active_human,410,204,240,0.36,0.86,0.01,0.19,0.0261,0
spambot,1,56,1565,31.47,0.34,0.91,0.82,0.0024,1
active_human,900,515,736,1.42,0.96,0.01,0.15,0.0747,0
spambot,9,35,6434,29.82,0.43,0.73,0.91,0.0002,1
lurker_human,189,58,194,0.07,0.46,0.04,0.21,0.0251,0
follow_bot,24,108,6406,1.0,0.53,0.94,0.66,0.0009,1
lurker_human,552,83,187,0.05,0.55,0.12,0.11,0.0152,0
creator_human,1070,105160,280,1.45,0.96,0.18,0.21,0.1046,0
active_human,633,623,897,1.83,0.9,0.16,0.31,0.0925,0
follow_bot,35,121,6117,0.13,0.24,0.95,0.75,0.001,1
lurker_human,476,148,330,0.12,0.61,0.03,0.07,0.0132,0
creator_human,1351,17051,329,4.25,0.95,0.11,0.26,0.0379,0
compromised_bot,1488,586,4469,33.16,0.79,0.87,0.81,0.0031,1
active_human,1026,92,68,2.2,0.69,0.16,0.35,0.1077,0
active_human,241,292,418,1.95,0.8,0.09,0.16,0.0257,0
creator_human,1263,7381,324,2.89,0.89,0.25,0.34,0.0829,0
active_human,703,460,649,0.85,0.59,0.12,0.28,0.0522,0
spambot,2,6,3751,48.64,0.27,0.97,0.82,0.0001,1
lurker_human,736,64,382,0.04,0.45,0.09,0.18,0.0556,0
active_human,376,152,194,2.12,0.95,0.1,0.31,0.039,0
lurker_human,704,54,161,0.12,0.52,0.07,0.18,0.0357,0
active_human,237,41,97,0.58,0.96,0.13,0.24,0.1091,0
creator_human,1477,5549,1182,3.4,0.88,0.08,0.33,0.063,0
active_human,628,316,336,1.21,0.93,0.1,0.12,0.0468,0
compromised_bot,1937,661,4181,10.98,0.63,0.84,0.64,0.0068,1
active_human,289,968,691,2.3,0.94,0.11,0.12,0.0934,0
lurker_human,745,49,111,0.07,0.58,0.09,0.28,0.0169,0
active_human,369,338,410,0.76,0.86,0.06,0.14,0.0782,0
active_human,359,529,484,1.15,0.94,0.32,0.2,0.0706,0
active_human,368,775,586,2.37,0.65,0.04,0.39,0.0583,0
active_human,341,50,67,0.79,0.75,0.19,0.24,0.0686,0
creator_human,2334,9038,1195,3.17,0.86,0.09,0.2,0.1298,0
lurker_human,781,70,200,0.07,0.45,0.11,0.16,0.0191,0
active_human,533,622,880,0.49,0.65,0.01,0.22,0.03,0
lurker_human,517,43,148,0.08,0.75,0.1,0.26,0.0418,0
active_human,341,197,198,0.22,0.81,0.1,0.19,0.0569,0
spambot,25,25,5878,62.36,0.24,0.92,0.87,0.0027,1
compromised_bot,1479,705,5279,17.55,0.78,0.72,0.76,0.0078,1
active_human,934,294,322,0.53,0.73,0.1,0.25,0.0272,0
spambot,11,36,2549,39.26,0.15,0.88,0.79,0.0026,1
creator_human,1078,13658,360,3.05,0.89,0.06,0.17,0.1047,0
compromised_bot,868,1327,5281,40.33,0.68,0.85,0.84,0.0028,1
active_human,722,220,259,1.86,0.95,0.29,0.36,0.0327,0
follow_bot,30,79,3527,0.73,0.25,0.92,0.74,0.0012,1
active_human,764,41,74,1.11,0.89,0.05,0.27,0.0438,0
spambot,10,29,2341,26.94,0.43,0.79,0.79,0.0014,1
active_human,524,219,249,0.89,0.56,0.01,0.3,0.0438,0
lurker_human,890,64,275,0.09,0.56,0.1,0.22,0.0192,0
follow_bot,35,78,8086,0.49,0.31,0.93,0.49,0.0002,1
active_human,309,121,102,2.3,0.91,0.09,0.35,0.1065,0
creator_human,1139,16596,1038,2.32,0.96,0.16,0.17,0.0322,0
active_human,311,284,372,1.28,0.9,0.12,0.15,0.0873,0
active_human,438,1231,957,1.86,0.85,0.16,0.22,0.1187,0
active_human,359,275,216,1.38,0.92,0.16,0.39,0.0222,0
follow_bot,50,89,8463,0.29,0.26,0.95,0.66,0.0016,1
compromised_bot,2037,957,6595,18.52,0.79,0.71,0.62,0.0059,1
lurker_human,663,135,142,0.14,0.57,0.04,0.25,0.0441,0
follow_bot,57,151,3992,1.22,0.26,0.9,0.55,0.0003,1
spambot,19,43,7490,20.29,0.32,0.73,0.99,0.0023,1
active_human,826,277,233,0.57,0.96,0.06,0.22,0.0369,0
active_human,879,273,254,1.12,0.83,0.07,0.39,0.1043,0
lurker_human,881,130,307,0.07,0.69,0.12,0.24,0.0411,0
creator_human,696,53411,254,1.22,0.91,0.14,0.18,0.0423,0
lurker_human,581,139,136,0.06,0.73,0.05,0.27,0.0541,0
active_human,608,176,232,0.25,0.69,0.18,0.32,0.0516,0
active_human,624,83,70,1.62,0.88,0.08,0.32,0.0738,0
lurker_human,807,75,167,0.07,0.5,0.04,0.21,0.0425,0
follow_bot,8,71,8199,1.32,0.37,0.95,0.51,0.002,1
active_human,331,341,361,1.44,0.77,0.13,0.27,0.0557,0
active_human,206,362,332,1.59,0.67,0.09,0.37,0.0933,0
lurker_human,305,56,168,0.09,0.43,0.06,0.24,0.0447,0
compromised_bot,2061,951,4659,25.42,0.8,0.86,0.86,0.0024,1
follow_bot,21,38,5423,0.56,0.33,0.93,0.78,0.0001,1
active_human,455,565,552,1.98,0.79,0.08,0.32,0.0587,0
spambot,11,35,3526,27.61,0.27,0.72,0.9,0.002,1
active_human,911,545,636,1.57,0.84,0.09,0.28,0.0606,0
active_human,463,498,695,1.32,0.8,0.22,0.34,0.0747,0
creator_human,1605,27659,303,1.44,0.94,0.15,0.27,0.0312,0
active_human,1529,219,226,0.35,0.9,0.03,0.39,0.0808,0
compromised_bot,810,1235,3534,38.27,0.77,0.92,0.86,0.0058,1
active_human,464,334,358,1.92,0.65,0.11,0.32,0.0935,0
active_human,611,177,137,0.22,0.76,0.04,0.39,0.0469,0
lurker_human,659,146,242,0.08,0.45,0.06,0.13,0.0361,0
creator_human,856,54402,704,1.99,0.98,0.17,0.27,0.0784,0
spambot,4,10,6095,20.83,0.33,0.8,0.93,0.0016,1
lurker_human,667,35,169,0.05,0.53,0.07,0.27,0.0571,0
spambot,2,26,4105,31.98,0.35,0.78,0.81,0.0011,1
active_human,289,184,190,0.27,0.92,0.17,0.18,0.1019,0
follow_bot,16,62,5934,1.32,0.51,0.89,0.41,0.0002,1
spambot,4,76,3598,30.29,0.28,0.88,0.94,0.0023,1
compromised_bot,1515,978,6741,36.02,0.65,0.9,0.76,0.0075,1
compromised_bot,983,912,5675,31.34,0.59,0.77,0.8,0.0026,1
creator_human,675,13287,727,3.54,0.88,0.23,0.24,0.0538,0
lurker_human,309,21,133,0.07,0.49,0.05,0.08,0.0248,0
creator_human,559,6316,570,2.07,0.86,0.24,0.23,0.1251,0
active_human,845,321,427,1.6,0.86,0.1,0.26,0.0601,0
active_human,294,410,530,1.76,0.67,0.22,0.32,0.0579,0
active_human,1043,213,265,0.72,0.98,0.16,0.28,0.1087,0
follow_bot,58,184,6196,0.93,0.24,0.9,0.44,0.0019,1
follow_bot,24,101,4386,1.41,0.34,0.87,0.63,0.0019,1
active_human,934,289,433,1.2,0.74,0.07,0.12,0.0798,0
creator_human,2746,68710,856,4.08,0.9,0.07,0.32,0.1063,0
active_human,193,156,177,1.55,0.92,0.07,0.36,0.0764,0
lurker_human,325,99,320,0.05,0.74,0.04,0.07,0.0363,0
active_human,441,210,238,2.08,0.68,0.2,0.25,0.0255,0
lurker_human,411,28,264,0.12,0.73,0.09,0.24,0.0217,0
active_human,289,254,233,1.09,0.86,0.14,0.28,0.0919,0
spambot,11,35,3077,30.49,0.28,0.81,0.96,0.0013,1
active_human,844,889,919,0.83,0.75,0.01,0.27,0.1158,0
lurker_human,587,78,346,0.08,0.46,0.06,0.23,0.0115,0
active_human,357,618,396,0.68,0.82,0.03,0.37,0.1007,0
active_human,759,76,94,1.65,0.88,0.18,0.12,0.1127,0
creator_human,1106,29139,783,3.15,0.91,0.24,0.16,0.0552,0
creator_human,1887,12069,1199,1.99,0.96,0.22,0.28,0.0914,0
active_human,411,149,168,1.35,0.78,0.08,0.17,0.1082,0
active_human,661,30,39,2.24,0.94,0.03,0.36,0.0614,0
active_human,359,1089,1413,0.59,0.93,0.08,0.24,0.1077,0
active_human,1043,541,681,0.75,0.78,0.12,0.16,0.1031,0
spambot,7,19,3006,56.79,0.14,0.89,0.81,0.0,1
active_human,217,445,395,1.81,0.74,0.06,0.36,0.1117,0
compromised_bot,1028,736,3767,30.68,0.68,0.66,0.88,0.0015,1
spambot,24,18,2780,21.77,0.26,0.93,0.82,0.0014,1
active_human,244,223,267,2.29,0.65,0.12,0.15,0.0383,0
active_human,567,143,153,0.33,0.81,0.24,0.11,0.079,0
lurker_human,136,29,346,0.15,0.57,0.09,0.16,0.0122,0
active_human,860,166,151,0.22,0.61,0.14,0.38,0.0608,0
active_human,855,252,201,0.46,0.62,0.1,0.15,0.0952,0
compromised_bot,2407,1037,3529,15.68,0.67,0.87,0.86,0.0054,1
spambot,3,7,4350,21.63,0.37,0.77,0.97,0.0022,1
spambot,4,36,6702,20.2,0.44,0.95,0.81,0.0025,1
lurker_human,167,117,75,0.13,0.57,0.06,0.2,0.0412,0
active_human,432,361,480,2.06,0.87,0.31,0.24,0.0376,0
active_human,161,462,588,1.45,0.87,0.16,0.21,0.0995,0
lurker_human,340,67,158,0.08,0.45,0.08,0.19,0.0457,0
compromised_bot,1786,1270,4260,44.07,0.65,0.81,0.89,0.0028,1
follow_bot,46,23,8744,1.43,0.37,0.85,0.58,0.0001,1
lurker_human,429,33,266,0.07,0.69,0.11,0.08,0.0366,0
active_human,150,485,367,2.16,0.79,0.08,0.16,0.087,0
active_human,1245,189,181,0.49,0.58,0.05,0.36,0.1128,0
compromised_bot,855,776,5251,12.73,0.54,0.8,0.65,0.0078,1
active_human,913,744,568,1.06,0.75,0.1,0.33,0.0464,0
active_human,455,260,213,2.38,0.96,0.44,0.16,0.0773,0
active_human,380,250,239,2.0,0.85,0.04,0.29,0.0876,0
spambot,13,50,3148,15.68,0.16,0.98,0.77,0.002,1
active_human,481,110,134,1.1,0.92,0.12,0.19,0.0623,0
active_human,374,173,154,0.41,0.49,0.09,0.34,0.0737,0
active_human,312,101,105,0.55,0.56,0.12,0.23,0.0556,0
lurker_human,464,71,387,0.13,0.5,0.03,0.08,0.0408,0
lurker_human,699,23,128,0.02,0.51,0.08,0.22,0.0243,0
lurker_human,276,78,50,0.14,0.47,0.04,0.12,0.0164,0
creator_human,707,45606,952,3.66,0.88,0.22,0.19,0.1371,0
lurker_human,514,79,293,0.04,0.49,0.06,0.14,0.0557,0
active_human,1422,590,708,1.81,0.93,0.02,0.26,0.0208,0
active_human,683,178,230,1.76,0.82,0.2,0.36,0.0278,0
active_human,294,410,467,2.43,0.84,0.14,0.17,0.0694,0
compromised_bot,2041,1310,6633,21.82,0.69,0.87,0.84,0.0033,1
spambot,17,20,2995,61.55,0.38,0.9,0.82,0.0025,1
lurker_human,885,40,196,0.13,0.45,0.06,0.17,0.0118,0
active_human,661,331,458,1.56,0.9,0.33,0.23,0.0389,0
lurker_human,1063,118,86,0.03,0.65,0.07,0.27,0.056,0
active_human,577,224,254,1.83,0.94,0.04,0.32,0.0876,0
spambot,11,49,2531,26.1,0.39,0.87,0.86,0.0028,1
active_human,802,167,145,0.9,0.92,0.17,0.34,0.0803,0
active_human,723,226,180,0.94,0.88,0.11,0.3,0.109,0
lurker_human,316,58,396,0.08,0.61,0.05,0.3,0.0434,0
active_human,928,73,79,2.44,0.86,0.03,0.33,0.022,0
follow_bot,47,96,4671,1.15,0.5,0.96,0.67,0.001,1
creator_human,1270,8809,641,2.25,0.89,0.18,0.29,0.1345,0
active_human,647,812,875,1.53,0.74,0.11,0.19,0.1038,0
active_human,446,375,540,2.26,0.94,0.24,0.1,0.068,0
active_human,464,146,139,0.37,0.72,0.12,0.23,0.1134,0
lurker_human,266,109,385,0.13,0.6,0.07,0.23,0.039,0
active_human,566,305,435,0.59,0.67,0.02,0.32,0.0462,0
follow_bot,10,101,3591,0.96,0.24,0.91,0.69,0.0013,1
creator_human,806,5864,402,2.19,0.92,0.22,0.21,0.1408,0
active_human,469,716,699,1.25,0.86,0.15,0.17,0.0629,0
spambot,20,32,1569,57.79,0.34,0.75,0.81,0.0024,1
lurker_human,422,95,374,0.02,0.65,0.1,0.11,0.011,0
active_human,222,181,187,1.7,0.89,0.09,0.16,0.0637,0
active_human,304,200,135,0.68,0.76,0.15,0.36,0.0233,0
compromised_bot,1992,1189,3732,18.75,0.79,0.8,0.64,0.005,1
lurker_human,802,99,283,0.01,0.62,0.04,0.29,0.0197,0
active_human,646,262,302,1.69,0.87,0.06,0.22,0.035,0
lurker_human,241,135,222,0.08,0.7,0.09,0.17,0.0229,0
follow_bot,46,116,3306,1.19,0.5,0.92,0.42,0.0006,1
active_human,731,565,550,0.21,0.94,0.34,0.12,0.114,0
active_human,383,364,466,0.8,0.92,0.07,0.29,0.0929,0
compromised_bot,2492,875,4158,12.21,0.71,0.67,0.87,0.0047,1
spambot,27,47,2261,53.17,0.31,0.77,0.99,0.0027,1
active_human,284,498,717,2.46,0.96,0.08,0.16,0.0888,0
active_human,906,418,419,2.13,0.92,0.05,0.37,0.0304,0
spambot,18,21,6773,20.1,0.24,0.72,0.95,0.0003,1
spambot,1,8,2764,46.83,0.18,0.89,0.94,0.0014,1
creator_human,928,13289,515,3.8,0.91,0.1,0.23,0.1291,0
active_human,887,159,215,2.21,0.93,0.17,0.37,0.0302,0
spambot,25,39,7324,58.51,0.15,0.74,0.79,0.0029,1
spambot,25,5,2958,31.82,0.18,0.83,0.88,0.0019,1
active_human,372,242,235,0.68,0.75,0.04,0.26,0.1131,0
compromised_bot,2330,728,7527,17.48,0.54,0.85,0.8,0.0077,1
spambot,1,72,6353,58.13,0.26,0.86,0.98,0.0016,1
compromised_bot,873,453,4319,38.57,0.85,0.77,0.61,0.0066,1
creator_human,611,73245,917,2.75,0.9,0.24,0.28,0.079,0
active_human,529,143,173,2.48,0.88,0.07,0.27,0.0675,0
spambot,3,63,7455,45.79,0.34,0.81,0.96,0.0012,1
lurker_human,389,81,162,0.11,0.44,0.04,0.25,0.0283,0
active_human,293,393,313,1.84,0.76,0.04,0.23,0.0395,0
follow_bot,22,45,5407,0.44,0.46,0.99,0.79,0.0004,1
active_human,497,177,144,2.49,0.89,0.04,0.2,0.0407,0
active_human,450,95,120,1.77,0.72,0.04,0.39,0.1127,0
follow_bot,16,164,8935,0.81,0.43,0.9,0.52,0.0015,1
follow_bot,58,53,5822,0.45,0.34,0.88,0.63,0.002,1
spambot,9,56,2218,30.66,0.28,0.79,0.78,0.0013,1
active_human,513,663,662,1.74,0.78,0.15,0.18,0.1181,0
creator_human,2365,3931,1152,3.06,0.93,0.2,0.25,0.0807,0
active_human,1092,182,214,0.49,0.79,0.12,0.35,0.103,0
compromised_bot,2389,1401,7380,10.71,0.67,0.8,0.67,0.0019,1
creator_human,1264,22019,752,4.01,0.99,0.24,0.23,0.0394,0
active_human,1013,382,474,1.75,0.52,0.13,0.22,0.0485,0
active_human,484,707,552,0.26,0.85,0.08,0.2,0.1092,0
lurker_human,505,43,129,0.07,0.58,0.09,0.16,0.0495,0
creator_human,546,3857,198,2.64,0.89,0.11,0.25,0.0493,0
active_human,838,61,117,1.33,0.75,0.12,0.36,0.1157,0
lurker_human,564,56,102,0.02,0.4,0.07,0.14,0.0599,0
spambot,22,56,3546,53.77,0.3,0.91,0.79,0.0017,1
active_human,778,139,234,2.2,0.8,0.01,0.12,0.0947,0
active_human,322,383,332,2.17,0.61,0.17,0.29,0.0582,0
compromised_bot,1831,414,7256,41.55,0.59,0.89,0.9,0.0028,1
lurker_human,498,99,164,0.01,0.48,0.04,0.16,0.0186,0
follow_bot,33,41,8472,1.19,0.26,0.91,0.6,0.0002,1
lurker_human,503,141,125,0.02,0.68,0.11,0.29,0.0534,0
active_human,532,102,75,1.18,0.75,0.05,0.3,0.0913,0
spambot,6,52,3928,62.8,0.42,0.83,0.95,0.0014,1
lurker_human,675,45,57,0.07,0.67,0.08,0.21,0.0555,0
active_human,1097,307,286,2.24,0.88,0.11,0.34,0.0574,0
active_human,618,139,153,0.35,0.84,0.1,0.26,0.1119,0
follow_bot,15,99,8672,0.64,0.31,0.89,0.74,0.0001,1
spambot,3,73,4964,18.08,0.19,0.92,0.96,0.0007,1
lurker_human,921,88,64,0.1,0.7,0.01,0.15,0.0554,0
spambot,12,41,2716,32.39,0.28,0.88,0.85,0.0021,1
follow_bot,14,91,8611,0.78,0.45,0.86,0.6,0.0003,1
active_human,515,960,1292,2.39,0.68,0.03,0.19,0.0887,0
spambot,4,37,4225,35.46,0.2,0.93,0.94,0.0014,1
creator_human,1602,10075,231,1.93,0.93,0.14,0.24,0.0409,0
spambot,4,15,3406,63.04,0.27,0.73,0.86,0.0014,1
follow_bot,30,163,6849,1.33,0.37,0.91,0.41,0.001,1
creator_human,1941,5608,634,1.09,0.86,0.09,0.25,0.0955,0
active_human,723,1936,1419,0.53,0.87,0.21,0.17,0.0388,0
lurker_human,803,149,205,0.08,0.61,0.12,0.2,0.0336,0
creator_human,778,6280,1072,3.6,0.93,0.06,0.29,0.1267,0
active_human,335,1071,1408,0.27,0.87,0.15,0.29,0.0866,0
active_human,323,1075,1355,1.24,0.84,0.13,0.23,0.0254,0
lurker_human,258,86,298,0.02,0.61,0.03,0.11,0.0187,0
compromised_bot,2281,831,5956,24.62,0.76,0.68,0.84,0.0028,1
active_human,544,303,441,0.81,0.6,0.07,0.14,0.1058,0
active_human,357,102,145,0.63,0.89,0.12,0.25,0.0684,0
active_human,280,44,48,2.14,0.84,0.05,0.28,0.0557,0
creator_human,728,9248,144,2.87,0.98,0.17,0.16,0.1086,0
active_human,777,90,124,2.32,0.76,0.1,0.11,0.112,0
lurker_human,701,28,137,0.08,0.44,0.03,0.07,0.0387,0
creator_human,2026,13690,657,3.53,0.97,0.09,0.24,0.113,0
creator_human,837,27885,670,1.54,0.97,0.23,0.18,0.1281,0
compromised_bot,1600,296,5563,22.47,0.5,0.67,0.73,0.0038,1
active_human,270,180,168,1.36,0.61,0.09,0.31,0.0312,0
active_human,245,190,285,2.11,0.82,0.1,0.1,0.0792,0
follow_bot,47,159,6939,1.12,0.24,0.88,0.46,0.0016,1
active_human,296,771,1101,0.92,0.68,0.09,0.15,0.0962,0
spambot,32,46,2097,57.57,0.31,0.94,0.81,0.0016,1
lurker_human,532,126,392,0.03,0.61,0.04,0.07,0.0315,0
creator_human,1098,32057,272,3.64,0.95,0.18,0.26,0.0314,0
spambot,8,48,5179,55.9,0.31,0.77,0.8,0.001,1
lurker_human,1050,95,390,0.12,0.53,0.07,0.06,0.0121,0
active_human,828,350,387,0.57,0.88,0.14,0.29,0.0799,0
active_human,908,407,445,1.39,0.98,0.04,0.13,0.1046,0
spambot,4,34,3811,36.49,0.25,0.82,0.91,0.0015,1
lurker_human,1004,45,83,0.14,0.51,0.02,0.26,0.0599,0
active_human,709,213,222,2.32,0.78,0.01,0.14,0.1087,0
spambot,9,68,4211,52.04,0.37,0.91,0.92,0.0006,1
active_human,155,183,172,1.64,0.79,0.17,0.37,0.1014,0
lurker_human,562,61,200,0.03,0.5,0.03,0.25,0.0211,0
spambot,44,16,4510,17.09,0.32,0.86,0.85,0.0019,1
creator_human,2178,3449,259,2.38,0.99,0.13,0.27,0.1152,0
compromised_bot,1840,267,7728,34.14,0.74,0.73,0.78,0.0066,1
lurker_human,167,46,109,0.08,0.61,0.01,0.09,0.0416,0
lurker_human,341,132,285,0.1,0.69,0.08,0.13,0.0428,0
active_human,544,321,243,1.97,0.75,0.1,0.12,0.0474,0
active_human,421,309,196,0.64,0.83,0.06,0.24,0.0755,0
follow_bot,10,174,7343,1.13,0.58,0.95,0.63,0.0019,1
lurker_human,373,129,116,0.11,0.68,0.07,0.28,0.0571,0
active_human,1681,492,672,1.1,0.85,0.32,0.13,0.0957,0
active_human,445,169,226,1.34,0.7,0.02,0.24,0.0399,0
active_human,535,84,109,0.95,0.8,0.03,0.34,0.0245,0
active_human,561,170,158,1.94,0.77,0.1,0.34,0.1135,0
follow_bot,33,23,5787,1.21,0.59,0.92,0.63,0.0009,1
spambot,15,74,3265,42.06,0.13,0.71,0.94,0.0008,1
active_human,888,378,407,0.58,0.88,0.03,0.21,0.0849,0
spambot,4,20,2528,36.44,0.16,0.96,0.93,0.0006,1
active_human,578,561,572,0.52,0.92,0.1,0.24,0.0583,0
active_human,293,184,188,1.0,0.8,0.12,0.23,0.0394,0
active_human,1381,743,957,1.22,0.83,0.27,0.34,0.0865,0
active_human,578,907,643,0.86,0.94,0.09,0.19,0.0213,0
active_human,443,271,210,1.93,0.88,0.06,0.26,0.0783,0
lurker_human,342,77,325,0.13,0.69,0.03,0.23,0.0245,0
active_human,873,118,85,0.44,0.9,0.02,0.29,0.0346,0
active_human,426,402,547,2.48,0.89,0.01,0.18,0.1035,0
active_human,382,327,303,1.68,0.8,0.03,0.13,0.0282,0
active_human,581,25,34,0.59,0.69,0.11,0.39,0.118,0
lurker_human,357,67,304,0.05,0.69,0.03,0.11,0.0421,0
active_human,579,232,354,0.85,0.63,0.1,0.11,0.0804,0
spambot,14,52,6174,18.46,0.17,0.78,0.94,0.0005,1
active_human,392,86,136,0.47,0.51,0.22,0.28,0.1033,0
active_human,305,40,76,1.21,0.86,0.19,0.15,0.0452,0
active_human,507,378,253,2.37,0.73,0.07,0.22,0.0463,0
active_human,144,238,236,1.4,0.69,0.06,0.22,0.0649,0
compromised_bot,1648,261,5969,15.78,0.82,0.78,0.68,0.0043,1
compromised_bot,1698,362,7259,40.53,0.52,0.77,0.65,0.0059,1
active_human,259,526,731,1.59,0.79,0.12,0.35,0.1187,0
active_human,938,2906,2880,1.39,0.84,0.08,0.11,0.0505,0
spambot,1,37,3351,34.63,0.3,0.84,0.91,0.0019,1
lurker_human,275,46,120,0.08,0.51,0.09,0.07,0.0557,0
active_human,476,36,38,2.12,0.9,0.01,0.34,0.0981,0
active_human,853,408,322,1.24,0.93,0.05,0.32,0.097,0
lurker_human,313,24,159,0.03,0.52,0.07,0.19,0.0165,0
lurker_human,773,38,67,0.11,0.58,0.08,0.15,0.0484,0
lurker_human,394,99,240,0.11,0.68,0.04,0.06,0.0566,0
active_human,534,111,107,0.77,0.83,0.17,0.11,0.0955,0
active_human,1040,226,197,1.43,0.68,0.1,0.3,0.0847,0
active_human,692,790,811,1.52,0.76,0.04,0.27,0.099,0
spambot,15,72,3021,41.68,0.14,0.93,0.81,0.0023,1
compromised_bot,1014,1294,7287,10.78,0.68,0.73,0.79,0.0061,1
follow_bot,58,35,5030,0.79,0.52,0.92,0.61,0.0015,1
spambot,8,32,2016,64.78,0.14,0.7,0.96,0.0007,1
spambot,25,55,1673,29.7,0.35,0.73,0.85,0.0025,1
active_human,572,1969,2734,1.52,0.68,0.04,0.38,0.1006,0
spambot,1,18,7139,16.73,0.2,0.92,0.8,0.0021,1
creator_human,982,6372,831,2.3,0.96,0.16,0.23,0.0979,0
active_human,784,315,267,0.7,0.77,0.02,0.22,0.0674,0
lurker_human,466,76,359,0.1,0.6,0.05,0.05,0.0164,0
spambot,10,62,6589,28.2,0.43,0.8,0.97,0.0009,1
lurker_human,709,116,302,0.1,0.48,0.07,0.21,0.0443,0
spambot,6,37,5756,64.08,0.41,0.97,0.84,0.0024,1
creator_human,805,24520,368,2.01,0.89,0.12,0.2,0.0914,0
lurker_human,1453,103,141,0.07,0.51,0.09,0.25,0.0496,0
compromised_bot,1137,1122,5365,29.25,0.67,0.82,0.81,0.0018,1
spambot,3,79,5285,63.8,0.43,0.72,0.86,0.0006,1
lurker_human,568,50,68,0.06,0.61,0.04,0.28,0.0535,0
creator_human,755,4853,785,1.28,0.94,0.24,0.25,0.1387,0
follow_bot,18,171,7913,0.71,0.3,0.95,0.7,0.0004,1
compromised_bot,1434,794,4113,32.54,0.77,0.88,0.87,0.0061,1
compromised_bot,1754,1129,6691,10.24,0.58,0.68,0.68,0.0022,1
active_human,364,355,502,0.67,0.97,0.06,0.26,0.1193,0
active_human,859,74,95,0.26,0.83,0.41,0.16,0.1021,0
compromised_bot,2212,382,5344,31.3,0.75,0.79,0.67,0.0071,1
spambot,35,23,5000,55.37,0.32,0.79,0.99,0.0008,1
active_human,369,228,278,1.0,0.79,0.05,0.19,0.0548,0
lurker_human,205,100,259,0.15,0.62,0.12,0.13,0.0452,0
active_human,393,48,61,1.48,0.82,0.07,0.1,0.119,0
spambot,16,17,4953,39.65,0.4,0.87,0.91,0.003,1
active_human,596,156,134,2.1,0.84,0.07,0.37,0.1088,0
follow_bot,56,40,4553,0.35,0.39,0.92,0.6,0.0011,1
active_human,872,105,139,1.62,0.72,0.08,0.26,0.034,0
lurker_human,147,34,227,0.11,0.56,0.06,0.16,0.0305,0
lurker_human,673,54,356,0.02,0.4,0.06,0.1,0.0111,0
lurker_human,442,67,390,0.14,0.65,0.09,0.1,0.0217,0
lurker_human,384,91,188,0.1,0.65,0.06,0.18,0.0526,0
spambot,35,66,2994,50.01,0.28,0.75,0.92,0.0009,1
active_human,321,168,201,0.8,0.84,0.04,0.35,0.0475,0
lurker_human,660,63,156,0.05,0.49,0.12,0.09,0.0494,0
compromised_bot,1695,1192,7363,11.42,0.64,0.93,0.6,0.0051,1
lurker_human,959,84,188,0.13,0.41,0.06,0.15,0.0255,0
lurker_human,963,61,388,0.15,0.43,0.11,0.17,0.0412,0
follow_bot,5,111,4263,0.67,0.35,0.99,0.73,0.0002,1
active_human,323,215,173,1.71,0.72,0.08,0.32,0.1006,0
active_human,369,207,164,2.29,0.85,0.2,0.18,0.1156,0
active_human,377,136,130,1.47,0.96,0.04,0.39,0.0655,0
follow_bot,53,117,7111,0.78,0.57,0.93,0.6,0.0012,1
spambot,2,44,4980,36.78,0.13,0.92,0.84,0.0003,1
creator_human,1009,40994,1016,2.28,0.99,0.15,0.24,0.1497,0
lurker_human,539,21,194,0.13,0.63,0.06,0.14,0.011,0
follow_bot,25,104,4236,1.32,0.56,0.98,0.62,0.0013,1
lurker_human,238,93,356,0.08,0.63,0.07,0.17,0.0186,0
active_human,432,171,155,1.51,0.7,0.04,0.15,0.0843,0
lurker_human,478,72,303,0.13,0.51,0.1,0.08,0.0519,0
active_human,184,173,252,1.89,0.96,0.12,0.18,0.0455,0
creator_human,1911,2799,1093,1.94,0.87,0.17,0.18,0.081,0
lurker_human,773,91,216,0.08,0.64,0.11,0.09,0.0152,0
active_human,1406,106,156,0.88,0.89,0.16,0.35,0.021,0
compromised_bot,1353,212,6213,14.94,0.51,0.89,0.78,0.006,1
active_human,1220,257,290,0.26,0.6,0.35,0.14,0.0756,0
active_human,1400,130,157,1.9,0.61,0.01,0.12,0.1092,0
active_human,828,463,344,1.18,0.82,0.14,0.37,0.0609,0
compromised_bot,822,538,5016,23.37,0.69,0.79,0.64,0.0055,1
active_human,1114,123,158,0.22,0.83,0.02,0.24,0.0392,0
active_human,437,62,94,2.09,0.83,0.01,0.34,0.034,0
spambot,15,39,6293,27.7,0.4,0.9,0.88,0.0018,1
active_human,236,222,272,0.95,0.72,0.26,0.38,0.0794,0
follow_bot,28,47,4571,1.38,0.57,0.92,0.4,0.0002,1
creator_human,1184,9758,675,2.71,0.94,0.17,0.23,0.0665,0
spambot,29,58,7286,50.86,0.37,0.75,0.85,0.0015,1
active_human,176,299,325,2.48,0.82,0.35,0.24,0.0248,0
follow_bot,6,131,3716,0.69,0.46,0.89,0.43,0.0008,1
lurker_human,1219,112,130,0.04,0.4,0.09,0.27,0.0407,0
active_human,482,57,76,2.33,0.9,0.17,0.11,0.0945,0
active_human,489,152,174,1.72,0.92,0.21,0.37,0.0894,0
active_human,351,43,65,0.26,0.71,0.24,0.22,0.0811,0
active_human,473,274,216,0.6,0.68,0.03,0.18,0.0699,0
active_human,331,121,98,1.31,0.45,0.06,0.32,0.0994,0
active_human,540,390,488,1.74,0.64,0.16,0.18,0.0219,0
spambot,16,57,5094,62.12,0.45,0.72,0.82,0.0011,1
spambot,14,9,4053,32.82,0.19,0.77,0.98,0.0019,1
active_human,735,511,374,0.45,0.87,0.31,0.11,0.0767,0
active_human,717,225,292,0.5,0.67,0.21,0.34,0.0481,0
creator_human,1225,17152,773,2.61,0.87,0.18,0.24,0.128,0
active_human,459,538,553,1.63,0.79,0.09,0.21,0.0281,0
active_human,570,1151,754,0.74,0.9,0.03,0.25,0.0332,0
compromised_bot,878,368,6530,37.73,0.67,0.74,0.65,0.0055,1
compromised_bot,1756,638,6902,25.18,0.78,0.74,0.68,0.0053,1
lurker_human,197,69,191,0.08,0.74,0.08,0.05,0.0341,0
lurker_human,369,74,244,0.04,0.67,0.06,0.1,0.0552,0
active_human,768,254,306,2.42,0.72,0.07,0.11,0.1146,0
compromised_bot,1769,753,6477,39.85,0.61,0.81,0.75,0.0035,1
follow_bot,36,51,7793,1.38,0.24,0.96,0.46,0.0008,1
lurker_human,195,115,171,0.07,0.73,0.09,0.16,0.0385,0
spambot,14,68,6439,32.84,0.2,0.76,0.76,0.0001,1
follow_bot,9,89,4796,0.2,0.48,0.88,0.64,0.0017,1
spambot,21,41,3330,43.2,0.29,0.74,0.89,0.0009,1
active_human,584,356,440,0.41,0.88,0.07,0.11,0.1095,0
active_human,397,289,194,0.54,0.89,0.14,0.18,0.1124,0
spambot,13,56,6808,50.62,0.23,0.9,0.76,0.0012,1
lurker_human,642,146,379,0.07,0.55,0.04,0.14,0.0154,0
active_human,324,94,109,0.72,0.82,0.06,0.12,0.0356,0
lurker_human,625,55,308,0.09,0.56,0.08,0.29,0.0497,0
active_human,441,47,71,0.23,0.84,0.07,0.24,0.1061,0
compromised_bot,939,499,5387,42.74,0.83,0.68,0.89,0.0036,1
creator_human,2031,50940,689,3.98,0.97,0.11,0.21,0.1115,0
creator_human,999,5543,923,2.28,0.97,0.07,0.17,0.0545,0
active_human,296,323,237,2.16,0.85,0.04,0.3,0.0872,0
active_human,871,165,173,1.53,0.47,0.26,0.18,0.0474,0
active_human,294,150,193,1.74,0.6,0.07,0.18,0.1035,0
active_human,779,240,257,1.95,0.77,0.04,0.23,0.1132,0
active_human,320,214,264,2.37,0.95,0.14,0.26,0.1076,0
lurker_human,302,47,260,0.1,0.48,0.04,0.29,0.0274,0
active_human,348,277,264,0.83,0.77,0.01,0.38,0.0464,0
active_human,777,112,123,1.59,0.91,0.2,0.28,0.0518,0
creator_human,564,4501,1188,2.22,0.87,0.06,0.29,0.1074,0
active_human,504,754,942,1.27,0.91,0.15,0.38,0.0514,0
lurker_human,337,78,67,0.13,0.54,0.05,0.09,0.0292,0
follow_bot,24,198,5688,0.26,0.38,0.98,0.64,0.0014,1
active_human,707,960,622,0.45,0.67,0.28,0.32,0.062,0
compromised_bot,1940,440,4061,30.22,0.52,0.78,0.64,0.0029,1
active_human,1046,432,417,1.08,0.92,0.2,0.28,0.0512,0
compromised_bot,1821,349,4546,18.89,0.77,0.86,0.7,0.0048,1
active_human,526,208,310,1.65,0.77,0.06,0.27,0.0795,0
active_human,620,130,139,2.11,0.83,0.04,0.24,0.1017,0
lurker_human,260,137,86,0.02,0.44,0.04,0.29,0.0417,0
creator_human,930,71348,533,1.61,0.94,0.05,0.23,0.1483,0
active_human,188,140,229,0.39,0.54,0.15,0.12,0.0415,0
compromised_bot,1646,515,7288,17.8,0.64,0.95,0.84,0.005,1
active_human,210,158,176,1.13,0.94,0.07,0.26,0.0747,0
active_human,368,321,311,2.13,0.9,0.03,0.32,0.0828,0
active_human,632,449,540,0.7,0.66,0.08,0.13,0.1101,0
active_human,716,1923,2278,1.24,0.84,0.04,0.35,0.0664,0
spambot,12,41,5773,31.88,0.27,0.79,0.83,0.001,1
active_human,930,559,449,2.06,0.82,0.34,0.25,0.0223,0
active_human,757,66,102,1.41,0.83,0.13,0.31,0.0458,0
compromised_bot,910,1071,3606,11.92,0.75,0.92,0.79,0.0076,1
active_human,851,286,395,1.03,0.85,0.1,0.34,0.0802,0
creator_human,970,10059,511,2.46,0.99,0.23,0.29,0.1362,0
active_human,186,837,850,0.48,0.79,0.08,0.19,0.0452,0
active_human,129,147,144,1.06,0.66,0.1,0.11,0.0537,0
active_human,623,139,194,1.04,0.78,0.11,0.13,0.0647,0
spambot,3,41,3879,58.24,0.41,0.71,0.79,0.0004,1
active_human,583,72,118,0.99,0.88,0.08,0.31,0.0609,0
active_human,631,291,246,0.58,0.73,0.06,0.31,0.1104,0
follow_bot,17,135,4436,1.27,0.57,0.92,0.71,0.0012,1
active_human,646,398,385,1.54,0.82,0.09,0.31,0.1093,0
compromised_bot,1162,1047,3993,15.29,0.51,0.91,0.66,0.0013,1
active_human,249,159,256,1.84,0.88,0.1,0.32,0.0787,0
lurker_human,344,112,309,0.09,0.58,0.03,0.23,0.0451,0
compromised_bot,2102,501,3754,25.19,0.7,0.89,0.67,0.0034,1
spambot,13,65,4683,36.51,0.31,0.95,0.8,0.0024,1
active_human,880,364,315,2.04,0.79,0.17,0.1,0.0794,0
follow_bot,19,140,7670,0.19,0.56,0.97,0.53,0.0019,1
active_human,581,317,355,1.14,0.91,0.18,0.4,0.0802,0
spambot,20,25,7221,64.35,0.24,0.79,0.9,0.0025,1
compromised_bot,1696,598,4651,32.22,0.8,0.8,0.67,0.0022,1
active_human,1321,193,204,1.58,0.88,0.12,0.35,0.0892,0
spambot,12,48,3269,50.09,0.36,0.92,0.86,0.0013,1
active_human,252,350,502,0.31,0.65,0.04,0.24,0.0524,0
follow_bot,59,37,7130,1.14,0.53,0.95,0.58,0.0008,1
spambot,11,35,4773,39.22,0.13,0.74,0.81,0.0026,1
compromised_bot,902,898,6776,21.46,0.55,0.7,0.81,0.0011,1
active_human,609,293,234,1.38,0.68,0.19,0.33,0.0295,0
active_human,1151,78,115,0.27,0.8,0.13,0.39,0.0924,0
lurker_human,844,137,289,0.01,0.74,0.12,0.19,0.0135,0
lurker_human,684,109,244,0.02,0.44,0.11,0.18,0.0496,0
active_human,680,189,176,2.12,0.93,0.14,0.2,0.0957,0
lurker_human,390,46,61,0.13,0.6,0.03,0.21,0.0279,0
follow_bot,47,150,8037,0.23,0.36,1.0,0.72,0.0003,1
active_human,975,84,120,1.13,0.67,0.02,0.39,0.0268,0
lurker_human,480,135,137,0.1,0.55,0.08,0.06,0.0393,0
creator_human,635,23469,191,3.2,0.93,0.17,0.26,0.0628,0
active_human,396,323,275,0.98,0.88,0.06,0.19,0.105,0
lurker_human,296,73,224,0.14,0.65,0.11,0.11,0.0273,0
spambot,9,50,4694,58.88,0.2,0.93,0.79,0.001,1
lurker_human,658,75,239,0.1,0.5,0.04,0.08,0.0157,0
active_human,228,123,171,1.55,0.9,0.12,0.38,0.0273,0
follow_bot,12,47,8838,0.83,0.51,0.98,0.63,0.0008,1
compromised_bot,2093,1013,3560,31.42,0.63,0.65,0.73,0.0029,1
active_human,941,629,820,1.18,0.5,0.05,0.35,0.1124,0
creator_human,1443,7343,633,3.06,0.9,0.14,0.31,0.0494,0
active_human,348,556,428,2.44,0.75,0.11,0.25,0.0328,0
active_human,1602,51,52,0.65,0.86,0.35,0.39,0.0311,0
active_human,658,193,287,2.35,0.92,0.12,0.33,0.0851,0
active_human,356,440,634,2.46,0.74,0.11,0.14,0.1124,0
active_human,436,109,141,2.08,0.86,0.12,0.2,0.058,0
follow_bot,14,141,7841,0.39,0.59,0.96,0.6,0.0009,1
compromised_bot,1252,1375,3913,22.06,0.72,0.92,0.68,0.0045,1
compromised_bot,2132,335,7701,40.79,0.8,0.76,0.74,0.0011,1
active_human,243,217,262,2.3,0.79,0.11,0.25,0.0993,0
active_human,457,97,151,0.56,0.59,0.18,0.33,0.0345,0
lurker_human,581,124,176,0.02,0.57,0.03,0.25,0.031,0
spambot,47,9,3416,62.57,0.3,0.75,0.97,0.0026,1
follow_bot,10,116,3788,1.36,0.33,0.94,0.6,0.001,1
lurker_human,745,91,114,0.11,0.73,0.08,0.27,0.0514,0
active_human,350,270,237,1.41,0.78,0.08,0.39,0.0634,0
active_human,657,516,540,1.39,0.94,0.2,0.19,0.0465,0
active_human,225,325,272,1.37,0.59,0.05,0.23,0.0489,0
active_human,357,537,443,0.95,0.6,0.1,0.23,0.0257,0
lurker_human,396,149,341,0.07,0.41,0.07,0.18,0.052,0
creator_human,1966,89883,837,1.47,0.86,0.25,0.28,0.0951,0
spambot,28,66,5058,30.3,0.33,0.9,0.97,0.0007,1
lurker_human,570,145,329,0.06,0.49,0.04,0.14,0.0594,0
spambot,2,59,4242,45.2,0.12,0.94,0.91,0.0012,1
active_human,489,251,287,2.4,0.98,0.15,0.37,0.0865,0
creator_human,680,32926,1083,1.07,0.96,0.13,0.26,0.0438,0
compromised_bot,825,765,7253,33.9,0.72,0.91,0.78,0.0065,1
active_human,759,308,390,2.27,0.92,0.16,0.13,0.0772,0
active_human,929,181,133,0.68,0.81,0.04,0.23,0.0752,0
creator_human,1127,2248,141,2.35,0.93,0.17,0.34,0.1233,0
active_human,851,556,575,0.51,0.93,0.04,0.27,0.0938,0
lurker_human,1284,44,270,0.05,0.65,0.07,0.29,0.0236,0
active_human,636,456,353,1.54,0.94,0.1,0.38,0.0307,0
follow_bot,33,125,8751,0.24,0.23,0.86,0.63,0.0001,1
active_human,908,544,694,1.92,0.76,0.01,0.28,0.0934,0
lurker_human,301,53,277,0.1,0.45,0.1,0.28,0.0168,0
lurker_human,831,37,92,0.04,0.68,0.06,0.13,0.0179,0
active_human,337,107,111,1.91,0.82,0.04,0.34,0.1029,0
creator_human,1515,6829,1027,3.4,0.99,0.24,0.26,0.1181,0
compromised_bot,1508,434,5446,33.32,0.7,0.8,0.66,0.0073,1
active_human,284,138,163,2.07,0.78,0.13,0.21,0.093,0
active_human,998,64,98,0.91,0.75,0.27,0.32,0.0814,0
active_human,394,311,216,1.45,0.97,0.04,0.24,0.0874,0
lurker_human,492,36,222,0.11,0.67,0.03,0.2,0.0548,0
active_human,1205,212,189,0.33,0.81,0.04,0.15,0.0573,0
lurker_human,447,86,205,0.14,0.54,0.03,0.12,0.0527,0
creator_human,763,11497,212,4.35,0.87,0.15,0.26,0.089,0
follow_bot,11,111,7208,0.84,0.33,0.88,0.72,0.0012,1
lurker_human,357,72,75,0.07,0.58,0.1,0.14,0.0189,0
creator_human,777,25337,772,1.26,0.99,0.14,0.27,0.11,0
lurker_human,636,23,377,0.12,0.59,0.06,0.08,0.0142,0
active_human,614,225,272,1.15,0.58,0.06,0.16,0.1061,0
active_human,467,363,482,2.01,0.99,0.07,0.23,0.1139,0
lurker_human,528,103,96,0.1,0.68,0.06,0.25,0.0367,0
active_human,1020,512,347,0.86,0.95,0.05,0.37,0.0285,0
lurker_human,634,109,128,0.15,0.71,0.05,0.3,0.0102,0
active_human,919,174,254,0.75,0.77,0.13,0.13,0.1121,0
active_human,732,172,264,2.11,0.82,0.1,0.17,0.1077,0
follow_bot,29,195,3391,1.13,0.29,0.98,0.57,0.0001,1
active_human,718,334,444,2.39,0.73,0.11,0.21,0.0621,0
active_human,351,344,370,1.46,0.9,0.1,0.3,0.0351,0
compromised_bot,1287,1090,6126,30.27,0.51,0.83,0.68,0.0012,1
follow_bot,45,137,4817,0.5,0.28,1.0,0.54,0.0012,1
creator_human,1051,17188,1076,2.85,0.98,0.24,0.17,0.0626,0
compromised_bot,1825,561,4718,39.38,0.83,0.73,0.65,0.0044,1
spambot,4,18,7181,63.44,0.34,0.81,0.8,0.0011,1
active_human,738,170,140,2.1,0.5,0.01,0.32,0.0767,0
active_human,469,352,296,0.35,0.8,0.03,0.22,0.0854,0
compromised_bot,2277,1182,7486,40.99,0.52,0.94,0.68,0.0037,1
active_human,716,262,317,1.75,0.88,0.18,0.18,0.0843,0
spambot,6,11,3086,19.95,0.21,0.71,0.84,0.0006,1
creator_human,833,1106,214,3.54,0.97,0.11,0.23,0.1052,0
creator_human,1931,7949,336,2.76,0.98,0.1,0.34,0.1446,0
compromised_bot,1546,1426,4340,22.79,0.64,0.9,0.62,0.0032,1
compromised_bot,1264,842,3792,22.47,0.7,0.68,0.69,0.0045,1
active_human,285,406,566,1.75,0.75,0.06,0.39,0.0984,0
follow_bot,32,171,5834,0.49,0.43,0.89,0.52,0.0017,1
creator_human,1801,5608,389,4.26,0.89,0.19,0.35,0.1455,0
active_human,765,352,463,0.97,0.84,0.47,0.18,0.0295,0
active_human,303,391,353,0.62,0.66,0.03,0.39,0.0338,0
lurker_human,606,93,355,0.11,0.55,0.1,0.24,0.0132,0
creator_human,1385,2892,496,2.42,0.89,0.1,0.26,0.0437,0
lurker_human,316,76,202,0.04,0.59,0.1,0.2,0.0417,0
lurker_human,1029,81,262,0.05,0.56,0.03,0.21,0.035,0
active_human,512,79,103,1.51,0.94,0.04,0.19,0.071,0
follow_bot,49,141,8431,1.19,0.57,0.9,0.5,0.0008,1
active_human,606,679,559,1.35,0.75,0.05,0.21,0.0572,0
active_human,285,335,456,1.44,0.66,0.05,0.2,0.073,0
spambot,2,48,4588,30.43,0.31,0.75,0.9,0.0005,1
active_human,277,137,116,1.47,0.61,0.23,0.27,0.0894,0
spambot,34,55,5180,62.57,0.32,0.92,0.92,0.0006,1
active_human,565,1014,1017,0.71,0.75,0.24,0.13,0.1135,0
active_human,687,365,390,1.88,0.77,0.19,0.18,0.0694,0
creator_human,1877,19676,331,4.47,0.89,0.25,0.19,0.0733,0
spambot,17,21,6247,57.17,0.18,0.82,0.79,0.0018,1
active_human,1300,169,158,1.52,0.91,0.11,0.23,0.0862,0
spambot,31,8,5172,35.22,0.37,0.93,0.97,0.0021,1
active_human,203,261,283,1.47,0.68,0.13,0.24,0.1128,0
active_human,383,69,67,1.74,0.73,0.03,0.16,0.1065,0
active_human,231,138,137,0.32,0.77,0.19,0.26,0.1011,0
active_human,426,677,854,0.28,0.98,0.23,0.18,0.114,0
active_human,804,812,932,0.92,0.85,0.08,0.11,0.1144,0
active_human,423,75,126,1.15,0.66,0.07,0.11,0.0348,0
active_human,288,438,488,2.5,0.87,0.06,0.28,0.1074,0
spambot,17,28,5635,59.64,0.45,0.75,0.78,0.0004,1
spambot,17,67,2027,37.48,0.31,0.89,0.87,0.0014,1
creator_human,2554,29810,1125,2.18,0.92,0.18,0.34,0.0473,0
follow_bot,53,128,8295,0.93,0.59,0.9,0.56,0.0004,1
active_human,353,466,555,2.22,0.77,0.08,0.21,0.1089,0
lurker_human,647,58,318,0.12,0.46,0.07,0.3,0.0245,0
spambot,11,32,3148,53.15,0.16,0.88,0.77,0.0028,1
active_human,493,544,575,1.94,0.79,0.12,0.2,0.0413,0
compromised_bot,1658,1177,4875,26.26,0.76,0.72,0.67,0.0076,1
compromised_bot,1214,364,5435,35.23,0.72,0.68,0.88,0.0049,1
active_human,280,205,169,0.58,0.81,0.08,0.3,0.093,0
active_human,377,115,130,2.4,0.77,0.05,0.25,0.0227,0
spambot,8,8,1677,53.41,0.38,0.95,0.98,0.0012,1
creator_human,876,5055,596,3.48,0.86,0.2,0.29,0.0601,0
active_human,322,359,483,2.45,0.83,0.07,0.18,0.1108,0
lurker_human,183,124,336,0.05,0.49,0.06,0.21,0.0161,0
active_human,1156,67,110,0.28,0.76,0.12,0.32,0.0328,0
lurker_human,333,147,246,0.11,0.56,0.07,0.09,0.017,0
creator_human,996,10088,1015,1.25,0.98,0.15,0.23,0.0672,0
active_human,400,321,378,0.23,0.86,0.06,0.16,0.1107,0
active_human,1471,104,144,0.44,0.78,0.11,0.19,0.1131,0
creator_human,1628,5072,1013,1.43,0.89,0.21,0.27,0.1306,0
lurker_human,600,21,202,0.02,0.7,0.04,0.26,0.017,0
creator_human,1184,36304,500,3.58,0.99,0.14,0.18,0.0357,0
active_human,595,99,108,0.34,0.66,0.05,0.38,0.0981,0
active_human,497,355,445,0.38,0.91,0.16,0.38,0.0235,0
spambot,20,72,3946,61.54,0.37,0.85,0.8,0.0016,1
spambot,34,30,4273,45.42,0.11,0.91,0.77,0.0012,1
active_human,328,1087,1261,0.85,0.95,0.1,0.22,0.095,0
active_human,498,210,281,0.25,0.83,0.12,0.13,0.0774,0
creator_human,1839,83861,1192,1.62,0.94,0.16,0.25,0.0916,0
active_human,395,200,226,2.24,0.79,0.17,0.15,0.0827,0
active_human,561,152,146,1.75,0.9,0.02,0.3,0.0347,0
follow_bot,54,79,4660,0.73,0.42,0.98,0.52,0.0004,1
lurker_human,425,115,217,0.05,0.7,0.08,0.05,0.0503,0
active_human,301,71,77,2.04,0.94,0.1,0.23,0.1169,0
spambot,20,16,2920,63.73,0.34,0.95,0.92,0.0022,1
active_human,899,140,159,1.68,0.89,0.11,0.14,0.0653,0
lurker_human,445,41,255,0.07,0.56,0.09,0.13,0.0258,0
active_human,198,52,95,0.72,0.58,0.12,0.17,0.0304,0
spambot,6,77,6890,45.34,0.4,0.7,0.78,0.0003,1
spambot,2,70,6030,62.24,0.1,0.8,0.78,0.0004,1
follow_bot,35,74,5597,1.24,0.57,0.98,0.53,0.0012,1
active_human,521,195,292,1.25,0.86,0.36,0.13,0.0845,0
creator_human,1072,2978,628,3.01,1.0,0.1,0.22,0.0608,0
active_human,610,99,133,0.77,0.72,0.07,0.13,0.0905,0
active_human,562,59,97,2.38,0.74,0.03,0.37,0.063,0
lurker_human,506,89,301,0.05,0.69,0.02,0.08,0.0551,0
lurker_human,563,134,392,0.03,0.69,0.05,0.16,0.0114,0
active_human,753,376,456,0.63,0.89,0.18,0.31,0.027,0
follow_bot,11,156,4003,1.26,0.22,0.89,0.55,0.0004,1
active_human,596,72,123,1.18,0.91,0.09,0.3,0.1019,0
creator_human,2354,16310,439,4.27,0.96,0.06,0.23,0.1271,0
compromised_bot,2492,1387,4745,41.04,0.64,0.76,0.69,0.0021,1
active_human,343,104,152,0.29,0.87,0.12,0.32,0.0622,0
follow_bot,20,98,8190,1.21,0.24,0.86,0.72,0.0005,1
creator_human,1043,12762,812,3.77,0.95,0.22,0.17,0.0855,0
compromised_bot,1794,422,4457,42.84,0.5,0.7,0.85,0.0033,1
active_human,474,789,619,1.55,0.83,0.1,0.1,0.1034,0
active_human,561,1558,2111,2.46,0.95,0.02,0.14,0.0279,0
spambot,8,16,3076,45.53,0.18,0.87,0.9,0.0022,1
creator_human,1242,25036,273,3.22,0.88,0.05,0.22,0.0879,0
active_human,147,225,220,2.31,0.94,0.03,0.35,0.0549,0
lurker_human,520,51,226,0.03,0.57,0.12,0.14,0.0286,0
active_human,887,483,707,0.34,0.82,0.16,0.26,0.0715,0
spambot,2,6,1770,21.97,0.25,0.95,0.88,0.0011,1
active_human,958,155,152,2.2,0.91,0.28,0.37,0.025,0
lurker_human,158,27,242,0.13,0.53,0.11,0.21,0.0567,0
spambot,2,56,3743,23.51,0.27,0.83,0.98,0.0013,1
spambot,43,15,1543,25.43,0.27,0.8,0.85,0.0011,1
follow_bot,15,104,8363,0.72,0.26,0.95,0.71,0.0013,1
creator_human,1570,3902,914,3.09,0.88,0.11,0.23,0.0724,0
lurker_human,1044,23,273,0.03,0.67,0.1,0.11,0.0304,0
lurker_human,1410,25,265,0.02,0.65,0.02,0.17,0.0514,0
lurker_human,605,129,237,0.13,0.64,0.05,0.16,0.0172,0
active_human,659,209,182,1.26,0.88,0.25,0.4,0.1019,0
creator_human,1305,9382,163,2.79,0.88,0.24,0.27,0.0927,0
active_human,480,169,184,2.45,0.88,0.15,0.12,0.1033,0
active_human,281,111,158,1.8,0.86,0.03,0.33,0.0818,0
spambot,7,41,5602,45.75,0.39,0.85,0.8,0.0016,1
active_human,1510,666,789,1.39,0.87,0.0,0.38,0.1058,0
active_human,463,325,241,0.32,0.86,0.1,0.38,0.0506,0
active_human,929,414,316,2.14,0.71,0.16,0.21,0.0869,0
active_human,382,75,122,1.43,0.79,0.11,0.28,0.0474,0
spambot,3,27,4477,41.74,0.29,0.73,0.98,0.0017,1
active_human,895,148,158,1.02,0.73,0.1,0.13,0.1191,0
active_human,577,79,90,0.52,0.78,0.08,0.39,0.0708,0
creator_human,1153,84373,712,4.04,0.92,0.15,0.32,0.1186,0
active_human,535,182,285,2.22,0.41,0.04,0.21,0.083,0
spambot,4,72,5104,29.5,0.17,0.81,0.93,0.0029,1
follow_bot,5,78,4169,0.42,0.22,0.94,0.45,0.0007,1
spambot,2,15,4526,18.08,0.45,0.81,0.97,0.0009,1
spambot,4,72,4919,56.23,0.39,0.92,0.95,0.0006,1
lurker_human,885,117,51,0.1,0.49,0.06,0.23,0.0356,0
compromised_bot,994,1410,6062,17.85,0.63,0.72,0.77,0.0066,1
spambot,7,71,7382,44.68,0.12,0.9,0.92,0.0011,1
follow_bot,55,24,3656,0.39,0.37,0.98,0.49,0.0008,1
active_human,528,112,165,0.93,0.77,0.07,0.22,0.0214,0
spambot,14,29,2676,29.08,0.13,0.96,0.87,0.0003,1
follow_bot,16,118,6763,1.39,0.47,0.92,0.44,0.0016,1
active_human,617,91,102,1.11,0.93,0.05,0.27,0.0315,0
compromised_bot,2406,526,5661,31.18,0.64,0.69,0.83,0.0035,1
spambot,11,41,7010,41.76,0.28,0.77,0.97,0.0014,1
active_human,180,246,269,2.33,0.89,0.2,0.25,0.0829,0
lurker_human,633,113,298,0.07,0.64,0.06,0.27,0.0266,0
active_human,726,550,590,2.36,0.7,0.16,0.33,0.0929,0
active_human,632,475,456,1.9,0.92,0.05,0.3,0.1055,0
compromised_bot,1159,739,4310,16.93,0.69,0.95,0.77,0.0013,1
spambot,8,32,4552,24.9,0.42,0.82,0.93,0.0016,1
active_human,627,266,333,2.46,0.88,0.03,0.35,0.0284,0
spambot,2,44,6300,30.21,0.33,0.84,0.84,0.0019,1
compromised_bot,1530,395,4597,31.32,0.78,0.77,0.74,0.0071,1
lurker_human,417,80,135,0.11,0.42,0.06,0.22,0.0483,0
lurker_human,531,40,356,0.13,0.57,0.09,0.09,0.0435,0
active_human,451,236,188,0.64,0.77,0.03,0.3,0.0552,0
active_human,336,154,147,1.28,0.8,0.06,0.17,0.0839,0
lurker_human,1159,51,182,0.1,0.41,0.06,0.06,0.0193,0
creator_human,627,75490,750,3.68,0.96,0.23,0.15,0.056,0
follow_bot,33,88,6529,0.18,0.44,0.94,0.41,0.001,1
creator_human,622,30789,646,1.72,0.96,0.2,0.25,0.1377,0
compromised_bot,905,1277,4800,24.13,0.61,0.93,0.84,0.0018,1
active_human,242,296,252,1.95,0.75,0.05,0.17,0.08,0
active_human,223,678,661,0.49,0.73,0.16,0.38,0.0285,0
active_human,516,1055,810,1.98,0.87,0.04,0.35,0.1113,0
active_human,1479,417,435,0.72,0.93,0.03,0.36,0.0483,0
follow_bot,20,157,7318,0.44,0.36,0.98,0.78,0.002,1
compromised_bot,2359,339,4863,15.17,0.62,0.9,0.87,0.0023,1
creator_human,1182,30884,582,2.32,0.94,0.14,0.15,0.1493,0
lurker_human,729,82,310,0.12,0.49,0.1,0.12,0.0117,0
lurker_human,512,112,230,0.15,0.63,0.05,0.28,0.0383,0
active_human,1503,241,359,0.89,0.94,0.26,0.22,0.0851,0
active_human,1222,37,74,2.44,0.96,0.05,0.39,0.0549,0
follow_bot,20,163,3867,0.42,0.35,0.95,0.43,0.0012,1
compromised_bot,847,1431,6728,28.99,0.57,0.81,0.68,0.003,1
spambot,1,28,4646,44.31,0.37,0.91,0.76,0.0027,1
active_human,1421,447,660,1.67,0.73,0.01,0.11,0.0352,0
active_human,337,1335,1549,1.08,0.68,0.17,0.12,0.1043,0
active_human,497,595,586,1.29,0.66,0.03,0.31,0.0907,0
compromised_bot,1775,208,5926,39.02,0.75,0.66,0.71,0.0054,1
lurker_human,318,32,123,0.12,0.59,0.09,0.21,0.0176,0
follow_bot,14,180,3185,1.13,0.31,0.9,0.52,0.0015,1
creator_human,1025,40204,358,1.53,0.91,0.15,0.22,0.0687,0
spambot,4,43,5199,45.96,0.16,0.72,0.91,0.0027,1
lurker_human,272,96,326,0.07,0.42,0.1,0.06,0.045,0
active_human,518,260,323,1.28,0.96,0.02,0.11,0.088,0
lurker_human,655,42,352,0.12,0.74,0.05,0.2,0.0555,0
spambot,13,42,2055,18.48,0.28,0.72,0.93,0.0016,1
compromised_bot,2248,723,4061,13.12,0.64,0.68,0.66,0.0011,1
active_human,425,473,510,0.64,0.96,0.02,0.3,0.1044,0
spambot,8,66,6886,24.31,0.2,0.92,0.96,0.0022,1
lurker_human,1091,27,251,0.06,0.56,0.08,0.05,0.0595,0
active_human,575,633,807,1.41,0.76,0.08,0.3,0.0735,0
creator_human,623,6574,639,3.33,0.91,0.24,0.29,0.1205,0
active_human,440,97,150,1.0,0.72,0.06,0.2,0.0354,0
lurker_human,582,32,211,0.14,0.44,0.06,0.06,0.035,0
active_human,909,926,1224,0.86,0.86,0.05,0.13,0.0491,0
active_human,820,131,133,0.46,0.85,0.06,0.32,0.0857,0
creator_human,1231,19576,554,4.5,0.92,0.14,0.32,0.1267,0
spambot,10,24,2214,31.84,0.32,0.84,0.84,0.0026,1
active_human,234,233,234,0.58,0.88,0.09,0.28,0.084,0
active_human,417,226,313,0.66,0.64,0.21,0.26,0.0344,0
creator_human,1612,12541,948,2.84,0.91,0.25,0.21,0.0633,0
follow_bot,28,102,3954,0.11,0.5,0.96,0.72,0.0019,1
active_human,631,209,260,1.7,0.97,0.07,0.12,0.1139,0
lurker_human,769,66,134,0.12,0.61,0.07,0.06,0.0427,0
active_human,521,609,494,1.3,0.96,0.06,0.21,0.0457,0
spambot,7,49,4922,35.18,0.35,0.96,0.91,0.0014,1
spambot,16,24,3774,19.78,0.11,0.83,0.95,0.0009,1
active_human,770,356,314,1.8,0.83,0.1,0.24,0.0283,0
spambot,1,34,6643,32.35,0.14,0.77,0.88,0.0028,1
lurker_human,357,46,384,0.11,0.51,0.1,0.14,0.0228,0
follow_bot,6,199,3122,1.07,0.29,0.94,0.75,0.0014,1
active_human,998,834,662,0.26,0.89,0.29,0.31,0.0582,0
compromised_bot,1545,439,6393,22.75,0.73,0.91,0.64,0.0067,1
follow_bot,28,183,7804,0.46,0.23,0.96,0.52,0.0009,1
active_human,631,722,741,1.93,0.95,0.18,0.22,0.0452,0
lurker_human,675,127,255,0.12,0.43,0.03,0.29,0.0353,0
active_human,487,91,136,2.29,0.97,0.08,0.25,0.1134,0
active_human,300,303,281,1.18,0.99,0.1,0.14,0.0256,0
creator_human,683,8287,634,3.02,0.97,0.21,0.33,0.1414,0
active_human,528,246,248,0.31,0.93,0.09,0.31,0.0942,0
spambot,7,46,6161,27.97,0.29,0.77,0.91,0.0015,1
spambot,45,51,4967,31.73,0.21,0.74,0.94,0.0023,1
lurker_human,616,149,347,0.04,0.48,0.06,0.24,0.0232,0
active_human,231,377,357,1.38,0.81,0.07,0.37,0.0844,0
lurker_human,951,22,96,0.08,0.69,0.11,0.08,0.0416,0
creator_human,870,16954,130,1.78,0.92,0.06,0.25,0.0756,0
active_human,1264,291,430,1.63,0.5,0.0,0.18,0.0447,0
compromised_bot,2118,311,6659,40.49,0.77,0.9,0.89,0.0037,1
active_human,1036,288,223,1.03,0.52,0.09,0.33,0.0554,0
compromised_bot,1193,1273,7991,38.72,0.63,0.9,0.89,0.004,1
creator_human,1565,12609,793,2.14,0.88,0.07,0.27,0.1359,0
active_human,571,102,179,1.48,0.84,0.12,0.28,0.089,0
active_human,587,243,250,1.41,0.93,0.13,0.33,0.0924,0
spambot,13,39,6911,47.77,0.26,0.83,0.84,0.0028,1
active_human,1323,442,470,2.29,0.74,0.1,0.29,0.1145,0
active_human,227,248,357,0.51,0.76,0.09,0.22,0.0256,0
lurker_human,658,129,117,0.09,0.61,0.05,0.16,0.0517,0
lurker_human,513,40,326,0.05,0.48,0.1,0.2,0.0455,0
follow_bot,21,92,3011,1.3,0.56,0.92,0.51,0.0003,1
spambot,6,12,6501,48.55,0.33,0.86,0.76,0.0028,1
creator_human,1346,82202,430,3.21,0.96,0.21,0.3,0.0572,0
compromised_bot,1176,289,6355,42.78,0.6,0.86,0.7,0.0078,1
active_human,641,56,75,0.48,0.76,0.12,0.39,0.0442,0
lurker_human,246,111,51,0.15,0.61,0.05,0.26,0.0246,0
active_human,870,741,1041,1.59,0.84,0.31,0.2,0.0612,0
active_human,413,960,1311,1.59,0.87,0.1,0.38,0.0472,0
spambot,2,9,4774,59.2,0.29,0.87,0.97,0.0021,1
spambot,14,44,4352,55.19,0.44,0.92,0.92,0.0004,1
follow_bot,51,184,5911,1.28,0.3,0.9,0.49,0.0018,1
lurker_human,296,39,216,0.06,0.62,0.08,0.12,0.0175,0
active_human,1281,434,311,1.36,0.92,0.15,0.16,0.0206,0
spambot,42,38,2198,46.85,0.36,0.96,0.91,0.0029,1
active_human,589,41,34,1.63,0.68,0.05,0.37,0.0634,0
active_human,323,70,94,1.03,0.83,0.25,0.12,0.0788,0
spambot,8,66,2840,19.41,0.17,0.74,0.87,0.0016,1
compromised_bot,2033,864,6231,28.43,0.68,0.91,0.66,0.0013,1
spambot,7,10,4586,21.84,0.4,0.83,0.79,0.0004,1
compromised_bot,2484,811,5221,23.51,0.75,0.65,0.7,0.0031,1
follow_bot,55,96,4041,0.47,0.44,0.87,0.5,0.0006,1
creator_human,1646,119319,1150,3.68,0.91,0.2,0.34,0.0899,0
lurker_human,548,119,378,0.04,0.42,0.07,0.26,0.0303,0
spambot,28,49,2231,44.55,0.29,0.96,0.92,0.0028,1
active_human,416,207,305,2.36,0.81,0.07,0.12,0.1189,0
spambot,22,34,5918,22.49,0.37,0.86,0.84,0.001,1
follow_bot,12,120,8831,0.34,0.49,0.89,0.54,0.0011,1
active_human,970,170,128,1.06,0.85,0.12,0.15,0.0595,0
active_human,497,120,106,1.33,0.98,0.16,0.27,0.0776,0
active_human,118,59,62,2.33,0.74,0.08,0.23,0.088,0
active_human,227,560,558,1.66,0.97,0.26,0.26,0.1192,0
active_human,321,240,263,2.31,0.78,0.02,0.1,0.0651,0
active_human,642,283,300,1.89,0.84,0.14,0.1,0.0423,0
creator_human,1180,5342,794,1.15,0.9,0.13,0.31,0.1084,0
lurker_human,403,141,72,0.02,0.47,0.04,0.15,0.0207,0
creator_human,1292,11785,379,2.21,0.93,0.1,0.16,0.0987,0
active_human,240,186,293,1.99,0.86,0.03,0.24,0.0428,0
active_human,657,225,286,0.38,0.8,0.24,0.38,0.0559,0
active_human,742,217,237,1.78,0.83,0.27,0.24,0.088,0
creator_human,2216,14280,122,3.16,0.9,0.06,0.23,0.1417,0
creator_human,2135,9532,416,2.04,0.94,0.16,0.25,0.1161,0
active_human,724,367,448,1.31,0.57,0.13,0.32,0.0528,0
lurker_human,630,118,259,0.07,0.49,0.05,0.22,0.0523,0
active_human,746,85,110,1.3,0.64,0.06,0.16,0.0978,0
active_human,448,739,573,2.29,0.95,0.05,0.16,0.0673,0
spambot,16,38,2155,22.55,0.35,0.83,0.93,0.002,1
lurker_human,1013,96,227,0.11,0.6,0.05,0.1,0.0455,0
active_human,356,209,298,1.2,0.9,0.31,0.28,0.0243,0
compromised_bot,873,1025,3656,19.84,0.6,0.67,0.69,0.0045,1
creator_human,1312,7692,543,2.54,0.99,0.19,0.16,0.1118,0
spambot,36,16,2148,47.38,0.24,0.85,0.87,0.0021,1
lurker_human,563,117,353,0.09,0.41,0.02,0.19,0.0396,0
active_human,487,366,295,1.75,0.83,0.09,0.2,0.0576,0
follow_bot,53,77,5007,1.07,0.53,0.91,0.76,0.0002,1
spambot,7,74,5186,34.33,0.41,0.97,0.84,0.0027,1
lurker_human,721,74,390,0.1,0.63,0.11,0.05,0.0527,0
lurker_human,334,116,96,0.14,0.75,0.09,0.19,0.0478,0
active_human,609,486,687,1.61,0.72,0.25,0.21,0.0882,0
compromised_bot,1244,1350,6920,41.42,0.51,0.94,0.8,0.0076,1
active_human,410,23,44,0.65,0.75,0.07,0.17,0.0369,0
active_human,564,536,559,1.24,0.69,0.07,0.16,0.032,0
follow_bot,36,97,6304,1.45,0.45,0.97,0.75,0.0014,1
lurker_human,427,53,285,0.08,0.62,0.02,0.17,0.0449,0
creator_human,672,10123,123,1.78,0.94,0.17,0.34,0.0373,0
active_human,2324,443,581,0.43,0.81,0.05,0.18,0.109,0
compromised_bot,1510,1337,7058,13.25,0.63,0.75,0.76,0.0056,1
spambot,3,59,5133,44.55,0.22,0.7,0.76,0.002,1
lurker_human,378,97,52,0.02,0.74,0.07,0.21,0.0435,0
active_human,855,193,260,0.64,0.84,0.03,0.19,0.1033,0
spambot,1,58,3062,22.05,0.44,0.86,0.87,0.0016,1
active_human,249,274,306,0.41,0.77,0.05,0.17,0.0874,0
follow_bot,52,78,3696,0.89,0.42,0.99,0.7,0.0017,1
active_human,635,70,94,0.53,0.83,0.07,0.18,0.0729,0
compromised_bot,1314,1143,7687,20.15,0.69,0.89,0.74,0.0055,1
lurker_human,635,143,194,0.02,0.45,0.04,0.11,0.0408,0
lurker_human,453,43,259,0.14,0.63,0.05,0.07,0.0245,0
lurker_human,347,75,345,0.08,0.46,0.1,0.17,0.0387,0
active_human,324,61,107,0.34,0.82,0.09,0.37,0.0312,0
lurker_human,286,121,335,0.08,0.56,0.12,0.2,0.0493,0
active_human,285,831,729,1.18,0.85,0.2,0.26,0.0633,0
compromised_bot,1254,205,7515,35.19,0.65,0.74,0.83,0.0068,1
compromised_bot,953,781,4287,17.75,0.5,0.93,0.69,0.0024,1
active_human,870,132,129,1.25,0.91,0.07,0.23,0.0581,0
active_human,1081,22,36,1.93,0.93,0.17,0.26,0.1123,0
creator_human,1942,16362,1198,3.11,0.99,0.13,0.31,0.1324,0
spambot,2,20,3282,20.9,0.35,0.86,0.88,0.0008,1
active_human,287,808,697,1.99,0.94,0.24,0.33,0.0587,0
follow_bot,51,22,5022,0.19,0.34,1.0,0.48,0.0012,1
follow_bot,37,61,3806,0.21,0.34,0.88,0.78,0.0014,1
spambot,9,61,3577,54.68,0.21,0.84,0.9,0.0007,1
spambot,12,6,3433,55.49,0.19,0.95,0.88,0.0018,1
follow_bot,36,61,8053,1.15,0.37,0.93,0.42,0.0002,1
follow_bot,34,126,7223,0.59,0.56,0.91,0.69,0.0019,1
spambot,9,5,6681,42.17,0.3,0.74,0.92,0.0004,1
active_human,811,309,414,1.73,0.81,0.0,0.32,0.0378,0
active_human,780,459,551,1.57,0.69,0.01,0.24,0.0669,0
follow_bot,41,147,5975,1.1,0.22,0.96,0.59,0.0006,1
active_human,247,140,189,1.77,0.8,0.16,0.17,0.0701,0
active_human,312,170,235,0.97,0.91,0.06,0.17,0.0795,0
compromised_bot,2321,615,5123,27.44,0.52,0.69,0.86,0.0039,1
creator_human,781,3195,268,1.49,0.91,0.14,0.35,0.0722,0
creator_human,658,5412,485,1.09,1.0,0.11,0.33,0.1495,0
creator_human,1879,12874,1003,3.63,0.96,0.24,0.25,0.1109,0
follow_bot,16,60,7950,0.42,0.24,0.87,0.61,0.0006,1
lurker_human,319,103,274,0.07,0.68,0.07,0.28,0.0198,0
compromised_bot,1933,1027,7579,14.88,0.55,0.86,0.71,0.0077,1
active_human,455,145,191,0.25,0.89,0.16,0.36,0.0502,0
lurker_human,973,71,259,0.01,0.72,0.02,0.12,0.0357,0
lurker_human,549,36,363,0.12,0.46,0.08,0.2,0.0364,0
lurker_human,601,49,166,0.14,0.66,0.07,0.28,0.0339,0
creator_human,1642,42326,274,3.77,0.88,0.2,0.34,0.1388,0
spambot,19,64,3788,47.16,0.24,0.84,0.92,0.0029,1
active_human,455,110,158,1.25,0.84,0.29,0.32,0.1121,0
active_human,482,355,511,1.82,0.76,0.13,0.12,0.0809,0
active_human,628,118,149,1.88,0.9,0.06,0.21,0.0841,0
active_human,253,153,200,0.27,0.73,0.16,0.17,0.0938,0
lurker_human,670,30,212,0.02,0.53,0.09,0.14,0.0458,0
active_human,1193,51,57,1.6,0.84,0.16,0.24,0.084,0
lurker_human,430,65,259,0.04,0.6,0.03,0.12,0.0281,0
active_human,531,537,427,0.64,0.83,0.03,0.25,0.0769,0
active_human,904,548,615,1.56,0.75,0.01,0.39,0.115,0
spambot,11,44,6839,21.16,0.12,0.7,0.96,0.0024,1
creator_human,1006,107626,860,1.55,0.91,0.24,0.22,0.0483,0
creator_human,737,20320,746,3.57,0.98,0.16,0.21,0.0722,0
active_human,275,131,191,1.2,0.89,0.03,0.12,0.0956,0
lurker_human,561,55,261,0.05,0.54,0.01,0.22,0.0523,0
active_human,145,189,239,1.52,0.81,0.03,0.28,0.0371,0
active_human,703,161,231,0.44,0.96,0.12,0.26,0.0867,0
active_human,1014,298,411,0.71,0.88,0.08,0.38,0.0455,0
creator_human,1448,4409,805,4.35,0.92,0.09,0.29,0.0641,0
active_human,508,206,185,1.64,0.72,0.03,0.17,0.0377,0
active_human,264,427,294,2.32,0.78,0.16,0.4,0.1059,0
active_human,579,158,230,1.92,0.78,0.03,0.15,0.0492,0
active_human,473,165,168,2.4,0.66,0.04,0.26,0.0518,0
lurker_human,452,49,314,0.06,0.64,0.11,0.21,0.0174,0
spambot,2,38,5637,40.83,0.23,0.72,0.84,0.0027,1
active_human,801,236,252,0.48,0.86,0.03,0.13,0.0271,0
follow_bot,29,132,8474,0.61,0.51,0.87,0.42,0.0008,1
follow_bot,14,155,8481,0.63,0.41,0.85,0.42,0.0014,1
spambot,19,73,2939,49.67,0.16,0.73,0.93,0.0027,1
spambot,25,17,1724,55.66,0.33,0.86,0.92,0.001,1
compromised_bot,916,798,3909,18.6,0.5,0.78,0.71,0.0048,1
spambot,28,78,6774,16.79,0.15,0.9,0.84,0.0014,1
active_human,949,467,330,1.71,0.93,0.09,0.31,0.0941,0
spambot,42,38,5059,35.12,0.27,0.9,0.96,0.0008,1
active_human,579,434,502,1.43,0.88,0.05,0.38,0.1035,0
creator_human,1826,59619,997,1.89,0.97,0.24,0.24,0.1141,0
spambot,17,69,7091,59.08,0.26,0.72,0.95,0.002,1
follow_bot,19,103,6243,1.23,0.56,0.94,0.59,0.0002,1
follow_bot,56,144,6493,0.39,0.42,0.95,0.46,0.0005,1
active_human,892,501,488,2.27,0.49,0.12,0.35,0.0651,0
active_human,373,84,137,2.47,0.78,0.15,0.26,0.1098,0
follow_bot,9,165,5427,0.54,0.37,0.87,0.6,0.0002,1
active_human,200,271,269,2.17,0.8,0.26,0.34,0.0786,0
spambot,20,69,5146,33.34,0.36,0.94,0.96,0.0007,1
follow_bot,6,193,5439,0.26,0.53,0.92,0.65,0.0011,1
spambot,6,66,7278,15.88,0.26,0.95,0.82,0.0006,1
compromised_bot,2480,376,7493,34.53,0.65,0.88,0.82,0.0013,1
spambot,16,43,6696,43.45,0.17,0.78,0.92,0.0028,1
active_human,475,343,433,2.03,0.83,0.16,0.24,0.0364,0
spambot,55,15,4425,46.62,0.25,0.74,0.98,0.0004,1
active_human,1426,160,158,1.52,0.64,0.23,0.12,0.0299,0
spambot,7,32,4251,56.59,0.4,0.75,0.87,0.0022,1
spambot,24,41,7195,54.79,0.44,0.71,0.92,0.0008,1
active_human,246,201,285,1.91,0.82,0.04,0.24,0.063,0
spambot,13,37,3955,19.01,0.43,0.85,0.94,0.002,1
lurker_human,599,89,310,0.12,0.48,0.02,0.19,0.0446,0
active_human,360,140,149,1.47,0.98,0.05,0.14,0.0946,0
creator_human,1301,15390,208,1.3,0.93,0.23,0.25,0.1187,0
active_human,503,137,169,0.33,0.9,0.16,0.19,0.0798,0
active_human,798,580,627,1.19,0.9,0.02,0.25,0.1054,0
spambot,23,26,4926,36.81,0.19,0.72,0.83,0.0014,1
spambot,16,17,3610,20.02,0.22,0.83,0.91,0.0015,1
compromised_bot,1676,1024,6456,13.98,0.76,0.86,0.65,0.0014,1
creator_human,1151,12323,486,4.46,0.97,0.17,0.28,0.1079,0
active_human,281,252,266,1.41,0.75,0.18,0.28,0.0575,0
active_human,219,301,355,0.32,0.87,0.18,0.31,0.1163,0
creator_human,1271,69507,246,3.09,0.91,0.12,0.18,0.1429,0
spambot,1,57,6733,20.02,0.23,0.72,0.86,0.0025,1
active_human,840,379,524,2.27,0.66,0.05,0.12,0.115,0
spambot,45,54,2469,49.7,0.4,0.81,0.98,0.0008,1
active_human,680,334,470,1.2,0.77,0.12,0.4,0.1082,0
spambot,12,6,4344,24.24,0.21,0.92,0.86,0.0026,1
active_human,1336,299,441,0.47,0.87,0.03,0.26,0.074,0
active_human,254,55,85,2.09,0.95,0.25,0.39,0.0513,0
compromised_bot,1998,1000,4259,10.16,0.51,0.94,0.64,0.0038,1
compromised_bot,1727,1150,6391,38.64,0.85,0.73,0.69,0.0073,1
active_human,400,107,159,1.21,0.86,0.14,0.33,0.0844,0
active_human,833,474,579,1.41,0.72,0.15,0.31,0.0856,0
follow_bot,21,74,6635,1.26,0.5,0.88,0.69,0.0013,1
spambot,4,20,5576,54.68,0.36,0.96,0.76,0.0,1
spambot,5,59,7325,20.12,0.32,0.79,0.9,0.0025,1
active_human,558,467,403,1.13,0.84,0.32,0.23,0.0687,0
compromised_bot,1314,1304,4884,37.89,0.55,0.76,0.63,0.0069,1
active_human,245,94,157,1.31,0.71,0.08,0.17,0.0707,0
active_human,431,92,163,0.61,0.81,0.07,0.11,0.023,0
creator_human,1289,4044,981,4.38,0.9,0.25,0.24,0.1322,0
active_human,619,551,447,2.28,0.75,0.03,0.1,0.0755,0
active_human,723,1120,1477,0.3,0.64,0.05,0.34,0.0277,0
spambot,12,78,6288,61.09,0.42,0.92,0.99,0.0024,1
active_human,850,248,361,1.63,0.85,0.16,0.33,0.1127,0
spambot,6,67,4638,37.45,0.34,0.83,0.78,0.0002,1
compromised_bot,1237,406,3793,28.29,0.77,0.69,0.87,0.0051,1
spambot,1,26,4926,59.21,0.38,0.88,0.83,0.0021,1
follow_bot,43,73,4967,1.15,0.43,0.9,0.7,0.0004,1
spambot,25,51,2882,22.98,0.22,0.71,0.78,0.0013,1
follow_bot,12,180,5594,0.31,0.36,0.98,0.44,0.0011,1
active_human,747,150,142,0.33,0.74,0.11,0.25,0.0774,0
follow_bot,47,119,5938,0.33,0.3,0.99,0.46,0.0019,1
lurker_human,378,138,142,0.07,0.53,0.04,0.07,0.036,0
active_human,910,526,607,1.87,0.92,0.08,0.18,0.0931,0
spambot,5,72,7068,54.69,0.11,0.9,0.81,0.0028,1
lurker_human,497,124,353,0.05,0.6,0.08,0.06,0.0189,0
creator_human,1025,23818,1029,4.47,0.89,0.07,0.15,0.079,0
creator_human,936,22249,441,1.33,0.9,0.14,0.25,0.0951,0
active_human,812,543,407,1.75,0.9,0.27,0.3,0.0359,0
spambot,18,55,6582,20.29,0.25,0.72,0.82,0.0027,1
creator_human,1604,3556,1006,3.59,0.92,0.06,0.27,0.0794,0
compromised_bot,1007,727,4823,20.38,0.77,0.92,0.83,0.0069,1
compromised_bot,1570,437,6817,13.33,0.64,0.93,0.73,0.0079,1
active_human,640,248,358,0.63,0.69,0.0,0.33,0.0515,0
active_human,431,211,282,1.02,0.66,0.17,0.21,0.0861,0
spambot,30,38,7218,36.5,0.13,0.81,0.75,0.0027,1
lurker_human,598,42,343,0.04,0.49,0.05,0.25,0.0293,0
active_human,449,848,987,0.37,0.76,0.12,0.15,0.0937,0
compromised_bot,2059,241,6731,33.7,0.57,0.84,0.64,0.001,1
compromised_bot,879,1154,5971,26.55,0.52,0.87,0.71,0.0026,1
compromised_bot,1540,954,7295,27.86,0.68,0.69,0.66,0.0039,1
lurker_human,316,78,131,0.15,0.41,0.07,0.23,0.0227,0
active_human,420,303,321,0.31,0.89,0.08,0.29,0.1137,0
active_human,151,248,335,1.27,0.87,0.19,0.37,0.04,0
active_human,405,572,804,1.14,0.62,0.08,0.15,0.1195,0
spambot,8,35,4829,30.87,0.36,0.91,0.87,0.0001,1
active_human,676,374,521,2.26,0.92,0.06,0.26,0.08,0
active_human,884,44,97,1.49,0.84,0.26,0.39,0.0466,0
active_human,450,198,251,1.57,0.9,0.1,0.34,0.0899,0
active_human,869,538,641,1.84,0.86,0.13,0.3,0.0913,0
compromised_bot,1065,340,5953,29.74,0.63,0.69,0.89,0.0042,1
creator_human,1186,13869,361,2.5,0.96,0.24,0.35,0.0806,0
compromised_bot,1797,615,3784,25.73,0.78,0.81,0.7,0.0033,1
follow_bot,45,37,5136,1.49,0.5,0.99,0.52,0.0003,1
lurker_human,240,79,307,0.14,0.41,0.12,0.27,0.0291,0
follow_bot,20,126,5859,1.06,0.21,0.93,0.65,0.002,1
compromised_bot,1035,598,4320,43.36,0.71,0.89,0.72,0.0032,1
lurker_human,517,28,62,0.02,0.45,0.02,0.15,0.0598,0
active_human,800,655,689,0.86,0.89,0.01,0.36,0.0362,0
active_human,172,487,642,2.02,0.81,0.13,0.31,0.06,0
lurker_human,811,74,312,0.14,0.73,0.03,0.05,0.0319,0
spambot,57,50,3445,44.03,0.11,0.93,0.79,0.0002,1
follow_bot,10,93,3493,0.65,0.21,0.88,0.78,0.0,1
lurker_human,222,96,249,0.05,0.64,0.09,0.11,0.0352,0
follow_bot,21,123,8497,0.91,0.39,0.98,0.66,0.0016,1
spambot,4,19,4819,24.98,0.3,0.89,0.99,0.0001,1
active_human,490,136,196,2.32,0.85,0.1,0.34,0.1013,0
active_human,513,227,197,1.43,0.68,0.08,0.36,0.1083,0
lurker_human,117,67,122,0.13,0.68,0.1,0.19,0.0114,0
active_human,614,718,585,0.76,0.88,0.09,0.11,0.0294,0
active_human,744,3206,2282,2.17,0.84,0.21,0.21,0.1073,0
active_human,627,393,437,0.71,0.72,0.1,0.23,0.0592,0
creator_human,684,9314,1011,2.18,0.95,0.17,0.25,0.1324,0
spambot,34,49,6656,19.9,0.44,0.74,0.83,0.001,1
active_human,478,180,166,0.52,0.83,0.03,0.37,0.077,0
active_human,1053,93,117,0.58,0.95,0.23,0.32,0.0749,0
active_human,580,957,1141,1.61,0.87,0.19,0.29,0.0718,0
spambot,23,31,6906,17.85,0.11,0.98,0.9,0.0021,1
active_human,751,199,157,1.51,0.68,0.02,0.36,0.0645,0
compromised_bot,2092,746,5985,44.25,0.83,0.77,0.78,0.0072,1
follow_bot,52,70,3993,0.29,0.4,0.96,0.79,0.0017,1
active_human,1107,545,653,1.49,0.9,0.05,0.32,0.1033,0
compromised_bot,910,1238,7870,15.75,0.52,0.75,0.74,0.008,1
lurker_human,1215,106,336,0.14,0.63,0.07,0.11,0.0436,0
compromised_bot,1091,534,5358,11.85,0.53,0.66,0.71,0.0062,1
active_human,213,455,580,1.25,0.66,0.02,0.32,0.0836,0
compromised_bot,2250,226,3588,30.61,0.57,0.69,0.72,0.0026,1
active_human,562,533,638,1.14,0.63,0.01,0.31,0.0572,0
follow_bot,33,145,3156,0.1,0.35,0.94,0.65,0.001,1
active_human,626,198,271,1.57,0.94,0.05,0.13,0.0703,0
lurker_human,965,144,296,0.02,0.41,0.06,0.23,0.0202,0
creator_human,1075,24493,113,3.02,0.9,0.18,0.26,0.0771,0
active_human,223,325,390,0.48,0.86,0.03,0.14,0.0253,0
spambot,17,21,5108,39.87,0.25,0.81,0.87,0.0016,1
spambot,19,59,4940,35.68,0.23,0.85,0.86,0.0027,1
spambot,35,29,6478,46.79,0.44,0.74,0.76,0.0017,1
compromised_bot,2189,531,4575,28.25,0.73,0.74,0.81,0.0078,1
follow_bot,15,170,7991,0.11,0.4,0.89,0.42,0.0018,1
active_human,418,181,242,1.1,0.72,0.01,0.12,0.1093,0
creator_human,2092,5172,565,3.12,0.97,0.2,0.19,0.1335,0
active_human,532,130,116,1.01,0.67,0.12,0.3,0.0326,0
follow_bot,54,25,4271,0.99,0.2,0.92,0.76,0.0014,1
active_human,704,283,306,2.1,0.97,0.13,0.37,0.1191,0
creator_human,1479,19649,414,1.55,0.86,0.05,0.21,0.0771,0
active_human,554,135,186,1.53,0.71,0.18,0.31,0.0315,0
active_human,469,626,815,0.61,0.58,0.16,0.19,0.047,0
compromised_bot,2434,724,5222,34.16,0.53,0.68,0.82,0.0029,1
creator_human,1104,23291,917,3.59,0.97,0.24,0.23,0.0705,0
active_human,396,112,93,1.03,0.84,0.04,0.12,0.0793,0
compromised_bot,2328,1303,5146,38.72,0.82,0.7,0.87,0.0018,1
active_human,368,314,368,1.52,0.99,0.01,0.4,0.0973,0
follow_bot,15,160,4694,0.83,0.28,0.95,0.76,0.0003,1
active_human,1152,456,564,2.07,0.67,0.15,0.37,0.0668,0
follow_bot,56,147,7508,1.35,0.37,0.97,0.49,0.0019,1
creator_human,1127,13149,761,1.55,1.0,0.15,0.16,0.1497,0
spambot,28,59,2171,20.27,0.28,0.92,0.9,0.0019,1
spambot,4,23,6505,18.49,0.17,0.92,0.97,0.0008,1
active_human,323,273,398,1.75,0.93,0.06,0.32,0.0586,0
active_human,462,75,121,0.34,0.71,0.1,0.32,0.0989,0
compromised_bot,2419,934,4776,41.34,0.82,0.94,0.83,0.0024,1
spambot,2,51,4371,20.79,0.43,0.79,0.92,0.0017,1
active_human,760,464,318,1.79,0.9,0.04,0.2,0.0672,0
active_human,567,120,147,1.91,0.46,0.02,0.37,0.0253,0
active_human,578,114,193,1.7,0.61,0.1,0.21,0.0896,0
compromised_bot,2295,861,6672,29.58,0.68,0.83,0.88,0.0077,1
follow_bot,13,157,7964,0.53,0.23,0.86,0.5,0.0004,1
spambot,6,76,4524,57.49,0.33,0.94,0.77,0.0019,1
active_human,158,307,288,0.74,0.92,0.06,0.38,0.0875,0
spambot,7,64,3926,37.71,0.38,0.83,0.95,0.003,1
active_human,293,185,142,0.28,0.74,0.18,0.19,0.0732,0
active_human,832,291,219,0.72,0.86,0.13,0.37,0.0836,0
lurker_human,854,34,388,0.13,0.59,0.08,0.07,0.0255,0
lurker_human,1082,133,72,0.09,0.62,0.02,0.05,0.0559,0
active_human,423,933,726,0.61,0.66,0.04,0.29,0.1127,0
active_human,355,374,376,0.76,0.66,0.04,0.23,0.0815,0
active_human,427,309,427,1.57,0.85,0.15,0.33,0.0861,0
active_human,560,312,361,0.84,0.69,0.15,0.28,0.0567,0
active_human,587,220,225,0.25,0.84,0.14,0.2,0.0703,0
active_human,509,468,602,1.05,0.79,0.14,0.2,0.0639,0
follow_bot,23,149,8420,0.76,0.2,0.9,0.73,0.0008,1
creator_human,1057,16110,100,1.51,0.85,0.24,0.32,0.0393,0
creator_human,895,5585,1050,3.89,0.91,0.1,0.35,0.0665,0
active_human,500,245,178,0.83,0.98,0.09,0.35,0.0513,0
creator_human,972,6889,369,4.09,0.97,0.07,0.19,0.1223,0
lurker_human,479,36,160,0.11,0.55,0.06,0.28,0.0388,0
spambot,9,32,7304,51.06,0.23,0.92,0.78,0.0011,1
lurker_human,194,101,238,0.04,0.67,0.07,0.15,0.0417,0
follow_bot,54,31,5788,0.67,0.39,0.98,0.64,0.0012,1
active_human,170,149,150,0.7,0.65,0.07,0.29,0.0347,0
lurker_human,953,131,115,0.07,0.71,0.11,0.21,0.0466,0
active_human,1182,497,675,0.66,0.88,0.02,0.13,0.1058,0
lurker_human,394,79,127,0.12,0.48,0.12,0.07,0.0134,0
creator_human,1723,12094,620,4.15,0.95,0.24,0.17,0.0349,0
compromised_bot,1103,1495,6597,40.8,0.59,0.66,0.76,0.0043,1
active_human,696,397,317,0.87,0.8,0.06,0.27,0.062,0
active_human,790,158,182,1.67,0.66,0.16,0.27,0.0609,0
spambot,8,61,2089,64.43,0.35,0.8,0.79,0.0018,1
active_human,185,164,129,1.84,0.84,0.05,0.17,0.0536,0
active_human,897,221,240,1.31,0.69,0.06,0.22,0.0433,0
follow_bot,53,40,6791,1.39,0.47,0.88,0.46,0.0005,1
active_human,672,167,236,2.29,0.97,0.19,0.16,0.0998,0
compromised_bot,816,523,5570,42.01,0.62,0.86,0.63,0.0041,1
lurker_human,326,28,283,0.09,0.71,0.1,0.06,0.0539,0
active_human,891,215,176,1.8,0.94,0.25,0.17,0.0368,0
spambot,12,30,3843,24.24,0.28,0.97,0.89,0.0016,1
spambot,2,72,3909,46.54,0.31,0.72,0.81,0.0012,1
active_human,628,109,163,0.83,0.99,0.09,0.39,0.0892,0
active_human,497,497,440,0.39,0.86,0.03,0.19,0.0742,0
compromised_bot,2279,975,6910,24.17,0.78,0.79,0.85,0.0034,1
compromised_bot,1094,844,7022,31.15,0.66,0.81,0.76,0.0022,1
spambot,13,72,2353,31.74,0.29,0.83,0.76,0.0008,1
active_human,412,761,1054,2.46,0.88,0.04,0.25,0.0362,0
creator_human,1481,17841,731,1.3,0.92,0.2,0.22,0.0583,0
compromised_bot,1152,423,5526,26.67,0.73,0.75,0.62,0.0038,1
compromised_bot,1895,632,4116,20.41,0.82,0.77,0.66,0.0048,1
spambot,1,47,3646,25.94,0.4,0.71,0.94,0.0018,1
active_human,959,776,882,1.06,0.62,0.25,0.13,0.0405,0
active_human,478,433,547,0.89,0.48,0.09,0.36,0.0736,0
compromised_bot,1220,1206,3548,24.2,0.62,0.75,0.83,0.0051,1
active_human,205,155,169,2.4,0.66,0.16,0.2,0.0961,0
compromised_bot,2175,745,6841,13.6,0.67,0.92,0.67,0.0065,1
spambot,4,54,6930,36.38,0.14,0.96,0.93,0.0011,1
active_human,361,998,952,2.23,0.85,0.03,0.17,0.1014,0
active_human,545,71,84,0.51,0.92,0.31,0.25,0.0305,0
active_human,609,906,889,0.71,0.79,0.06,0.29,0.0784,0
creator_human,1088,6055,154,3.24,0.97,0.2,0.31,0.1099,0
spambot,5,42,6112,39.52,0.39,0.93,0.77,0.0003,1
spambot,5,6,7132,22.23,0.24,0.73,0.82,0.0003,1
compromised_bot,1998,501,7651,31.94,0.68,0.94,0.81,0.0028,1
compromised_bot,909,781,4295,14.95,0.75,0.82,0.81,0.0039,1
active_human,277,98,108,1.64,0.96,0.0,0.2,0.0792,0
follow_bot,43,113,8641,0.77,0.52,0.86,0.48,0.0011,1
compromised_bot,1959,495,5117,23.96,0.79,0.67,0.66,0.0031,1
creator_human,900,19375,873,4.41,0.86,0.06,0.33,0.1377,0
active_human,913,172,169,2.14,0.85,0.03,0.4,0.12,0
follow_bot,46,184,8862,1.44,0.21,0.93,0.49,0.0011,1
lurker_human,1108,42,289,0.07,0.56,0.04,0.14,0.0399,0
creator_human,2691,3467,696,1.04,0.98,0.08,0.28,0.1231,0
creator_human,789,44899,494,1.25,1.0,0.22,0.24,0.11,0
spambot,4,41,4009,38.48,0.42,0.7,0.94,0.0002,1
lurker_human,695,82,377,0.07,0.62,0.12,0.16,0.038,0
creator_human,1656,5555,392,4.5,0.94,0.09,0.21,0.1041,0
active_human,305,596,625,0.98,0.7,0.1,0.15,0.1172,0
creator_human,1329,4489,1035,3.71,1.0,0.1,0.29,0.1414,0
spambot,18,53,6022,41.76,0.3,0.9,0.99,0.0001,1
active_human,589,195,225,1.25,0.88,0.03,0.32,0.0249,0
spambot,8,56,3332,50.42,0.28,0.94,0.81,0.0027,1
creator_human,1385,12805,939,2.09,0.9,0.14,0.26,0.127,0
active_human,654,371,275,0.75,0.91,0.1,0.13,0.0725,0
active_human,744,212,201,2.41,0.97,0.11,0.3,0.0512,0
active_human,559,260,278,0.9,0.9,0.17,0.15,0.0385,0
active_human,572,104,114,0.6,0.79,0.35,0.14,0.0952,0
creator_human,1399,6743,1003,3.22,0.94,0.18,0.16,0.0958,0
creator_human,951,7194,851,1.04,0.94,0.21,0.31,0.1235,0
active_human,284,89,99,2.06,0.91,0.21,0.34,0.0301,0
spambot,2,65,2613,62.39,0.39,0.85,0.96,0.003,1
creator_human,2062,24855,611,1.72,0.92,0.24,0.22,0.1465,0
creator_human,2599,8090,952,4.16,0.93,0.23,0.23,0.0577,0
active_human,544,1335,1560,0.32,0.71,0.01,0.4,0.1038,0
creator_human,1530,4904,772,3.11,0.93,0.08,0.19,0.0638,0
active_human,641,1561,2072,1.46,0.73,0.12,0.32,0.0846,0
compromised_bot,2118,397,7674,37.09,0.7,0.91,0.82,0.003,1
creator_human,1208,9729,884,3.93,0.97,0.08,0.28,0.0317,0
follow_bot,11,176,5631,0.45,0.58,0.95,0.78,0.0011,1
compromised_bot,2326,1076,6992,41.53,0.61,0.87,0.82,0.0011,1
active_human,575,106,110,1.6,0.9,0.37,0.18,0.0745,0
follow_bot,52,175,7345,0.77,0.23,0.96,0.61,0.001,1
active_human,466,502,629,0.79,0.9,0.19,0.36,0.0447,0
active_human,446,424,408,0.35,0.76,0.15,0.13,0.0918,0
follow_bot,9,55,5297,0.17,0.5,0.87,0.67,0.0016,1
spambot,46,49,6143,36.41,0.41,0.71,0.85,0.0008,1
active_human,192,143,184,2.23,0.94,0.25,0.24,0.0399,0
active_human,283,283,206,0.68,0.58,0.08,0.21,0.0705,0
creator_human,1129,3264,323,4.01,0.87,0.23,0.32,0.115,0
follow_bot,43,44,8461,0.46,0.38,0.89,0.45,0.0006,1
follow_bot,51,61,4075,1.42,0.31,0.95,0.47,0.0002,1
active_human,684,126,178,1.7,0.75,0.14,0.29,0.0384,0
creator_human,1290,13503,360,3.77,0.88,0.21,0.27,0.0418,0
follow_bot,54,23,3945,0.5,0.55,0.93,0.57,0.0011,1
spambot,18,30,4789,61.22,0.36,0.81,0.83,0.0016,1
follow_bot,29,77,5596,1.31,0.52,0.9,0.54,0.0001,1
active_human,528,295,360,2.11,0.79,0.11,0.12,0.0209,0
active_human,633,78,123,0.93,0.81,0.02,0.21,0.1084,0
spambot,4,23,5084,54.39,0.14,0.91,0.84,0.0017,1
active_human,419,336,369,1.84,0.9,0.03,0.29,0.068,0
active_human,580,349,256,2.09,0.94,0.06,0.28,0.0251,0
follow_bot,48,59,5395,0.75,0.55,0.97,0.56,0.0017,1
active_human,313,143,182,2.35,0.81,0.31,0.39,0.0966,0
active_human,788,376,384,1.12,0.81,0.08,0.19,0.0677,0
compromised_bot,2450,1100,6020,31.96,0.56,0.71,0.88,0.0027,1
active_human,496,281,194,1.36,0.92,0.11,0.29,0.0228,0
active_human,196,150,187,2.31,0.62,0.15,0.18,0.1036,0
compromised_bot,1235,412,4929,33.32,0.71,0.84,0.68,0.0027,1
follow_bot,32,181,3128,0.33,0.24,0.85,0.53,0.0003,1
active_human,329,139,115,1.13,0.77,0.22,0.19,0.0671,0
active_human,679,158,227,0.91,0.93,0.02,0.33,0.1054,0
lurker_human,1020,113,230,0.08,0.42,0.01,0.2,0.0252,0
spambot,34,71,4534,51.23,0.28,0.73,0.91,0.0018,1
lurker_human,534,120,229,0.06,0.54,0.04,0.22,0.0479,0
follow_bot,7,174,6821,0.99,0.58,0.91,0.8,0.0015,1
spambot,1,31,6535,41.42,0.11,0.79,0.98,0.0013,1
active_human,813,248,299,1.72,0.94,0.09,0.17,0.0542,0
spambot,14,35,2120,37.02,0.24,0.71,0.87,0.0004,1
follow_bot,11,56,3381,0.31,0.52,0.92,0.43,0.0014,1
active_human,1041,237,215,0.59,0.87,0.17,0.22,0.0546,0
active_human,212,101,90,1.47,0.82,0.28,0.37,0.0882,0
spambot,64,54,2959,26.95,0.32,0.93,0.98,0.0014,1
spambot,38,63,6738,20.85,0.14,0.75,0.77,0.0019,1
lurker_human,820,31,340,0.04,0.55,0.07,0.2,0.0246,0
compromised_bot,2016,820,5128,25.2,0.75,0.85,0.71,0.0039,1
active_human,471,70,107,1.06,0.89,0.15,0.39,0.0906,0
creator_human,1165,8978,819,3.8,0.92,0.15,0.34,0.0641,0
spambot,13,51,2370,35.89,0.2,0.85,0.84,0.0007,1
follow_bot,40,45,6887,1.05,0.59,0.99,0.68,0.001,1
active_human,1043,58,75,0.49,0.79,0.01,0.2,0.039,0
spambot,10,78,2479,45.23,0.16,0.95,0.86,0.0011,1
active_human,1258,186,235,0.9,0.75,0.06,0.2,0.1092,0
creator_human,550,18315,958,2.15,0.97,0.08,0.24,0.1406,0
compromised_bot,1871,936,4865,19.43,0.8,0.83,0.78,0.0053,1
spambot,6,33,4203,21.45,0.35,0.72,0.84,0.0002,1
lurker_human,285,27,221,0.12,0.72,0.12,0.27,0.0259,0
compromised_bot,1413,888,4397,37.06,0.66,0.71,0.61,0.0049,1
active_human,695,58,65,0.5,0.54,0.07,0.21,0.079,0
spambot,2,9,7081,28.81,0.32,0.88,0.97,0.0012,1
lurker_human,1211,49,333,0.02,0.5,0.02,0.29,0.0412,0
active_human,458,121,145,2.3,0.56,0.13,0.15,0.113,0
active_human,624,286,400,2.22,0.94,0.02,0.18,0.043,0
spambot,2,20,2220,37.12,0.4,0.87,0.75,0.0016,1
spambot,1,65,7406,37.56,0.43,0.83,0.93,0.0009,1
spambot,6,27,4321,38.97,0.42,0.71,0.8,0.0021,1
creator_human,868,4924,124,2.23,0.97,0.22,0.22,0.0931,0
active_human,178,102,164,1.66,0.72,0.1,0.27,0.1021,0
follow_bot,36,36,6644,0.16,0.45,0.95,0.44,0.0001,1
spambot,8,66,6432,57.46,0.31,0.75,0.75,0.0021,1
creator_human,1841,22542,699,3.51,0.9,0.21,0.21,0.0604,0
lurker_human,426,147,340,0.12,0.57,0.09,0.27,0.0296,0
active_human,1234,299,383,1.93,0.8,0.04,0.2,0.1041,0
active_human,515,121,150,2.42,0.78,0.07,0.29,0.0281,0
active_human,443,430,297,0.6,0.87,0.24,0.14,0.064,0
active_human,822,165,183,1.24,0.63,0.16,0.25,0.051,0
compromised_bot,1865,1399,4776,18.2,0.55,0.76,0.8,0.0062,1
follow_bot,37,72,3046,1.46,0.21,0.99,0.73,0.0018,1
active_human,681,89,108,1.32,0.94,0.03,0.17,0.0501,0
active_human,783,1225,1266,1.93,0.86,0.16,0.23,0.0415,0
lurker_human,530,101,369,0.1,0.57,0.04,0.18,0.0358,0
active_human,589,429,501,1.61,0.83,0.15,0.17,0.109,0
follow_bot,51,65,4063,0.21,0.25,0.93,0.46,0.0006,1
creator_human,1496,3792,445,3.27,0.93,0.2,0.32,0.1024,0
follow_bot,29,87,6699,1.04,0.52,0.94,0.42,0.0009,1
active_human,923,638,535,2.28,0.77,0.05,0.39,0.0525,0
lurker_human,653,64,65,0.06,0.62,0.08,0.25,0.0191,0
active_human,342,565,529,0.73,0.74,0.04,0.27,0.0793,0
follow_bot,36,49,5540,0.84,0.43,1.0,0.8,0.0008,1
creator_human,1034,17038,1100,3.29,0.89,0.21,0.24,0.0444,0
compromised_bot,913,1423,7620,27.55,0.78,0.87,0.61,0.0054,1
lurker_human,560,120,177,0.09,0.71,0.09,0.19,0.0477,0
active_human,442,90,120,2.38,0.85,0.16,0.23,0.0879,0
active_human,171,571,616,0.71,0.79,0.15,0.35,0.1199,0
creator_human,2072,85534,973,3.4,0.94,0.13,0.32,0.0852,0
active_human,549,123,91,0.42,0.67,0.1,0.32,0.0334,0
active_human,721,1341,1065,1.37,0.57,0.06,0.4,0.0353,0
active_human,382,144,204,1.77,0.73,0.08,0.18,0.0764,0
lurker_human,143,110,98,0.12,0.71,0.03,0.26,0.0227,0
lurker_human,479,43,287,0.11,0.59,0.11,0.24,0.0158,0
creator_human,2011,8888,332,1.49,0.91,0.18,0.22,0.0996,0
creator_human,1677,157086,679,1.87,0.88,0.16,0.33,0.1395,0
active_human,500,204,182,0.35,0.88,0.25,0.26,0.0925,0
spambot,2,33,5123,23.47,0.1,0.94,0.91,0.0003,1
spambot,15,42,1760,22.8,0.19,0.95,0.98,0.0028,1
active_human,1538,269,384,1.66,0.82,0.08,0.26,0.0635,0
lurker_human,787,89,203,0.14,0.57,0.06,0.24,0.0454,0
active_human,488,149,173,1.75,0.64,0.03,0.16,0.087,0
creator_human,1424,10303,927,3.4,0.99,0.16,0.25,0.0649,0
active_human,1126,91,107,1.27,0.93,0.07,0.32,0.0351,0
compromised_bot,1272,1360,6022,12.41,0.72,0.74,0.63,0.0023,1
follow_bot,59,188,4716,0.37,0.26,0.88,0.6,0.0005,1
active_human,326,93,136,0.44,0.7,0.03,0.19,0.0463,0
active_human,800,265,404,1.52,0.83,0.02,0.13,0.0895,0
spambot,76,22,5377,40.74,0.4,0.98,0.94,0.0018,1
active_human,866,531,390,2.24,0.8,0.11,0.28,0.0749,0
lurker_human,427,104,371,0.05,0.48,0.08,0.28,0.0274,0
active_human,353,126,157,2.27,0.86,0.13,0.3,0.0266,0
follow_bot,39,90,6665,0.91,0.33,0.96,0.5,0.0016,1
active_human,468,523,443,0.7,0.9,0.01,0.16,0.0484,0
active_human,288,95,139,0.67,0.91,0.13,0.19,0.0598,0
follow_bot,14,130,8575,1.17,0.49,0.97,0.76,0.0002,1
active_human,372,456,441,0.99,0.8,0.1,0.29,0.0619,0
lurker_human,493,149,398,0.14,0.75,0.07,0.12,0.0495,0
active_human,731,187,166,0.5,0.96,0.11,0.31,0.0772,0
spambot,23,58,3716,18.76,0.36,0.92,0.89,0.0003,1
follow_bot,25,82,5240,1.09,0.54,0.93,0.53,0.001,1
lurker_human,475,84,103,0.11,0.48,0.07,0.22,0.017,0
active_human,583,492,372,0.73,0.89,0.06,0.31,0.1071,0
creator_human,1024,2076,923,3.21,0.88,0.18,0.33,0.0306,0
spambot,16,61,1802,26.23,0.19,0.73,0.88,0.0015,1
active_human,645,188,238,1.11,0.82,0.04,0.36,0.1152,0
active_human,1466,371,450,1.03,0.86,0.08,0.35,0.0453,0
active_human,248,288,283,0.67,0.78,0.13,0.22,0.0448,0
active_human,914,146,154,1.37,0.7,0.21,0.38,0.0823,0
follow_bot,50,111,3104,1.18,0.31,0.96,0.71,0.0017,1
active_human,273,579,582,0.95,0.8,0.22,0.38,0.0418,0
compromised_bot,1321,239,4413,35.5,0.71,0.67,0.79,0.0043,1
compromised_bot,1081,954,6622,35.58,0.58,0.92,0.75,0.0058,1
active_human,456,61,83,0.48,0.89,0.11,0.34,0.064,0
spambot,3,22,4845,44.7,0.36,0.78,0.97,0.0029,1
follow_bot,23,44,6175,0.18,0.58,0.99,0.41,0.0007,1
follow_bot,13,33,6202,0.78,0.56,0.9,0.79,0.0002,1
compromised_bot,1799,862,5000,20.45,0.81,0.92,0.69,0.0021,1
active_human,248,229,242,0.47,0.72,0.02,0.14,0.0273,0
active_human,369,556,470,2.44,0.94,0.04,0.13,0.099,0
active_human,823,304,391,0.78,0.9,0.07,0.15,0.0676,0
creator_human,2401,7795,764,3.59,0.93,0.07,0.26,0.038,0
active_human,631,2763,2306,0.59,0.74,0.12,0.35,0.0997,0
lurker_human,596,40,131,0.02,0.6,0.11,0.25,0.0493,0
active_human,257,143,167,1.68,0.88,0.0,0.3,0.0758,0
follow_bot,55,111,7916,1.23,0.43,0.89,0.41,0.0,1
creator_human,1523,5592,340,4.46,0.85,0.13,0.31,0.0692,0
creator_human,1534,11988,173,3.93,0.97,0.1,0.23,0.0796,0
lurker_human,472,32,206,0.14,0.4,0.09,0.2,0.0561,0
lurker_human,249,24,63,0.14,0.72,0.07,0.23,0.0527,0
compromised_bot,1442,280,6938,26.45,0.76,0.66,0.74,0.0023,1
follow_bot,11,28,3231,0.84,0.24,0.88,0.76,0.001,1
spambot,1,15,2215,44.84,0.39,0.83,0.93,0.0001,1
compromised_bot,892,1256,7171,23.44,0.54,0.89,0.83,0.0054,1
active_human,459,63,70,1.7,0.7,0.16,0.14,0.0733,0
spambot,1,12,2729,37.66,0.32,0.95,0.88,0.0011,1
follow_bot,20,169,6264,0.72,0.51,0.85,0.63,0.0012,1
compromised_bot,1324,942,5870,41.64,0.56,0.86,0.82,0.0041,1
active_human,402,274,296,1.3,0.79,0.0,0.25,0.0411,0
active_human,1807,300,346,1.07,0.66,0.12,0.19,0.1133,0
active_human,599,343,385,2.46,0.91,0.18,0.12,0.0798,0
compromised_bot,1911,1072,5061,27.88,0.58,0.77,0.71,0.0079,1
follow_bot,47,143,7053,1.22,0.52,0.94,0.53,0.0008,1
active_human,721,219,255,2.36,0.89,0.02,0.13,0.0695,0
compromised_bot,1792,556,6821,21.9,0.52,0.8,0.78,0.001,1
active_human,1164,383,358,0.38,0.96,0.04,0.2,0.0395,0
active_human,159,314,332,1.14,0.52,0.2,0.39,0.0797,0
active_human,410,324,476,0.53,0.84,0.07,0.19,0.1094,0
active_human,640,340,459,2.02,0.95,0.11,0.27,0.111,0
spambot,9,51,1920,28.43,0.23,0.91,0.81,0.0015,1
spambot,16,8,1827,46.48,0.3,0.86,0.95,0.0006,1
spambot,22,45,7014,40.3,0.24,0.81,0.93,0.0015,1
active_human,688,2379,1734,1.28,0.74,0.22,0.29,0.1173,0
spambot,41,18,7170,36.42,0.15,0.75,0.83,0.0015,1
active_human,520,125,130,1.03,0.84,0.13,0.34,0.0608,0
follow_bot,52,142,4105,0.77,0.46,0.97,0.55,0.0018,1
active_human,752,103,96,1.83,0.94,0.4,0.38,0.0506,0
active_human,1010,437,332,1.04,0.66,0.02,0.35,0.0922,0
active_human,729,154,155,0.57,0.93,0.02,0.34,0.0349,0
active_human,120,1749,2099,0.64,0.95,0.02,0.33,0.0234,0
follow_bot,30,182,8187,0.55,0.35,0.9,0.75,0.0012,1
spambot,5,59,6159,26.27,0.34,0.8,0.85,0.0021,1
compromised_bot,1058,507,6642,20.46,0.61,0.89,0.85,0.0033,1
creator_human,927,13945,693,4.32,0.97,0.24,0.19,0.0556,0
active_human,539,103,174,0.51,0.87,0.07,0.27,0.0541,0
spambot,18,59,2940,45.9,0.34,0.81,0.96,0.0005,1
follow_bot,54,123,7715,0.63,0.49,0.92,0.62,0.0017,1
active_human,458,380,488,2.47,0.82,0.05,0.27,0.0945,0
compromised_bot,974,1203,5300,11.13,0.62,0.66,0.75,0.0045,1
active_human,757,162,193,0.78,0.83,0.09,0.19,0.0773,0
lurker_human,293,122,84,0.11,0.71,0.08,0.21,0.0336,0
active_human,310,654,943,0.91,0.44,0.06,0.23,0.041,0
follow_bot,29,136,3468,0.72,0.41,0.89,0.74,0.001,1
creator_human,886,12166,443,3.12,0.98,0.06,0.22,0.1185,0
spambot,4,6,1563,28.17,0.31,0.8,0.82,0.0006,1
lurker_human,344,102,148,0.12,0.66,0.11,0.08,0.048,0
spambot,4,64,3032,64.02,0.25,0.87,0.86,0.001,1
active_human,1040,211,236,0.7,0.91,0.03,0.22,0.0734,0
compromised_bot,1588,235,5556,14.65,0.54,0.75,0.82,0.0012,1
active_human,302,452,611,2.5,0.54,0.14,0.15,0.1148,0
lurker_human,163,27,208,0.02,0.66,0.09,0.21,0.0466,0
active_human,369,341,486,0.38,0.56,0.16,0.29,0.0266,0
creator_human,1717,16436,806,2.5,0.9,0.05,0.33,0.1233,0
spambot,3,63,6940,61.22,0.32,0.87,0.97,0.0017,1
creator_human,747,3079,804,3.62,0.97,0.16,0.15,0.1064,0
spambot,5,56,4750,29.91,0.18,0.76,0.88,0.0028,1
creator_human,1773,3299,171,3.22,0.91,0.05,0.26,0.1487,0
active_human,394,319,375,2.34,0.88,0.06,0.28,0.0925,0
active_human,419,154,201,0.97,0.76,0.09,0.22,0.0669,0
creator_human,1290,26280,586,2.82,0.9,0.18,0.24,0.0398,0
active_human,834,361,399,0.85,0.8,0.18,0.35,0.0845,0
follow_bot,44,87,8866,0.96,0.24,0.93,0.43,0.0011,1
creator_human,1410,25078,130,1.24,0.99,0.14,0.19,0.1002,0
active_human,381,528,723,1.74,0.6,0.03,0.39,0.0964,0
active_human,582,346,366,0.74,0.7,0.03,0.29,0.0855,0
active_human,474,276,286,2.28,0.73,0.25,0.15,0.1141,0
creator_human,712,47295,416,1.24,0.94,0.17,0.16,0.0783,0
lurker_human,508,20,158,0.06,0.55,0.1,0.09,0.041,0
lurker_human,928,143,385,0.1,0.68,0.12,0.21,0.0537,0
active_human,315,217,249,2.19,0.65,0.01,0.4,0.1135,0
lurker_human,384,28,348,0.09,0.44,0.01,0.06,0.0583,0
active_human,515,207,294,1.69,0.79,0.17,0.33,0.064,0
spambot,10,42,3958,23.97,0.34,0.86,0.79,0.0002,1
spambot,3,46,4151,42.06,0.4,0.92,0.94,0.0013,1
active_human,795,413,280,1.0,0.93,0.21,0.35,0.0924,0
compromised_bot,2038,226,5565,25.06,0.78,0.79,0.68,0.0012,1
active_human,350,352,250,1.82,0.74,0.11,0.34,0.0272,0
active_human,699,370,529,1.14,0.92,0.22,0.27,0.1143,0
active_human,840,426,354,0.63,0.79,0.14,0.18,0.0673,0
creator_human,1104,6384,267,2.04,0.97,0.12,0.18,0.0785,0
creator_human,1257,9817,1149,1.17,0.99,0.19,0.34,0.0601,0
spambot,25,44,3924,25.52,0.2,0.86,0.86,0.0022,1
active_human,481,589,402,1.36,0.87,0.19,0.36,0.0458,0
compromised_bot,1113,1004,5113,11.19,0.55,0.71,0.83,0.0026,1
compromised_bot,2182,1349,5209,18.72,0.74,0.94,0.82,0.0044,1
creator_human,1365,9532,406,3.28,0.9,0.1,0.25,0.0559,0
lurker_human,938,113,138,0.04,0.41,0.03,0.29,0.0331,0
follow_bot,50,97,7713,0.13,0.3,0.92,0.65,0.0003,1
spambot,7,25,2404,19.9,0.34,0.78,0.94,0.0012,1
spambot,41,40,4094,53.51,0.33,0.78,0.87,0.0001,1
active_human,403,230,282,2.02,0.85,0.1,0.26,0.0336,0
spambot,24,36,5234,31.52,0.4,0.73,0.76,0.0015,1
active_human,482,199,266,0.3,0.87,0.23,0.25,0.0946,0
lurker_human,713,96,398,0.08,0.71,0.11,0.16,0.0328,0
lurker_human,741,60,93,0.1,0.62,0.07,0.09,0.0117,0
active_human,548,413,326,1.5,0.9,0.15,0.27,0.0572,0
follow_bot,57,34,8247,0.93,0.34,0.98,0.69,0.0002,1
creator_human,1386,6424,544,3.19,0.98,0.09,0.3,0.0625,0
follow_bot,34,137,6839,1.01,0.55,0.91,0.71,0.0003,1
spambot,21,30,6747,54.68,0.29,0.96,0.78,0.0004,1
follow_bot,14,125,5676,1.45,0.47,1.0,0.61,0.0004,1
lurker_human,379,57,128,0.12,0.55,0.07,0.2,0.0433,0
active_human,585,418,479,1.5,0.66,0.05,0.26,0.0938,0
spambot,11,35,4524,28.25,0.23,0.7,0.84,0.0024,1
lurker_human,518,125,86,0.07,0.73,0.01,0.22,0.0526,0
compromised_bot,1134,1246,7866,11.53,0.67,0.69,0.85,0.0018,1
lurker_human,449,88,181,0.1,0.46,0.04,0.25,0.033,0
compromised_bot,2064,364,7920,32.47,0.84,0.83,0.69,0.0037,1
active_human,880,557,436,2.3,0.91,0.14,0.21,0.1181,0
active_human,542,202,161,2.11,0.86,0.04,0.35,0.0666,0
active_human,410,395,394,1.83,0.88,0.07,0.4,0.0823,0
spambot,12,20,4292,59.7,0.12,0.87,0.84,0.0012,1
follow_bot,53,79,8234,0.48,0.39,0.91,0.54,0.0002,1
lurker_human,904,45,383,0.02,0.75,0.07,0.06,0.0371,0
follow_bot,17,197,8383,0.61,0.31,0.88,0.42,0.0004,1
lurker_human,246,52,122,0.1,0.52,0.05,0.25,0.0376,0
compromised_bot,1278,1237,7663,29.36,0.62,0.72,0.84,0.0017,1
lurker_human,328,140,88,0.11,0.48,0.04,0.19,0.0592,0
active_human,624,476,337,0.33,0.86,0.1,0.13,0.043,0
active_human,332,871,1009,2.29,0.89,0.02,0.24,0.0645,0
lurker_human,539,108,138,0.06,0.71,0.02,0.2,0.0575,0
lurker_human,274,25,305,0.04,0.41,0.04,0.12,0.0537,0
follow_bot,44,105,3460,0.42,0.46,0.87,0.68,0.0,1
spambot,28,27,4980,56.45,0.37,0.89,0.86,0.0008,1
follow_bot,40,96,8340,0.85,0.59,0.9,0.78,0.0001,1
compromised_bot,1947,999,7350,11.97,0.83,0.71,0.69,0.0044,1
active_human,501,259,340,1.92,0.82,0.16,0.36,0.076,0
active_human,501,130,143,1.52,0.81,0.36,0.38,0.0737,0
active_human,1131,635,870,2.39,0.74,0.06,0.37,0.0716,0
spambot,2,17,4318,58.89,0.38,0.72,0.8,0.002,1
lurker_human,257,142,238,0.01,0.52,0.1,0.12,0.0267,0
spambot,2,25,6754,25.73,0.26,0.89,0.95,0.0029,1
creator_human,1050,13639,615,1.19,0.91,0.12,0.28,0.0943,0
creator_human,601,10676,402,1.35,0.97,0.15,0.24,0.0636,0
follow_bot,32,43,4193,0.48,0.42,0.89,0.56,0.0018,1
follow_bot,14,93,3044,1.29,0.54,0.85,0.61,0.0004,1
active_human,280,150,130,2.18,0.92,0.06,0.16,0.0698,0
compromised_bot,2429,1470,5235,38.19,0.83,0.86,0.82,0.0073,1
compromised_bot,2086,695,4133,29.46,0.72,0.95,0.88,0.0038,1
active_human,391,164,259,2.11,0.86,0.06,0.27,0.0868,0
active_human,507,97,110,1.08,0.72,0.2,0.21,0.0868,0
lurker_human,1356,34,107,0.14,0.63,0.06,0.22,0.0301,0
active_human,362,381,330,0.28,0.79,0.23,0.19,0.0579,0
spambot,4,56,7242,34.32,0.28,0.89,0.92,0.0011,1
creator_human,1125,23983,387,4.48,0.88,0.09,0.26,0.131,0
spambot,20,30,3760,41.3,0.1,0.83,0.83,0.002,1
creator_human,810,7093,1169,2.03,0.99,0.14,0.2,0.068,0
spambot,16,24,4035,44.7,0.44,0.83,0.94,0.0023,1
lurker_human,584,48,370,0.12,0.62,0.04,0.23,0.012,0
spambot,23,42,2280,19.75,0.18,0.81,0.88,0.0007,1
active_human,980,100,183,1.46,0.93,0.14,0.31,0.1103,0
compromised_bot,1082,1156,3951,20.0,0.8,0.92,0.79,0.0032,1
active_human,438,349,501,0.84,0.79,0.1,0.35,0.0409,0
active_human,781,1135,1519,1.91,0.93,0.14,0.38,0.0776,0
active_human,438,153,190,0.53,0.89,0.16,0.38,0.0284,0
lurker_human,646,68,164,0.07,0.63,0.04,0.21,0.0369,0
creator_human,1274,7794,315,1.74,0.88,0.11,0.29,0.1367,0
spambot,27,67,6582,23.77,0.33,0.91,0.81,0.0021,1
lurker_human,311,132,65,0.04,0.66,0.1,0.25,0.0291,0
active_human,415,516,673,2.47,0.81,0.02,0.3,0.0684,0
spambot,29,62,6102,31.47,0.25,0.97,0.84,0.0011,1
spambot,9,64,7369,59.72,0.28,0.88,0.76,0.0021,1
spambot,7,45,4378,60.75,0.25,0.88,0.76,0.0012,1
follow_bot,15,38,6744,0.68,0.57,0.93,0.76,0.0018,1
compromised_bot,1659,772,5585,33.84,0.73,0.83,0.81,0.0029,1
compromised_bot,2434,657,6701,26.68,0.65,0.88,0.68,0.0025,1
active_human,822,67,100,2.23,0.79,0.04,0.39,0.0567,0
active_human,797,264,390,0.61,0.93,0.13,0.14,0.0726,0
follow_bot,56,124,8650,0.53,0.56,0.88,0.64,0.0011,1
active_human,1333,146,134,2.35,0.36,0.03,0.12,0.0729,0
creator_human,1692,7028,692,1.57,0.86,0.11,0.18,0.1259,0
active_human,369,751,505,0.98,0.81,0.09,0.26,0.0442,0
active_human,912,193,191,2.24,0.94,0.18,0.28,0.0593,0
active_human,508,83,118,1.47,0.83,0.11,0.32,0.0814,0
spambot,2,63,6338,30.97,0.22,0.84,0.82,0.0013,1
active_human,760,808,669,0.41,0.45,0.08,0.22,0.0748,0
active_human,1284,84,89,2.23,0.77,0.17,0.33,0.1121,0
creator_human,1602,29367,760,2.67,0.85,0.11,0.24,0.043,0
active_human,1244,196,218,1.3,0.64,0.16,0.28,0.053,0
compromised_bot,2234,251,6955,38.45,0.82,0.66,0.64,0.0016,1
active_human,1407,126,204,0.58,0.67,0.15,0.13,0.0367,0
active_human,326,377,378,1.43,0.89,0.1,0.18,0.0357,0
active_human,341,57,65,2.17,0.85,0.18,0.33,0.0926,0
active_human,585,750,793,0.54,0.83,0.08,0.16,0.0616,0
active_human,389,150,168,1.42,0.95,0.05,0.1,0.0505,0
creator_human,1537,22918,837,3.14,0.93,0.07,0.31,0.1468,0
active_human,580,518,426,2.32,0.95,0.04,0.1,0.0593,0
follow_bot,39,69,8527,1.07,0.28,0.92,0.63,0.0014,1
follow_bot,43,100,5968,1.26,0.36,0.95,0.55,0.0014,1
active_human,438,97,100,1.34,0.96,0.03,0.34,0.0698,0
lurker_human,550,103,397,0.12,0.64,0.08,0.17,0.0473,0
active_human,1361,245,365,0.82,0.73,0.39,0.3,0.1129,0
active_human,310,1023,913,1.43,0.79,0.05,0.26,0.0966,0
active_human,334,38,91,2.31,0.74,0.04,0.39,0.1006,0
active_human,1203,317,334,1.25,0.93,0.02,0.37,0.0587,0
follow_bot,17,135,8326,1.48,0.44,0.89,0.57,0.0005,1
active_human,606,471,495,1.66,0.73,0.02,0.26,0.062,0
compromised_bot,930,799,7579,32.19,0.53,0.76,0.73,0.0048,1
compromised_bot,1337,695,6583,14.63,0.71,0.87,0.74,0.0027,1
creator_human,2853,9511,1023,4.05,0.91,0.21,0.29,0.0374,0
compromised_bot,1294,554,3844,24.89,0.71,0.82,0.77,0.0028,1
creator_human,758,64465,698,1.17,0.94,0.06,0.29,0.1104,0
active_human,243,456,632,0.85,0.74,0.17,0.39,0.1159,0
spambot,6,13,4044,64.43,0.12,0.94,0.84,0.0013,1
follow_bot,31,55,6937,1.43,0.48,0.96,0.7,0.0001,1
active_human,276,93,162,1.53,0.46,0.03,0.37,0.0707,0
spambot,15,37,3755,21.81,0.19,0.83,0.84,0.0027,1
creator_human,1379,5522,508,3.89,0.97,0.18,0.2,0.0425,0
active_human,557,368,347,1.46,0.8,0.11,0.12,0.0548,0
compromised_bot,806,517,3685,32.7,0.83,0.91,0.84,0.0077,1
active_human,351,305,431,1.21,0.71,0.05,0.11,0.1092,0
spambot,2,76,5251,55.24,0.38,0.73,0.82,0.0023,1
lurker_human,734,35,76,0.14,0.54,0.04,0.13,0.0526,0
lurker_human,737,57,247,0.09,0.65,0.1,0.28,0.0306,0
spambot,2,64,2232,62.17,0.16,0.88,0.95,0.0027,1
active_human,150,356,521,1.62,0.87,0.01,0.28,0.0914,0
active_human,293,456,638,0.42,0.81,0.07,0.15,0.0393,0
spambot,1,65,3139,58.94,0.12,0.82,0.77,0.0028,1
active_human,410,277,368,0.4,0.8,0.04,0.32,0.0833,0
creator_human,1540,13372,1172,4.32,0.96,0.22,0.3,0.1144,0
spambot,20,47,4564,36.18,0.2,0.74,0.86,0.0027,1
spambot,1,51,3314,61.77,0.39,0.9,0.79,0.001,1
creator_human,1215,4664,802,1.05,0.97,0.12,0.22,0.0703,0
lurker_human,866,143,219,0.06,0.63,0.09,0.12,0.0148,0
follow_bot,39,194,7176,0.9,0.51,0.94,0.7,0.0002,1
follow_bot,56,66,7709,1.0,0.41,0.88,0.71,0.0019,1
active_human,285,241,240,1.3,0.72,0.02,0.27,0.0715,0
lurker_human,699,26,200,0.1,0.63,0.06,0.07,0.0576,0
follow_bot,21,56,3801,0.35,0.57,0.91,0.59,0.0008,1
active_human,839,481,406,0.88,0.6,0.26,0.23,0.106,0
active_human,386,493,374,2.46,0.94,0.17,0.19,0.1061,0
lurker_human,247,133,234,0.15,0.53,0.09,0.14,0.0298,0
active_human,375,164,117,2.34,0.8,0.14,0.38,0.037,0
active_human,512,189,191,2.1,0.55,0.19,0.14,0.074,0
spambot,3,6,7112,46.03,0.28,0.78,0.78,0.0022,1
active_human,571,215,291,0.61,0.92,0.19,0.24,0.0643,0
lurker_human,1108,35,94,0.11,0.61,0.08,0.19,0.0113,0
compromised_bot,2188,1076,7193,13.68,0.53,0.89,0.73,0.0066,1
active_human,130,413,539,1.23,0.63,0.07,0.29,0.0419,0
spambot,16,56,7246,24.68,0.33,0.73,0.95,0.0007,1
lurker_human,323,121,140,0.05,0.41,0.12,0.13,0.0457,0
lurker_human,339,53,345,0.07,0.74,0.02,0.24,0.0265,0
active_human,641,87,82,0.72,0.73,0.19,0.28,0.0476,0
compromised_bot,1671,741,5049,28.35,0.63,0.67,0.78,0.0071,1
spambot,8,26,4493,41.32,0.33,0.74,0.91,0.0011,1
active_human,635,985,1396,0.26,0.77,0.02,0.18,0.0227,0
spambot,14,7,4425,27.31,0.22,0.9,0.88,0.0026,1
active_human,560,5553,7471,2.34,0.82,0.04,0.38,0.0969,0
follow_bot,58,199,8902,0.16,0.3,1.0,0.47,0.0009,1
creator_human,1366,16139,236,2.48,0.94,0.22,0.24,0.127,0
spambot,9,72,7209,16.56,0.41,0.92,0.81,0.0029,1
active_human,469,395,395,1.94,0.62,0.14,0.23,0.0869,0
spambot,9,6,5322,50.79,0.18,0.7,0.86,0.0005,1
active_human,883,136,197,0.53,0.96,0.29,0.31,0.0253,0
spambot,13,18,6337,19.52,0.34,0.77,0.84,0.0015,1
spambot,3,60,4816,29.56,0.15,0.88,0.91,0.0028,1
compromised_bot,1895,1213,6731,36.36,0.75,0.67,0.83,0.0045,1
creator_human,1026,20685,418,3.04,0.87,0.2,0.16,0.1191,0
follow_bot,47,59,5115,1.14,0.55,0.88,0.8,0.0003,1
creator_human,838,81816,404,1.15,0.91,0.18,0.23,0.15,0
active_human,110,142,120,1.02,0.94,0.13,0.28,0.0946,0
spambot,4,18,4871,33.29,0.42,0.86,0.92,0.0026,1
compromised_bot,1132,554,7130,31.58,0.83,0.81,0.74,0.0025,1
spambot,3,6,5478,36.07,0.33,0.96,0.98,0.0005,1
active_human,564,732,877,2.43,0.42,0.15,0.1,0.0667,0
spambot,11,61,3392,37.54,0.44,0.78,0.77,0.0013,1
lurker_human,300,87,383,0.02,0.58,0.1,0.22,0.0585,0
active_human,647,64,79,0.58,0.86,0.13,0.3,0.0382,0
follow_bot,7,74,6393,0.16,0.43,0.87,0.53,0.0013,1
active_human,946,105,103,0.54,0.75,0.04,0.15,0.0679,0
active_human,484,83,148,0.88,0.71,0.1,0.19,0.043,0
active_human,588,190,220,1.65,0.95,0.08,0.38,0.0244,0
spambot,1,49,5667,60.27,0.2,0.72,0.87,0.0009,1
lurker_human,772,63,203,0.12,0.63,0.05,0.22,0.0483,0
creator_human,1482,21556,1013,3.05,0.97,0.13,0.19,0.1005,0
follow_bot,26,46,5960,0.23,0.41,0.92,0.49,0.0006,1
active_human,410,229,180,0.75,0.59,0.06,0.12,0.0281,0
spambot,7,49,4972,23.5,0.19,0.82,0.83,0.0018,1
active_human,903,192,255,2.25,0.85,0.21,0.15,0.112,0
spambot,30,73,2268,34.27,0.16,0.77,0.92,0.0026,1
active_human,406,259,332,1.93,0.65,0.15,0.3,0.0981,0
lurker_human,372,143,232,0.04,0.48,0.1,0.18,0.0449,0
lurker_human,284,124,234,0.09,0.45,0.05,0.13,0.0207,0
compromised_bot,1075,279,7139,28.1,0.71,0.92,0.62,0.0068,1
compromised_bot,1886,793,4928,34.73,0.84,0.75,0.86,0.0012,1
active_human,582,174,262,1.91,0.9,0.06,0.39,0.0729,0
active_human,1121,271,261,0.5,0.79,0.07,0.38,0.0584,0
spambot,49,34,2883,58.14,0.25,0.91,0.82,0.001,1
active_human,922,314,303,0.63,0.8,0.07,0.3,0.1116,0
compromised_bot,1531,884,3834,37.09,0.82,0.83,0.62,0.0038,1
active_human,448,88,110,1.84,0.98,0.04,0.34,0.0643,0
lurker_human,271,94,173,0.07,0.61,0.12,0.27,0.024,0
lurker_human,755,72,136,0.03,0.6,0.09,0.23,0.0471,0
active_human,576,361,501,1.27,0.84,0.1,0.33,0.0754,0
compromised_bot,2318,474,6495,42.64,0.64,0.91,0.87,0.0073,1
follow_bot,45,70,3416,0.57,0.51,0.88,0.59,0.0011,1
creator_human,1309,22192,777,3.89,0.93,0.07,0.2,0.0714,0
creator_human,883,6212,1061,1.42,0.92,0.14,0.26,0.1062,0
compromised_bot,2428,462,7540,12.51,0.63,0.66,0.65,0.0018,1
follow_bot,53,46,8274,0.47,0.47,0.96,0.45,0.0016,1
active_human,966,644,759,1.4,0.99,0.12,0.12,0.1026,0
compromised_bot,2324,1432,3977,25.07,0.54,0.88,0.7,0.0019,1
creator_human,1378,16218,537,3.11,0.91,0.09,0.31,0.054,0
active_human,587,186,176,2.21,0.73,0.37,0.35,0.0679,0
compromised_bot,2397,1211,6021,25.87,0.55,0.87,0.83,0.007,1
active_human,966,251,193,1.2,0.94,0.01,0.12,0.1164,0
active_human,476,103,77,2.05,0.99,0.05,0.14,0.0445,0
active_human,719,292,408,1.26,0.62,0.05,0.25,0.1065,0
active_human,445,53,81,0.83,0.74,0.03,0.3,0.066,0
active_human,401,456,423,0.69,0.64,0.1,0.29,0.0797,0
compromised_bot,2108,1208,5432,43.95,0.84,0.72,0.67,0.0036,1
active_human,839,68,135,0.84,0.86,0.12,0.29,0.0584,0
active_human,775,253,329,2.26,0.78,0.03,0.13,0.0316,0
compromised_bot,2231,1217,6220,11.9,0.74,0.84,0.73,0.0027,1
lurker_human,479,30,230,0.11,0.7,0.06,0.27,0.0423,0
active_human,652,145,201,0.97,0.71,0.12,0.15,0.0741,0
active_human,656,122,168,2.13,0.69,0.16,0.33,0.0801,0
compromised_bot,1711,993,5596,24.31,0.82,0.74,0.6,0.0024,1
active_human,874,360,307,0.66,0.87,0.03,0.3,0.0806,0
active_human,723,390,289,1.15,0.75,0.11,0.26,0.0781,0
spambot,12,46,7104,49.08,0.26,0.73,0.91,0.0017,1
active_human,221,186,189,2.25,0.81,0.06,0.21,0.0539,0
compromised_bot,1110,520,4171,29.79,0.7,0.72,0.78,0.0034,1
creator_human,1293,55466,241,4.19,0.93,0.15,0.24,0.0333,0
active_human,698,135,125,1.86,0.93,0.14,0.2,0.1159,0
creator_human,1657,1728,474,1.36,0.96,0.16,0.24,0.1129,0
active_human,832,570,545,2.39,0.9,0.02,0.38,0.1085,0
lurker_human,531,139,345,0.02,0.46,0.12,0.11,0.0292,0
lurker_human,661,34,328,0.14,0.59,0.06,0.25,0.05,0
active_human,1563,231,278,0.75,0.64,0.11,0.32,0.0502,0
active_human,704,187,202,1.69,0.85,0.11,0.26,0.0291,0
creator_human,1427,8357,1093,1.17,0.89,0.22,0.32,0.0748,0
active_human,321,144,151,0.32,0.79,0.28,0.21,0.0395,0
compromised_bot,866,288,3578,41.43,0.57,0.68,0.72,0.0027,1
creator_human,1279,40757,1102,1.97,0.95,0.13,0.22,0.0647,0
active_human,277,462,623,0.87,0.57,0.05,0.38,0.0838,0
active_human,282,349,481,1.86,0.75,0.02,0.2,0.0786,0
active_human,1085,259,306,1.14,0.55,0.01,0.19,0.0482,0
active_human,150,291,224,1.42,0.9,0.08,0.32,0.0695,0
active_human,733,132,118,0.38,0.92,0.07,0.39,0.0548,0
lurker_human,1062,92,383,0.04,0.64,0.03,0.28,0.0395,0
follow_bot,35,100,8253,1.05,0.48,0.92,0.57,0.0004,1
active_human,363,234,161,2.09,0.73,0.11,0.22,0.0515,0
active_human,400,124,135,0.77,0.8,0.17,0.15,0.047,0
lurker_human,687,147,297,0.09,0.62,0.02,0.1,0.0362,0
active_human,628,36,41,0.9,0.89,0.08,0.12,0.063,0
active_human,755,634,528,2.09,0.92,0.33,0.13,0.0719,0
active_human,487,588,614,2.42,0.54,0.07,0.21,0.0846,0
follow_bot,15,175,6353,0.63,0.53,1.0,0.79,0.0013,1
active_human,567,213,163,0.44,0.98,0.32,0.32,0.0769,0
spambot,21,58,3983,25.02,0.34,0.94,0.85,0.0029,1
active_human,178,89,90,1.56,0.67,0.19,0.31,0.0221,0
creator_human,1264,17667,139,3.95,0.87,0.07,0.17,0.0887,0
active_human,708,306,276,0.68,0.48,0.02,0.3,0.1152,0
lurker_human,756,86,192,0.14,0.54,0.04,0.29,0.0414,0
active_human,805,118,151,0.74,0.73,0.01,0.28,0.1046,0
active_human,756,112,122,1.13,0.9,0.05,0.19,0.0655,0
spambot,38,56,4903,37.22,0.41,0.8,0.87,0.0027,1
follow_bot,40,191,3218,0.77,0.26,0.94,0.76,0.0019,1
spambot,5,73,3224,59.44,0.23,0.75,0.96,0.0027,1
active_human,606,287,307,0.63,0.91,0.11,0.28,0.1025,0
active_human,736,131,162,1.18,0.47,0.22,0.36,0.0891,0
follow_bot,14,29,3925,1.48,0.29,0.95,0.51,0.0013,1
active_human,572,358,277,0.46,0.66,0.05,0.4,0.0692,0
lurker_human,863,24,169,0.09,0.62,0.04,0.23,0.0289,0
spambot,3,30,7259,58.97,0.15,0.96,0.88,0.0021,1
follow_bot,14,97,6895,1.1,0.31,0.94,0.57,0.0,1
follow_bot,15,136,3238,0.35,0.49,0.98,0.43,0.0016,1
follow_bot,56,36,5137,0.43,0.24,0.86,0.41,0.0009,1
lurker_human,704,77,313,0.11,0.49,0.11,0.1,0.0466,0
active_human,383,383,491,0.75,0.68,0.1,0.39,0.1041,0
active_human,613,515,426,0.95,0.87,0.13,0.34,0.0954,0
follow_bot,46,157,3368,0.86,0.43,0.94,0.74,0.0008,1
lurker_human,321,140,382,0.08,0.44,0.04,0.16,0.0476,0
spambot,16,14,7338,16.88,0.28,0.76,0.87,0.0004,1
lurker_human,360,146,128,0.04,0.61,0.07,0.21,0.0179,0
active_human,583,47,79,0.42,0.88,0.07,0.4,0.1186,0
active_human,370,93,82,1.24,0.9,0.06,0.12,0.109,0
active_human,492,182,175,2.14,0.52,0.03,0.13,0.0849,0
lurker_human,331,99,371,0.09,0.53,0.03,0.16,0.0214,0
follow_bot,37,105,5236,0.87,0.3,0.89,0.55,0.0003,1
active_human,864,368,309,2.25,0.81,0.1,0.32,0.0628,0
spambot,11,73,2265,34.01,0.12,0.98,0.9,0.0028,1
active_human,326,180,261,1.5,0.95,0.04,0.12,0.0645,0
spambot,25,28,1778,24.47,0.2,0.87,0.94,0.0007,1
lurker_human,1084,38,107,0.14,0.61,0.08,0.29,0.0215,0
active_human,414,17,57,0.93,0.89,0.02,0.18,0.0655,0
compromised_bot,2210,868,6879,33.49,0.75,0.66,0.63,0.0033,1
active_human,390,175,258,0.4,0.92,0.04,0.37,0.0242,0
active_human,189,187,192,0.88,0.7,0.31,0.3,0.0742,0
active_human,517,108,130,1.58,0.82,0.14,0.25,0.0929,0
active_human,434,86,117,0.78,0.83,0.18,0.23,0.0206,0
active_human,351,106,79,1.81,0.93,0.09,0.39,0.0352,0
active_human,591,91,121,1.17,0.65,0.0,0.34,0.0652,0
spambot,23,29,6901,60.89,0.18,0.73,0.8,0.0005,1
active_human,822,34,70,2.0,0.92,0.05,0.15,0.0249,0
lurker_human,722,140,149,0.02,0.58,0.07,0.22,0.0349,0
lurker_human,230,63,371,0.02,0.62,0.05,0.06,0.0574,0
creator_human,884,25089,152,3.11,0.85,0.06,0.29,0.0532,0
spambot,12,34,3775,16.08,0.38,0.76,0.86,0.0025,1
active_human,391,64,106,2.09,0.85,0.08,0.29,0.0666,0
creator_human,1969,22020,224,1.5,0.95,0.1,0.28,0.0405,0
compromised_bot,2456,1410,7245,14.95,0.53,0.75,0.86,0.0077,1
active_human,830,169,198,0.84,0.83,0.06,0.24,0.1007,0
lurker_human,422,69,254,0.07,0.67,0.09,0.18,0.041,0
compromised_bot,868,572,3554,33.02,0.59,0.9,0.79,0.0068,1
spambot,6,28,2859,44.3,0.2,0.88,0.76,0.0011,1
active_human,401,216,171,0.64,0.66,0.02,0.15,0.093,0
spambot,1,64,1867,49.61,0.22,0.89,0.91,0.0024,1
active_human,367,269,252,1.72,0.93,0.07,0.21,0.0741,0
active_human,606,78,114,1.87,0.76,0.12,0.28,0.1173,0
compromised_bot,1337,680,7083,26.58,0.67,0.87,0.71,0.0035,1
spambot,23,63,6261,48.43,0.39,0.75,0.89,0.0011,1
lurker_human,821,98,83,0.1,0.54,0.03,0.08,0.0379,0
active_human,620,83,122,1.0,0.79,0.14,0.12,0.1086,0
active_human,846,226,264,1.9,0.86,0.16,0.29,0.0627,0
active_human,713,365,380,1.74,0.82,0.13,0.33,0.0945,0
compromised_bot,1754,650,6716,41.23,0.85,0.94,0.82,0.002,1
active_human,290,361,340,1.23,0.93,0.12,0.14,0.0316,0
active_human,270,818,585,1.7,0.74,0.04,0.35,0.0877,0
lurker_human,232,66,328,0.1,0.6,0.05,0.14,0.0299,0
active_human,875,701,682,0.33,0.76,0.22,0.18,0.065,0
follow_bot,28,138,4405,1.07,0.38,0.93,0.56,0.0014,1
follow_bot,57,106,8062,0.33,0.35,0.86,0.69,0.0003,1
active_human,1231,51,79,0.26,0.77,0.11,0.15,0.031,0
compromised_bot,1978,1496,5106,26.11,0.51,0.92,0.86,0.0065,1
active_human,824,92,131,2.04,0.77,0.17,0.32,0.0759,0
lurker_human,241,67,277,0.03,0.44,0.04,0.23,0.0394,0
lurker_human,1216,130,346,0.14,0.61,0.09,0.17,0.0478,0
creator_human,2544,9599,868,1.09,0.86,0.21,0.27,0.0971,0
creator_human,1572,47405,808,1.52,0.96,0.18,0.31,0.0334,0
active_human,1049,938,1276,0.36,0.91,0.08,0.18,0.1013,0
active_human,364,104,151,1.88,0.85,0.03,0.35,0.1166,0
active_human,704,538,408,0.76,0.9,0.22,0.16,0.0669,0
spambot,12,27,6886,49.25,0.4,0.82,0.88,0.0029,1
active_human,172,150,214,0.29,0.7,0.02,0.19,0.1006,0
lurker_human,244,52,358,0.06,0.45,0.05,0.22,0.0467,0
lurker_human,260,22,271,0.1,0.52,0.02,0.16,0.0468,0
compromised_bot,2468,1313,6065,12.97,0.54,0.74,0.66,0.0077,1
lurker_human,721,87,220,0.07,0.73,0.03,0.09,0.0575,0
lurker_human,508,67,78,0.09,0.52,0.1,0.26,0.0125,0
active_human,240,184,219,0.87,0.92,0.15,0.17,0.0414,0
active_human,494,276,358,0.8,0.86,0.14,0.21,0.0468,0
spambot,14,18,3461,15.96,0.27,0.78,0.97,0.0003,1
lurker_human,571,46,220,0.11,0.61,0.04,0.14,0.0145,0
spambot,6,58,4063,32.88,0.26,0.86,0.94,0.0006,1
active_human,261,340,484,0.51,0.92,0.01,0.2,0.0347,0
follow_bot,20,34,8642,0.57,0.41,0.9,0.75,0.0018,1
active_human,177,204,259,2.25,0.84,0.07,0.13,0.0611,0
active_human,1200,298,396,1.64,0.95,0.05,0.32,0.0473,0
follow_bot,24,27,8745,1.35,0.45,0.9,0.42,0.0013,1
active_human,314,436,598,0.21,0.96,0.06,0.26,0.0798,0
spambot,12,77,7484,61.83,0.12,0.85,0.77,0.0013,1
active_human,1043,162,230,1.83,0.88,0.0,0.2,0.1064,0
active_human,646,459,293,1.5,0.96,0.06,0.33,0.0313,0
compromised_bot,2458,1409,6724,44.52,0.55,0.66,0.82,0.0041,1
lurker_human,534,121,125,0.07,0.53,0.11,0.3,0.052,0
compromised_bot,889,740,7771,14.46,0.54,0.68,0.8,0.0052,1
creator_human,657,6302,199,3.35,0.88,0.18,0.15,0.13,0
lurker_human,747,83,286,0.02,0.74,0.02,0.07,0.0122,0
lurker_human,601,72,170,0.08,0.46,0.02,0.27,0.0451,0
compromised_bot,1960,918,7478,39.6,0.81,0.65,0.82,0.0048,1
creator_human,1031,36182,858,2.11,0.97,0.07,0.24,0.0813,0
active_human,976,134,170,0.61,0.93,0.04,0.31,0.0461,0
active_human,927,104,127,2.29,0.6,0.41,0.14,0.1176,0
active_human,456,129,148,1.25,0.97,0.01,0.12,0.0842,0
follow_bot,11,67,4135,0.94,0.27,0.98,0.67,0.0007,1
spambot,2,62,2469,23.45,0.11,0.79,0.79,0.0019,1
spambot,3,62,2015,30.85,0.33,0.83,0.89,0.0018,1
follow_bot,58,137,6015,0.18,0.2,0.99,0.78,0.0002,1
lurker_human,515,97,306,0.04,0.58,0.03,0.13,0.0233,0
lurker_human,181,129,183,0.13,0.66,0.09,0.14,0.0454,0
lurker_human,318,81,354,0.03,0.44,0.01,0.12,0.0265,0
spambot,12,40,5049,43.76,0.36,0.84,0.82,0.0026,1
creator_human,2392,33114,918,2.09,0.95,0.15,0.33,0.0347,0
creator_human,751,12347,221,2.51,0.97,0.2,0.21,0.1143,0
lurker_human,317,61,391,0.09,0.45,0.1,0.11,0.0399,0
active_human,1031,211,276,0.43,0.61,0.03,0.22,0.1192,0
creator_human,979,131878,279,3.84,0.89,0.12,0.22,0.1475,0
active_human,611,188,240,1.09,0.65,0.04,0.14,0.046,0
active_human,380,206,295,2.16,0.87,0.02,0.22,0.0875,0
active_human,644,197,239,1.17,0.66,0.18,0.39,0.0483,0
active_human,819,73,116,1.14,0.76,0.06,0.16,0.1099,0
active_human,486,206,227,1.78,0.75,0.1,0.12,0.0604,0
spambot,8,63,2676,40.35,0.4,0.85,0.78,0.0008,1
creator_human,2258,79969,1198,4.18,0.93,0.19,0.33,0.1071,0
spambot,20,15,4673,57.11,0.2,0.95,0.9,0.0013,1
creator_human,1876,9601,930,3.06,0.9,0.23,0.21,0.0629,0
lurker_human,601,28,286,0.1,0.67,0.03,0.09,0.0281,0
follow_bot,45,82,4449,0.17,0.55,0.97,0.71,0.0,1
active_human,701,120,151,0.43,0.81,0.25,0.37,0.0589,0
active_human,1150,755,715,0.81,0.85,0.14,0.31,0.0951,0
active_human,823,209,223,1.56,0.69,0.34,0.24,0.024,0
follow_bot,39,193,3000,0.75,0.56,0.9,0.7,0.0009,1
follow_bot,58,61,6225,0.4,0.47,0.96,0.7,0.001,1
active_human,793,491,673,1.88,0.88,0.07,0.19,0.036,0
spambot,27,69,7021,28.92,0.18,0.81,0.77,0.002,1
follow_bot,44,65,5764,0.5,0.36,0.91,0.67,0.0019,1
active_human,501,155,198,0.66,0.79,0.05,0.33,0.118,0
active_human,413,465,443,1.09,0.85,0.09,0.31,0.0332,0
lurker_human,754,88,186,0.15,0.68,0.1,0.14,0.0104,0
spambot,124,69,5757,56.6,0.28,0.74,0.96,0.0015,1
compromised_bot,1366,1413,3905,17.78,0.63,0.83,0.81,0.006,1
lurker_human,521,71,256,0.12,0.49,0.1,0.15,0.0188,0
active_human,337,133,112,2.08,0.79,0.42,0.21,0.0268,0
active_human,555,249,336,0.62,0.54,0.07,0.34,0.0866,0
active_human,472,219,180,1.02,0.76,0.05,0.21,0.0895,0
active_human,554,5714,7682,1.65,0.84,0.1,0.4,0.0555,0
active_human,654,133,162,1.09,0.77,0.04,0.24,0.0977,0
active_human,439,151,202,2.21,0.8,0.06,0.28,0.0915,0
spambot,3,22,3164,27.62,0.24,0.96,0.91,0.0008,1
active_human,902,803,660,1.29,0.91,0.04,0.4,0.0539,0
compromised_bot,1121,382,6166,11.15,0.66,0.67,0.75,0.0033,1
active_human,292,343,375,2.46,0.83,0.2,0.31,0.0261,0
follow_bot,16,87,7981,1.16,0.36,0.86,0.63,0.0003,1
creator_human,1130,8862,636,3.81,0.99,0.2,0.24,0.0905,0
active_human,731,802,648,1.77,0.95,0.1,0.13,0.025,0
spambot,5,46,2065,34.86,0.27,0.75,0.76,0.0006,1
spambot,2,62,4590,22.32,0.17,0.81,0.77,0.0005,1
active_human,973,128,213,1.3,0.82,0.1,0.12,0.0946,0
active_human,281,164,195,0.89,0.8,0.04,0.34,0.0994,0
lurker_human,338,42,169,0.02,0.48,0.03,0.22,0.0314,0
lurker_human,342,85,295,0.1,0.48,0.08,0.14,0.0273,0
active_human,766,1099,883,2.03,0.48,0.1,0.29,0.1088,0
creator_human,1262,52186,337,3.71,0.99,0.14,0.33,0.1046,0
follow_bot,11,114,3912,0.18,0.4,0.88,0.65,0.0009,1
active_human,228,167,182,0.43,0.87,0.07,0.25,0.074,0
active_human,1266,493,693,2.46,0.54,0.12,0.4,0.0437,0
compromised_bot,1882,1208,7643,14.85,0.66,0.85,0.73,0.003,1
active_human,380,485,512,0.8,0.85,0.16,0.2,0.0906,0
active_human,1402,121,172,2.14,0.88,0.2,0.22,0.0654,0
follow_bot,41,76,4272,0.54,0.52,0.91,0.54,0.002,1
active_human,606,644,464,0.52,0.73,0.04,0.33,0.0666,0
compromised_bot,1313,335,6176,43.2,0.84,0.77,0.8,0.0067,1
follow_bot,13,149,3802,1.46,0.29,0.97,0.61,0.0004,1
active_human,429,108,153,1.42,0.61,0.02,0.13,0.1022,0
active_human,537,179,167,1.49,0.72,0.37,0.27,0.0577,0
active_human,157,197,151,0.41,0.7,0.14,0.35,0.1019,0
creator_human,815,3701,437,1.81,0.94,0.17,0.21,0.0549,0
spambot,42,72,5474,21.66,0.32,0.93,0.94,0.0022,1
follow_bot,7,129,5222,0.96,0.53,0.94,0.79,0.0016,1
spambot,1,79,5931,54.24,0.17,0.71,0.97,0.0027,1
active_human,380,710,449,2.33,0.8,0.15,0.27,0.0357,0
active_human,1129,255,344,1.53,0.86,0.03,0.38,0.0745,0
active_human,483,229,297,1.35,0.59,0.17,0.31,0.0877,0
active_human,1024,362,388,1.98,0.83,0.28,0.19,0.0824,0
creator_human,1431,3178,484,1.73,0.94,0.19,0.28,0.0729,0
lurker_human,448,108,317,0.04,0.71,0.05,0.25,0.0225,0
active_human,891,244,233,0.82,0.85,0.36,0.29,0.1077,0
active_human,428,597,804,0.86,0.63,0.11,0.12,0.0287,0
follow_bot,25,173,4296,0.93,0.41,0.91,0.76,0.0015,1
active_human,333,274,379,0.42,0.55,0.26,0.34,0.0353,0
active_human,807,154,185,0.63,0.84,0.21,0.35,0.0935,0
spambot,22,25,5198,55.8,0.44,0.88,0.9,0.001,1
active_human,651,87,142,1.44,0.98,0.12,0.19,0.0483,0
active_human,815,411,476,2.47,0.78,0.04,0.27,0.0598,0
active_human,296,145,132,0.49,0.82,0.05,0.11,0.0582,0
active_human,587,251,262,1.93,0.92,0.13,0.22,0.1089,0
spambot,28,55,5989,55.33,0.13,0.85,0.96,0.0001,1
compromised_bot,1567,413,6931,29.56,0.69,0.78,0.9,0.0014,1
creator_human,1282,3158,526,2.38,0.99,0.2,0.26,0.0566,0
lurker_human,735,60,83,0.02,0.41,0.07,0.11,0.0139,0
spambot,11,43,6126,30.37,0.19,0.87,0.8,0.0024,1
lurker_human,701,119,220,0.04,0.64,0.04,0.07,0.0313,0
creator_human,1235,5505,291,3.69,1.0,0.15,0.17,0.1447,0
active_human,235,151,190,1.75,0.87,0.16,0.15,0.0961,0
active_human,575,171,173,2.02,0.55,0.07,0.22,0.0572,0
creator_human,1030,4286,1040,3.5,0.99,0.08,0.2,0.1495,0
active_human,885,523,444,1.73,0.93,0.12,0.38,0.0854,0
compromised_bot,1259,1130,5286,38.37,0.8,0.73,0.72,0.0061,1
active_human,420,309,289,1.52,0.84,0.03,0.24,0.0887,0
lurker_human,240,115,376,0.11,0.42,0.09,0.29,0.0105,0
active_human,244,426,380,0.83,0.72,0.07,0.13,0.0744,0
follow_bot,29,87,5117,0.26,0.29,1.0,0.72,0.0007,1
lurker_human,692,130,258,0.11,0.54,0.1,0.18,0.0133,0
active_human,311,227,201,0.43,0.7,0.11,0.4,0.079,0
spambot,12,21,7316,57.48,0.31,0.93,0.87,0.0016,1
creator_human,1187,1304,964,2.17,0.92,0.05,0.33,0.0643,0
active_human,391,471,611,2.0,0.61,0.0,0.3,0.1029,0
follow_bot,12,76,8686,0.18,0.24,0.97,0.49,0.0007,1
active_human,736,144,157,1.76,0.58,0.16,0.13,0.0463,0
active_human,409,111,165,1.15,0.96,0.06,0.1,0.0468,0
active_human,534,48,77,1.36,0.86,0.16,0.26,0.0922,0
active_human,290,114,126,1.79,0.86,0.14,0.23,0.0389,0
compromised_bot,1873,1472,5957,16.9,0.76,0.7,0.62,0.0047,1
creator_human,984,4488,320,1.99,0.95,0.25,0.2,0.0868,0
lurker_human,658,31,161,0.12,0.65,0.03,0.21,0.0297,0
spambot,11,60,4862,54.35,0.29,0.9,0.78,0.0022,1
lurker_human,257,113,142,0.06,0.47,0.1,0.19,0.0594,0
active_human,894,812,987,1.46,0.63,0.03,0.19,0.0854,0
active_human,187,407,381,1.42,0.88,0.22,0.17,0.0911,0
follow_bot,54,80,6619,1.17,0.59,0.9,0.66,0.0012,1
spambot,1,16,1942,60.47,0.25,0.97,0.8,0.003,1
spambot,23,28,2394,60.35,0.29,0.89,0.77,0.0019,1
follow_bot,5,105,7604,0.14,0.57,1.0,0.54,0.0002,1
spambot,1,5,2903,28.59,0.27,0.71,0.76,0.0,1
creator_human,665,18793,157,1.36,0.9,0.17,0.15,0.0351,0
spambot,33,16,2378,23.41,0.42,0.89,0.92,0.0009,1
spambot,19,8,1668,51.31,0.17,0.87,0.75,0.0012,1
spambot,8,17,4801,63.81,0.31,0.74,0.84,0.0,1
creator_human,1451,41006,346,3.58,0.92,0.07,0.27,0.0747,0
compromised_bot,1556,325,3766,37.28,0.56,0.78,0.82,0.0011,1
active_human,974,511,504,1.14,0.86,0.17,0.14,0.0554,0
active_human,507,423,497,0.85,0.62,0.03,0.11,0.1124,0
follow_bot,55,152,8798,0.45,0.27,0.95,0.57,0.0011,1
active_human,483,292,205,0.45,0.72,0.14,0.19,0.0627,0
active_human,1094,137,194,2.21,0.67,0.03,0.16,0.0743,0
follow_bot,29,195,6115,1.37,0.21,0.85,0.47,0.0013,1
lurker_human,783,89,362,0.07,0.51,0.06,0.2,0.0346,0
follow_bot,32,118,7971,1.05,0.29,0.86,0.66,0.0002,1
spambot,4,57,4134,19.96,0.39,0.8,0.82,0.0015,1
creator_human,1369,2359,321,1.52,0.97,0.11,0.19,0.0865,0
compromised_bot,2187,341,4908,12.92,0.74,0.71,0.69,0.002,1
active_human,201,500,713,1.81,0.8,0.12,0.14,0.1165,0
active_human,540,183,217,0.81,0.8,0.09,0.16,0.0893,0
follow_bot,23,80,3266,0.28,0.36,1.0,0.8,0.0012,1
spambot,46,19,2484,15.57,0.4,0.85,0.99,0.0012,1
compromised_bot,1983,1184,5575,20.6,0.79,0.9,0.73,0.0061,1
lurker_human,528,41,385,0.05,0.62,0.05,0.19,0.0537,0
active_human,173,1240,871,2.21,0.72,0.13,0.25,0.0415,0
active_human,481,54,62,1.05,0.95,0.09,0.38,0.0552,0
active_human,1163,153,233,0.28,0.8,0.02,0.3,0.0323,0
active_human,503,308,246,1.87,0.71,0.2,0.14,0.1011,0
lurker_human,490,81,69,0.14,0.53,0.02,0.29,0.0497,0
active_human,273,182,219,1.52,0.98,0.04,0.29,0.0963,0
compromised_bot,1601,875,7985,41.13,0.7,0.74,0.65,0.0034,1
lurker_human,315,96,168,0.14,0.41,0.07,0.25,0.0223,0
lurker_human,244,98,286,0.06,0.59,0.05,0.27,0.0532,0
active_human,432,95,126,0.32,0.98,0.08,0.39,0.05,0
follow_bot,19,191,4789,0.43,0.24,0.87,0.61,0.0014,1
spambot,18,11,5193,42.86,0.42,0.81,0.81,0.0016,1
active_human,376,318,348,1.93,0.8,0.02,0.36,0.1113,0
active_human,384,61,104,0.51,0.82,0.11,0.28,0.0538,0
lurker_human,578,125,116,0.13,0.47,0.03,0.25,0.026,0
lurker_human,364,62,67,0.01,0.6,0.06,0.11,0.0181,0
active_human,1112,330,276,1.4,0.9,0.33,0.23,0.0379,0
spambot,31,26,2385,54.74,0.17,0.77,0.8,0.0002,1
active_human,338,65,89,2.43,0.76,0.19,0.11,0.0672,0
active_human,805,386,366,0.43,0.7,0.07,0.4,0.0234,0
lurker_human,494,60,139,0.11,0.67,0.11,0.2,0.0407,0
spambot,18,72,7062,29.91,0.39,0.74,0.93,0.0009,1
follow_bot,5,165,6852,1.44,0.3,0.98,0.71,0.0013,1
active_human,528,110,158,1.96,0.81,0.12,0.35,0.117,0
active_human,326,70,84,1.45,0.66,0.07,0.21,0.0366,0
spambot,15,79,6628,54.47,0.16,0.88,0.79,0.0028,1
spambot,2,21,2871,64.48,0.45,0.95,0.9,0.0,1
spambot,5,13,4591,49.86,0.36,0.88,0.84,0.0015,1
compromised_bot,1012,278,5288,30.77,0.82,0.77,0.63,0.0033,1
lurker_human,592,65,118,0.04,0.72,0.08,0.13,0.0283,0
lurker_human,184,57,306,0.14,0.4,0.11,0.23,0.0186,0
active_human,292,269,374,1.35,0.63,0.07,0.25,0.0996,0
lurker_human,633,86,258,0.05,0.43,0.1,0.09,0.0112,0
lurker_human,710,88,245,0.02,0.69,0.04,0.28,0.0256,0
active_human,525,244,249,0.85,0.36,0.06,0.2,0.0204,0
compromised_bot,1628,433,4036,16.3,0.72,0.71,0.76,0.0049,1
active_human,164,42,57,1.31,0.94,0.08,0.17,0.1101,0
spambot,4,46,2377,28.16,0.32,0.87,0.84,0.002,1
active_human,989,903,1157,1.23,0.84,0.03,0.26,0.0973,0
compromised_bot,1789,902,4812,13.1,0.76,0.71,0.73,0.0078,1
follow_bot,11,123,5711,1.42,0.58,0.86,0.56,0.0001,1
active_human,673,98,132,1.54,0.66,0.04,0.36,0.0856,0
active_human,586,279,288,0.73,0.65,0.09,0.36,0.1181,0
follow_bot,33,42,4338,0.78,0.34,0.94,0.71,0.0013,1
follow_bot,36,188,7649,1.06,0.44,0.94,0.54,0.0009,1
creator_human,1465,24775,730,1.96,0.9,0.19,0.27,0.0412,0
compromised_bot,858,1498,5294,43.35,0.82,0.67,0.67,0.0013,1
creator_human,812,40521,430,2.99,0.95,0.22,0.33,0.0771,0
follow_bot,32,183,7667,1.15,0.22,0.89,0.74,0.0019,1
lurker_human,548,65,118,0.15,0.51,0.07,0.18,0.0485,0
lurker_human,623,147,196,0.14,0.7,0.05,0.23,0.0481,0
follow_bot,8,22,8834,0.15,0.25,0.97,0.73,0.0012,1
creator_human,1407,16800,779,3.33,0.88,0.06,0.25,0.1282,0
active_human,1043,92,113,0.22,0.51,0.02,0.16,0.0973,0
active_human,546,450,516,1.77,0.72,0.04,0.34,0.0589,0
active_human,190,145,177,2.18,0.99,0.03,0.13,0.0616,0
active_human,344,146,106,1.18,0.88,0.02,0.17,0.0561,0
active_human,578,121,208,2.06,0.93,0.18,0.36,0.1159,0
lurker_human,501,119,359,0.05,0.43,0.03,0.25,0.0439,0
active_human,668,73,87,1.71,0.88,0.15,0.15,0.087,0
active_human,703,205,253,1.18,0.91,0.02,0.11,0.1166,0
active_human,360,587,447,1.11,0.7,0.12,0.13,0.0543,0
creator_human,970,1593,161,1.72,0.88,0.07,0.19,0.1028,0
spambot,17,5,3233,17.62,0.44,0.75,0.91,0.0027,1
spambot,4,65,7170,16.51,0.31,0.87,0.92,0.0,1
follow_bot,31,35,4284,0.99,0.48,0.91,0.44,0.0012,1
follow_bot,45,47,4014,1.08,0.21,1.0,0.41,0.0007,1
active_human,261,661,681,1.46,0.9,0.06,0.32,0.0718,0
follow_bot,20,74,7592,0.84,0.42,0.92,0.47,0.0004,1
active_human,1292,297,370,1.7,0.92,0.36,0.39,0.0456,0
active_human,678,88,135,2.16,0.6,0.01,0.36,0.0746,0
compromised_bot,1039,1116,6452,36.73,0.75,0.68,0.7,0.0023,1
active_human,942,164,125,0.94,0.74,0.06,0.3,0.0549,0
spambot,14,9,5275,37.7,0.13,0.77,0.81,0.0007,1
lurker_human,864,133,389,0.05,0.42,0.07,0.16,0.0327,0
creator_human,678,64136,1170,1.1,0.95,0.14,0.29,0.0872,0
compromised_bot,1233,519,5134,16.96,0.83,0.86,0.88,0.0024,1
follow_bot,33,133,6809,1.25,0.45,0.95,0.5,0.0016,1
spambot,28,44,6700,64.19,0.31,0.89,0.88,0.0023,1
compromised_bot,2212,457,5662,28.83,0.84,0.67,0.7,0.0037,1
spambot,4,42,6861,32.46,0.45,0.88,0.96,0.0024,1
spambot,28,31,5667,26.55,0.28,0.89,0.78,0.0028,1
active_human,958,90,122,0.28,0.9,0.05,0.29,0.0986,0
creator_human,870,6319,642,1.07,0.9,0.25,0.18,0.0337,0
creator_human,1932,7864,473,2.98,0.85,0.14,0.29,0.0798,0
active_human,455,451,640,1.3,0.71,0.14,0.19,0.063,0
active_human,458,324,329,0.81,0.93,0.04,0.14,0.111,0
lurker_human,450,137,207,0.05,0.4,0.03,0.1,0.0244,0
follow_bot,26,171,3169,1.24,0.3,0.9,0.42,0.0008,1
follow_bot,23,36,6087,1.49,0.49,0.93,0.61,0.0001,1
compromised_bot,2108,1029,6072,13.47,0.57,0.71,0.76,0.0025,1
spambot,12,19,5796,52.2,0.17,0.93,0.84,0.001,1
active_human,591,86,97,1.82,0.96,0.15,0.29,0.0497,0
active_human,933,1607,2053,2.27,0.7,0.09,0.1,0.0679,0
active_human,132,593,771,2.24,0.89,0.16,0.36,0.0727,0
spambot,8,47,3551,63.86,0.22,0.89,0.79,0.0004,1
spambot,28,59,2958,59.71,0.15,0.8,0.87,0.0001,1
active_human,603,465,642,0.7,0.96,0.16,0.31,0.085,0
follow_bot,29,34,3096,1.33,0.23,0.97,0.66,0.0012,1
active_human,439,230,276,1.3,0.91,0.34,0.21,0.0793,0
spambot,16,49,5855,25.94,0.32,0.73,0.88,0.0018,1
active_human,957,193,195,1.36,0.88,0.17,0.23,0.1126,0
compromised_bot,1717,560,6543,12.35,0.7,0.76,0.71,0.0058,1
lurker_human,197,62,307,0.12,0.74,0.08,0.19,0.0248,0
active_human,473,1651,1570,0.38,0.74,0.04,0.22,0.0796,0
creator_human,1626,4380,997,3.85,1.0,0.1,0.26,0.0461,0
active_human,256,249,302,2.22,0.77,0.11,0.18,0.0676,0
lurker_human,395,130,108,0.12,0.43,0.03,0.07,0.0259,0
lurker_human,175,105,115,0.01,0.55,0.06,0.29,0.0221,0
active_human,559,97,159,1.64,0.65,0.12,0.34,0.0361,0
active_human,173,190,171,0.97,0.72,0.25,0.19,0.0337,0
active_human,542,248,222,0.2,0.85,0.12,0.34,0.1077,0
spambot,2,25,4843,18.24,0.35,0.88,0.96,0.0016,1
lurker_human,288,126,210,0.06,0.73,0.1,0.28,0.0599,0
lurker_human,975,142,112,0.08,0.58,0.02,0.16,0.0293,0
active_human,561,414,328,1.12,0.97,0.05,0.2,0.076,0
active_human,526,200,208,0.93,0.92,0.2,0.22,0.09,0
spambot,11,27,6233,20.81,0.16,0.77,0.77,0.0021,1
active_human,408,1123,849,1.56,0.85,0.12,0.35,0.0621,0
spambot,29,32,2643,50.1,0.42,0.97,0.82,0.0029,1
lurker_human,641,53,245,0.14,0.74,0.04,0.14,0.0291,0
follow_bot,54,124,5652,0.75,0.49,0.98,0.49,0.0012,1
lurker_human,773,118,346,0.09,0.58,0.05,0.11,0.0356,0
creator_human,1311,11903,261,2.52,0.86,0.23,0.21,0.1071,0
creator_human,1634,165931,1091,2.83,0.97,0.14,0.19,0.0406,0
spambot,9,31,2083,48.72,0.17,0.84,0.82,0.0028,1
active_human,709,227,269,0.67,0.92,0.09,0.14,0.0854,0
compromised_bot,2395,247,7262,32.23,0.57,0.73,0.79,0.0063,1
lurker_human,744,132,176,0.11,0.73,0.09,0.13,0.0277,0
active_human,467,572,755,1.83,0.91,0.06,0.25,0.0657,0
compromised_bot,1128,1000,6743,31.96,0.71,0.73,0.72,0.0036,1
active_human,524,96,109,2.48,0.85,0.19,0.33,0.089,0
compromised_bot,1936,394,5988,26.45,0.63,0.94,0.6,0.0075,1
compromised_bot,1750,237,4244,26.48,0.77,0.67,0.89,0.0053,1
follow_bot,54,35,4622,0.15,0.54,0.86,0.76,0.0011,1
active_human,741,154,180,1.96,0.9,0.08,0.18,0.083,0
active_human,572,967,1182,0.67,0.28,0.2,0.35,0.0425,0
spambot,15,25,6827,44.69,0.29,0.92,0.88,0.0025,1
active_human,335,332,438,0.62,0.69,0.04,0.24,0.0309,0
lurker_human,1614,134,112,0.08,0.5,0.12,0.19,0.0383,0
active_human,304,202,221,1.79,0.56,0.03,0.39,0.0414,0
creator_human,1202,15027,872,2.19,0.86,0.09,0.22,0.1451,0
active_human,380,285,231,1.87,0.93,0.13,0.26,0.0548,0
active_human,619,108,157,0.87,0.87,0.17,0.18,0.0456,0
creator_human,1722,8935,1128,3.47,0.95,0.09,0.33,0.0539,0
spambot,7,40,4219,37.77,0.4,0.74,0.76,0.0012,1
active_human,932,456,580,0.46,0.83,0.14,0.22,0.0824,0
spambot,15,79,2429,37.31,0.43,0.83,0.8,0.0005,1
compromised_bot,2321,1179,7677,10.29,0.6,0.92,0.76,0.0054,1
compromised_bot,1327,725,5586,21.33,0.84,0.67,0.82,0.0056,1
active_human,210,116,144,1.49,0.78,0.24,0.31,0.099,0
active_human,828,235,184,1.64,0.92,0.09,0.39,0.0659,0
active_human,279,492,398,0.99,0.77,0.08,0.34,0.0953,0
active_human,448,433,359,1.11,0.72,0.02,0.18,0.1191,0
follow_bot,55,51,3398,0.12,0.38,0.94,0.42,0.0003,1
active_human,610,268,314,1.01,0.67,0.02,0.14,0.047,0
active_human,629,341,253,1.64,0.94,0.24,0.4,0.0881,0
lurker_human,599,75,181,0.09,0.68,0.03,0.18,0.0483,0
compromised_bot,1863,778,4636,14.96,0.68,0.75,0.74,0.0054,1
active_human,1408,179,208,1.81,0.56,0.26,0.19,0.034,0
active_human,462,134,168,0.29,0.79,0.04,0.1,0.1155,0
active_human,220,239,361,1.21,0.65,0.22,0.31,0.0721,0
active_human,827,218,284,2.09,0.8,0.01,0.11,0.1105,0
lurker_human,246,62,266,0.13,0.68,0.1,0.23,0.0422,0
lurker_human,790,37,247,0.08,0.47,0.07,0.12,0.0127,0
lurker_human,417,103,366,0.13,0.6,0.1,0.09,0.0279,0
creator_human,1050,19235,554,1.18,0.98,0.17,0.32,0.0312,0
follow_bot,13,112,7752,0.68,0.47,0.94,0.47,0.001,1
active_human,333,186,228,0.88,0.95,0.14,0.27,0.0799,0
active_human,411,269,217,1.98,0.87,0.11,0.37,0.1164,0
follow_bot,55,143,6490,0.82,0.3,0.88,0.51,0.0,1
creator_human,894,20552,1007,2.48,0.93,0.24,0.2,0.1235,0
spambot,2,15,2755,50.13,0.34,0.85,0.92,0.0019,1
spambot,5,18,5349,22.58,0.25,0.9,0.92,0.0021,1
active_human,425,372,347,1.93,0.97,0.03,0.27,0.1098,0
active_human,599,170,148,1.41,0.54,0.14,0.26,0.0545,0
spambot,4,67,6424,22.24,0.42,0.92,0.89,0.0009,1
creator_human,1629,16899,595,3.64,0.97,0.24,0.26,0.0942,0
compromised_bot,1485,907,5123,27.26,0.51,0.71,0.79,0.0038,1
creator_human,1164,2924,478,1.22,0.99,0.05,0.22,0.1116,0
active_human,443,274,405,0.65,0.53,0.09,0.19,0.0649,0
spambot,49,54,3511,56.05,0.19,0.78,0.99,0.001,1
lurker_human,539,119,387,0.08,0.43,0.05,0.22,0.0558,0
active_human,1388,518,500,0.22,0.85,0.12,0.25,0.0341,0
active_human,628,183,258,0.53,0.78,0.05,0.21,0.0382,0
spambot,4,49,5945,42.02,0.25,0.89,0.85,0.0025,1
spambot,12,35,4716,56.44,0.29,0.72,0.89,0.0011,1
lurker_human,1039,122,322,0.03,0.47,0.08,0.15,0.0481,0
active_human,1051,252,220,1.09,0.85,0.18,0.15,0.0509,0
active_human,691,469,532,2.47,0.9,0.15,0.2,0.0773,0
active_human,295,326,214,2.34,0.87,0.08,0.22,0.0743,0
follow_bot,44,31,6555,0.13,0.28,0.86,0.63,0.0013,1
active_human,465,545,454,1.57,0.68,0.04,0.39,0.0588,0
creator_human,1495,40732,411,3.37,0.96,0.19,0.34,0.0741,0
active_human,700,123,114,2.33,0.97,0.03,0.19,0.1146,0
lurker_human,852,41,104,0.1,0.43,0.12,0.1,0.0238,0
compromised_bot,2069,269,6077,38.16,0.59,0.68,0.67,0.0072,1
active_human,868,74,80,2.47,0.92,0.1,0.35,0.0824,0
compromised_bot,2421,271,6952,16.09,0.75,0.79,0.74,0.0052,1
spambot,3,69,6265,62.39,0.14,0.76,0.77,0.0026,1
compromised_bot,1232,208,6443,41.9,0.52,0.71,0.6,0.0018,1
creator_human,984,15162,151,3.48,0.99,0.19,0.31,0.1201,0
active_human,592,801,994,0.28,0.91,0.08,0.3,0.0775,0
compromised_bot,1400,1469,7483,39.52,0.81,0.88,0.85,0.0022,1
active_human,818,123,136,2.06,0.9,0.03,0.16,0.1152,0
active_human,799,403,323,2.43,0.73,0.09,0.4,0.1054,0
compromised_bot,2081,949,4056,42.42,0.72,0.93,0.67,0.0078,1
follow_bot,36,168,6907,1.4,0.23,0.92,0.69,0.0001,1
spambot,7,70,2300,43.8,0.29,0.94,0.91,0.0013,1
spambot,21,26,5981,42.19,0.23,0.95,0.94,0.0002,1
spambot,12,35,3249,28.32,0.44,0.84,0.96,0.0006,1
compromised_bot,1782,1159,5657,23.64,0.67,0.83,0.84,0.0069,1
active_human,258,329,380,0.4,0.48,0.11,0.19,0.0768,0
creator_human,1408,12513,868,2.65,0.99,0.2,0.24,0.1477,0
spambot,1,47,1912,42.7,0.22,0.93,0.96,0.0007,1
spambot,12,51,4316,54.34,0.3,0.88,0.76,0.0018,1
active_human,215,237,189,1.33,0.66,0.16,0.18,0.0688,0
spambot,10,14,4337,18.59,0.39,0.96,0.8,0.0023,1
active_human,268,582,528,0.65,0.89,0.09,0.36,0.0282,0
active_human,608,227,345,1.57,0.66,0.16,0.21,0.0245,0
compromised_bot,1659,394,4857,35.43,0.58,0.67,0.84,0.0049,1
spambot,23,57,2232,22.23,0.38,0.83,0.95,0.0013,1
active_human,714,137,140,2.33,0.81,0.1,0.14,0.1176,0
active_human,165,53,82,0.77,0.89,0.04,0.11,0.069,0
lurker_human,203,119,199,0.01,0.56,0.12,0.21,0.0277,0
active_human,557,389,450,1.04,0.57,0.01,0.21,0.0843,0
follow_bot,55,67,7613,0.99,0.41,0.94,0.41,0.0,1
creator_human,1085,13166,364,2.81,0.96,0.08,0.24,0.0478,0
lurker_human,331,103,54,0.02,0.46,0.07,0.1,0.0238,0
spambot,5,48,5375,57.12,0.37,0.98,0.84,0.0027,1
active_human,313,35,54,1.47,0.48,0.06,0.17,0.0684,0
lurker_human,1275,98,63,0.06,0.44,0.05,0.07,0.0501,0
follow_bot,5,44,7181,0.64,0.37,0.94,0.42,0.0004,1
active_human,1102,756,622,0.44,0.9,0.19,0.12,0.0495,0
follow_bot,39,193,8036,1.1,0.47,0.85,0.47,0.0019,1
lurker_human,355,147,81,0.12,0.44,0.01,0.17,0.0396,0
active_human,529,1059,728,1.64,0.71,0.05,0.22,0.0459,0
compromised_bot,1561,1465,6474,31.34,0.58,0.9,0.79,0.0025,1
lurker_human,395,105,353,0.08,0.66,0.01,0.2,0.0378,0
follow_bot,15,122,8587,1.34,0.36,0.87,0.65,0.0017,1
active_human,410,621,704,1.55,0.91,0.02,0.36,0.0945,0
creator_human,1063,20098,862,3.4,0.88,0.18,0.16,0.0664,0
spambot,3,54,2035,21.6,0.42,0.91,0.98,0.0013,1
creator_human,3197,15563,375,4.37,1.0,0.14,0.31,0.1087,0
active_human,766,484,546,1.71,0.6,0.24,0.25,0.0373,0
spambot,18,24,6419,54.82,0.26,0.75,0.91,0.0018,1
active_human,541,289,309,0.86,0.88,0.1,0.28,0.0588,0
compromised_bot,1720,528,4943,42.47,0.57,0.8,0.66,0.0023,1
compromised_bot,1883,338,7952,20.18,0.55,0.75,0.71,0.0062,1
follow_bot,53,46,4139,0.49,0.34,0.97,0.8,0.0004,1
active_human,955,173,188,1.56,0.71,0.01,0.14,0.0566,0
active_human,714,186,246,0.41,0.8,0.03,0.29,0.1177,0
active_human,1152,683,526,1.56,0.54,0.03,0.34,0.1154,0
active_human,127,395,427,1.47,0.81,0.16,0.39,0.1061,0
lurker_human,573,72,230,0.04,0.68,0.04,0.27,0.0149,0
active_human,338,380,442,2.39,0.8,0.05,0.21,0.1053,0
follow_bot,32,122,8608,1.38,0.26,0.86,0.61,0.0,1
spambot,11,8,2558,33.12,0.23,0.82,0.75,0.0003,1
lurker_human,657,100,371,0.04,0.52,0.01,0.09,0.0262,0
active_human,402,180,142,2.42,0.66,0.07,0.25,0.0358,0
spambot,21,75,4363,33.88,0.1,0.77,0.86,0.0021,1
active_human,896,89,107,2.45,0.77,0.08,0.17,0.0249,0
compromised_bot,2040,810,4835,21.65,0.83,0.95,0.7,0.0051,1
spambot,2,15,5331,38.88,0.22,0.95,0.86,0.0016,1
spambot,2,71,5039,52.16,0.18,0.81,0.82,0.0007,1
creator_human,1134,16837,414,1.34,0.9,0.06,0.28,0.068,0
spambot,1,7,3120,34.13,0.15,0.98,0.82,0.0022,1
active_human,1102,473,454,0.39,0.83,0.23,0.13,0.0634,0
lurker_human,513,115,281,0.1,0.53,0.08,0.3,0.0593,0
active_human,690,43,75,1.33,0.75,0.07,0.25,0.0697,0
spambot,9,73,4602,59.58,0.43,0.89,0.87,0.0026,1
creator_human,2636,5765,109,1.66,0.91,0.22,0.32,0.0522,0
active_human,152,1405,1801,0.79,0.83,0.02,0.27,0.0749,0
lurker_human,302,54,190,0.14,0.44,0.04,0.29,0.0175,0
spambot,1,67,2040,59.38,0.41,0.94,0.84,0.0002,1
active_human,320,137,237,1.29,0.89,0.03,0.33,0.0823,0
active_human,413,2006,1719,2.45,0.82,0.05,0.29,0.0878,0
creator_human,882,16117,848,2.85,0.88,0.07,0.32,0.1139,0
active_human,996,356,521,1.83,0.84,0.12,0.3,0.0421,0
lurker_human,466,145,268,0.13,0.54,0.01,0.12,0.0168,0
active_human,1086,101,152,0.61,0.93,0.14,0.23,0.0617,0
lurker_human,963,86,325,0.05,0.67,0.08,0.2,0.0191,0
active_human,766,1215,1247,1.72,0.76,0.07,0.22,0.0254,0
follow_bot,11,183,5229,0.65,0.54,0.99,0.57,0.0009,1
creator_human,823,11873,769,1.77,0.87,0.16,0.28,0.0983,0
spambot,2,52,5479,23.91,0.34,0.76,0.94,0.0006,1
creator_human,1625,15672,463,4.09,0.88,0.12,0.18,0.1024,0
creator_human,1217,26209,379,2.12,0.91,0.09,0.22,0.0586,0
compromised_bot,859,350,3830,17.35,0.53,0.85,0.77,0.003,1
spambot,23,20,6510,60.92,0.33,0.77,0.9,0.0012,1
creator_human,1423,75211,463,1.88,0.93,0.07,0.33,0.0464,0
creator_human,1166,5763,217,1.44,0.95,0.24,0.19,0.1391,0
creator_human,1016,80203,858,2.83,0.89,0.08,0.18,0.134,0
active_human,490,484,493,0.68,0.63,0.22,0.18,0.0483,0
follow_bot,45,89,4606,0.61,0.22,0.86,0.57,0.0004,1
active_human,932,202,221,0.82,0.79,0.1,0.19,0.0727,0
compromised_bot,2025,662,7842,17.98,0.8,0.87,0.76,0.0046,1
creator_human,2004,25291,274,1.23,0.92,0.12,0.28,0.1367,0
active_human,679,58,88,1.56,0.92,0.18,0.32,0.0777,0
active_human,262,562,640,0.69,0.86,0.04,0.37,0.043,0
creator_human,1843,18682,901,2.68,0.96,0.12,0.2,0.0434,0
active_human,335,587,850,0.58,0.62,0.13,0.29,0.0729,0
active_human,560,162,245,1.21,0.79,0.26,0.15,0.1035,0
lurker_human,990,108,232,0.07,0.69,0.01,0.05,0.0123,0
lurker_human,1324,100,187,0.02,0.75,0.09,0.21,0.0394,0
lurker_human,983,82,110,0.13,0.55,0.08,0.12,0.0417,0
compromised_bot,1027,1341,5134,41.6,0.55,0.79,0.7,0.0027,1
active_human,249,166,200,1.4,0.92,0.16,0.4,0.0865,0
active_human,261,321,291,2.01,0.93,0.01,0.14,0.0335,0
active_human,742,390,413,0.65,0.6,0.08,0.34,0.105,0
active_human,680,246,366,1.83,0.61,0.27,0.14,0.0731,0
creator_human,1546,155088,306,4.49,0.91,0.22,0.32,0.0579,0
active_human,329,1661,2039,1.91,0.87,0.2,0.3,0.0674,0
active_human,562,396,281,0.31,0.83,0.29,0.23,0.0312,0
follow_bot,43,185,4181,1.0,0.4,0.99,0.68,0.0008,1
active_human,1991,490,394,2.41,0.71,0.09,0.32,0.1178,0
lurker_human,858,119,321,0.14,0.72,0.04,0.22,0.0373,0
spambot,11,19,5588,54.38,0.35,0.89,0.76,0.0022,1
creator_human,1723,7628,1185,2.48,0.96,0.13,0.17,0.0508,0
follow_bot,52,122,4562,1.4,0.46,0.87,0.46,0.0005,1
creator_human,873,33901,987,2.93,0.95,0.21,0.24,0.1421,0
lurker_human,710,85,130,0.01,0.49,0.11,0.24,0.0195,0
active_human,221,61,84,0.84,0.66,0.1,0.14,0.0528,0
lurker_human,264,82,284,0.14,0.53,0.1,0.06,0.0216,0
active_human,264,613,491,1.97,0.69,0.02,0.27,0.0581,0
spambot,4,26,7253,18.38,0.29,0.91,0.82,0.0002,1
lurker_human,389,112,83,0.02,0.51,0.04,0.28,0.0591,0
active_human,771,232,214,2.4,0.99,0.06,0.34,0.0971,0
lurker_human,409,94,171,0.02,0.63,0.04,0.19,0.0428,0
lurker_human,542,136,94,0.11,0.64,0.11,0.14,0.0253,0
active_human,269,666,572,1.37,0.92,0.06,0.19,0.0834,0
spambot,13,33,1960,62.24,0.13,0.77,0.96,0.0001,1
creator_human,1179,7169,1025,3.83,0.87,0.05,0.22,0.0889,0
spambot,23,66,2231,39.4,0.43,0.78,0.76,0.0019,1
active_human,624,166,140,1.92,0.52,0.14,0.15,0.1138,0
compromised_bot,2280,774,4930,41.53,0.71,0.73,0.73,0.0069,1
follow_bot,47,74,6639,1.05,0.23,0.96,0.63,0.0005,1
spambot,3,78,2757,35.05,0.37,0.79,0.76,0.0005,1
creator_human,1003,15361,273,2.48,0.85,0.17,0.33,0.1223,0
compromised_bot,1035,941,7272,43.82,0.56,0.69,0.73,0.0058,1
lurker_human,553,58,347,0.03,0.68,0.09,0.08,0.021,0
spambot,5,73,5785,24.6,0.4,0.79,0.82,0.001,1
spambot,3,35,3555,50.55,0.27,0.9,0.86,0.0014,1
follow_bot,7,82,7815,0.88,0.46,0.9,0.61,0.0005,1
active_human,606,219,187,1.35,0.89,0.18,0.33,0.0915,0
lurker_human,232,86,271,0.04,0.41,0.03,0.16,0.014,0
spambot,13,38,3195,60.76,0.19,0.9,0.76,0.0023,1
active_human,190,395,260,0.36,0.72,0.47,0.12,0.0847,0
follow_bot,21,60,3986,0.98,0.39,1.0,0.56,0.0019,1
lurker_human,309,64,331,0.09,0.48,0.08,0.1,0.0158,0
lurker_human,656,78,89,0.13,0.56,0.04,0.12,0.0384,0
active_human,819,120,133,1.79,0.77,0.12,0.12,0.0805,0
active_human,1156,811,1177,0.94,0.83,0.09,0.15,0.0245,0
active_human,499,88,148,2.25,0.93,0.28,0.36,0.0258,0
creator_human,568,7167,598,3.19,1.0,0.06,0.25,0.0418,0
active_human,309,449,496,0.37,0.69,0.08,0.27,0.0558,0
active_human,1000,190,156,1.69,0.89,0.05,0.31,0.1038,0
active_human,315,24,65,1.75,0.96,0.17,0.16,0.0241,0
spambot,60,40,1590,45.01,0.28,0.91,0.95,0.003,1
lurker_human,554,141,206,0.06,0.65,0.01,0.26,0.0571,0
follow_bot,45,170,4635,0.43,0.24,0.94,0.68,0.0004,1
spambot,35,10,4289,21.1,0.39,0.96,0.8,0.0022,1
creator_human,1575,7790,852,2.05,0.97,0.1,0.22,0.077,0
active_human,1036,301,276,2.39,0.68,0.01,0.21,0.0975,0
compromised_bot,1841,813,6547,37.43,0.6,0.9,0.83,0.0044,1
active_human,565,316,459,1.5,0.67,0.06,0.24,0.0911,0
creator_human,1070,37832,714,1.55,0.93,0.11,0.16,0.0846,0
spambot,34,39,4386,33.2,0.27,0.9,0.92,0.0013,1
lurker_human,586,45,183,0.03,0.58,0.12,0.14,0.0247,0
creator_human,1569,4087,151,1.01,0.91,0.19,0.27,0.0835,0
active_human,598,336,282,1.57,0.75,0.1,0.22,0.093,0
active_human,578,242,285,1.99,0.86,0.04,0.15,0.0661,0
creator_human,970,5183,758,2.45,0.99,0.07,0.17,0.1119,0
active_human,431,165,265,2.29,0.98,0.1,0.4,0.0984,0
spambot,5,50,2111,63.94,0.15,0.93,0.8,0.0011,1
spambot,44,49,6549,49.28,0.16,0.86,0.95,0.0001,1
lurker_human,255,122,51,0.03,0.54,0.02,0.13,0.0422,0
active_human,624,260,274,1.41,0.81,0.12,0.23,0.0764,0
lurker_human,625,51,215,0.05,0.54,0.04,0.14,0.0496,0
active_human,471,775,1044,1.02,0.87,0.18,0.35,0.1086,0
creator_human,695,37047,1008,1.15,0.91,0.22,0.34,0.0402,0
spambot,5,71,4685,42.38,0.45,0.76,0.78,0.0018,1
follow_bot,53,105,8717,1.47,0.6,0.97,0.72,0.0015,1
active_human,525,393,525,2.3,0.73,0.29,0.34,0.0411,0
active_human,1216,1267,1564,1.0,0.83,0.25,0.27,0.1036,0
active_human,725,705,626,2.23,0.86,0.02,0.17,0.113,0
active_human,1263,81,78,0.51,0.9,0.14,0.18,0.0994,0
compromised_bot,1495,680,5256,15.79,0.63,0.67,0.79,0.0041,1
creator_human,1266,2611,448,1.5,0.93,0.2,0.26,0.1348,0
active_human,335,89,119,0.58,0.92,0.04,0.34,0.0393,0
active_human,1237,897,748,2.09,0.76,0.08,0.28,0.0939,0
active_human,420,101,158,0.5,0.86,0.02,0.39,0.0693,0
spambot,19,26,6219,26.94,0.28,0.89,0.86,0.0002,1
active_human,167,180,224,1.51,0.97,0.01,0.13,0.1119,0
lurker_human,278,108,212,0.13,0.47,0.09,0.2,0.0473,0
spambot,17,69,1500,58.72,0.29,0.91,0.89,0.0001,1
active_human,527,197,282,0.67,0.79,0.17,0.25,0.0507,0
active_human,800,184,273,0.48,0.89,0.1,0.26,0.0461,0
creator_human,1585,7648,215,2.89,0.92,0.21,0.16,0.1053,0
spambot,10,16,4820,48.98,0.41,0.82,0.88,0.0007,1
lurker_human,996,132,236,0.15,0.51,0.06,0.21,0.0201,0
spambot,17,51,2578,29.22,0.42,0.74,0.85,0.0023,1
active_human,251,401,416,1.07,0.97,0.01,0.26,0.1137,0
active_human,561,415,490,1.95,0.76,0.18,0.19,0.0426,0
compromised_bot,979,982,4026,25.62,0.76,0.66,0.88,0.005,1
spambot,14,34,3495,64.31,0.31,0.89,0.9,0.0009,1
active_human,835,181,211,2.39,0.75,0.1,0.23,0.0451,0
compromised_bot,2337,535,5100,25.98,0.77,0.71,0.78,0.0047,1
creator_human,731,27166,1196,2.5,0.99,0.15,0.17,0.1117,0
active_human,1014,291,270,0.8,0.68,0.19,0.33,0.0901,0
active_human,359,332,345,2.24,0.82,0.15,0.37,0.0949,0
compromised_bot,2315,1318,3523,27.28,0.69,0.66,0.67,0.0059,1
spambot,13,26,5465,19.8,0.43,0.94,0.77,0.0005,1
creator_human,1217,9499,693,2.0,0.87,0.19,0.24,0.0582,0
active_human,1053,114,179,0.61,0.76,0.01,0.32,0.0342,0
lurker_human,822,105,323,0.08,0.46,0.03,0.14,0.0481,0
spambot,9,26,7443,29.03,0.28,0.94,0.98,0.0019,1
active_human,290,669,554,2.23,0.83,0.02,0.38,0.0788,0
spambot,3,19,6018,51.65,0.11,0.73,0.94,0.0013,1
lurker_human,772,66,340,0.11,0.64,0.04,0.27,0.0122,0
active_human,758,551,613,0.61,0.89,0.1,0.31,0.098,0
follow_bot,19,162,8932,0.7,0.52,0.99,0.58,0.0002,1
compromised_bot,1163,1290,5594,41.07,0.69,0.87,0.65,0.0017,1
active_human,326,552,532,0.35,0.63,0.05,0.26,0.0536,0
active_human,852,217,240,0.29,0.71,0.03,0.24,0.062,0
active_human,476,129,149,0.57,0.97,0.09,0.22,0.0455,0
active_human,629,149,160,1.22,0.95,0.07,0.37,0.045,0
spambot,1,14,4530,52.11,0.42,0.81,0.88,0.0027,1
lurker_human,290,140,220,0.1,0.49,0.1,0.1,0.0583,0
active_human,333,274,345,0.91,0.8,0.11,0.13,0.0985,0
follow_bot,39,85,3661,1.18,0.26,0.97,0.57,0.0015,1
active_human,617,649,696,1.98,0.93,0.08,0.19,0.1089,0
spambot,12,78,6264,44.49,0.12,0.95,0.99,0.0021,1
active_human,308,272,364,1.12,0.91,0.09,0.33,0.085,0
active_human,834,125,171,1.86,0.99,0.27,0.23,0.1077,0
active_human,718,56,73,1.55,0.73,0.14,0.39,0.0373,0
active_human,462,266,226,0.69,0.96,0.07,0.2,0.043,0
active_human,229,192,264,2.45,0.84,0.14,0.36,0.1145,0
active_human,976,1329,1235,2.14,0.81,0.05,0.12,0.0975,0
compromised_bot,2450,981,5639,38.21,0.62,0.8,0.87,0.0037,1
active_human,507,155,235,0.65,0.94,0.45,0.33,0.0508,0
active_human,746,157,194,0.38,0.82,0.09,0.36,0.0352,0
lurker_human,287,136,77,0.12,0.51,0.11,0.1,0.0531,0
active_human,408,182,162,1.78,0.55,0.01,0.13,0.078,0
lurker_human,354,147,205,0.15,0.72,0.07,0.22,0.0366,0
lurker_human,823,147,136,0.06,0.74,0.11,0.2,0.0277,0
active_human,676,774,899,1.95,0.91,0.15,0.17,0.1002,0
active_human,585,144,181,0.99,0.97,0.28,0.38,0.0378,0
lurker_human,520,128,316,0.12,0.58,0.08,0.22,0.051,0
spambot,57,67,3198,17.51,0.24,0.94,0.78,0.0022,1
lurker_human,409,83,145,0.13,0.72,0.05,0.28,0.0127,0
spambot,7,79,4153,56.79,0.32,0.83,0.79,0.0028,1
active_human,584,117,144,2.43,0.63,0.03,0.38,0.0966,0
lurker_human,570,129,227,0.09,0.42,0.05,0.15,0.0198,0
active_human,782,364,353,2.19,0.95,0.01,0.39,0.0556,0
lurker_human,1128,95,147,0.05,0.45,0.06,0.06,0.0401,0
lurker_human,552,42,333,0.03,0.68,0.09,0.29,0.0368,0
active_human,276,186,223,1.65,0.82,0.25,0.33,0.0991,0
active_human,475,456,578,2.15,0.83,0.06,0.37,0.0953,0
spambot,4,53,4358,25.53,0.33,0.96,0.89,0.0024,1
compromised_bot,2193,863,6127,17.26,0.73,0.94,0.87,0.0041,1
creator_human,1466,5279,799,3.13,0.94,0.12,0.18,0.126,0
lurker_human,415,93,209,0.11,0.74,0.04,0.26,0.0248,0
lurker_human,408,20,223,0.09,0.4,0.1,0.14,0.03,0
spambot,4,54,5419,60.44,0.28,0.8,0.95,0.0001,1
active_human,189,121,186,0.36,0.89,0.11,0.24,0.0593,0
compromised_bot,2384,1144,6976,37.77,0.68,0.76,0.73,0.0073,1
active_human,954,70,91,1.91,0.89,0.05,0.36,0.0893,0
lurker_human,227,117,121,0.13,0.59,0.1,0.14,0.0573,0
spambot,14,40,6202,61.86,0.22,0.93,0.85,0.0023,1
compromised_bot,1468,1254,7149,21.56,0.52,0.85,0.64,0.0035,1
active_human,669,110,161,1.61,0.76,0.26,0.11,0.1193,0
follow_bot,47,58,5700,1.2,0.46,0.86,0.59,0.002,1
active_human,522,240,213,0.77,0.8,0.16,0.32,0.0629,0
active_human,700,282,361,0.94,0.94,0.16,0.13,0.0547,0
active_human,564,218,278,0.23,0.85,0.04,0.27,0.0213,0
spambot,4,10,5658,64.36,0.17,0.9,0.88,0.0028,1
active_human,604,719,627,2.42,0.86,0.2,0.33,0.1038,0
active_human,540,629,865,2.11,0.79,0.08,0.29,0.0242,0
spambot,23,38,6268,64.48,0.11,0.93,0.94,0.0004,1
active_human,472,33,87,1.29,0.96,0.1,0.35,0.065,0
compromised_bot,1659,518,6839,22.89,0.57,0.78,0.73,0.0067,1
follow_bot,53,170,5495,0.41,0.37,0.88,0.67,0.001,1
spambot,6,71,3487,61.72,0.28,0.75,0.82,0.0002,1
active_human,813,298,240,1.31,0.95,0.1,0.25,0.0283,0
active_human,410,498,356,2.34,0.85,0.07,0.16,0.1037,0
follow_bot,17,137,5617,1.24,0.29,0.97,0.78,0.0003,1
compromised_bot,2215,886,3664,18.03,0.79,0.72,0.62,0.005,1
active_human,189,163,202,1.78,0.93,0.14,0.38,0.0204,0
follow_bot,45,164,7850,0.91,0.31,0.98,0.59,0.0011,1
follow_bot,41,146,3811,0.22,0.33,0.89,0.8,0.0011,1
follow_bot,39,135,6384,1.2,0.4,0.91,0.47,0.0017,1
compromised_bot,2127,689,5786,24.46,0.69,0.7,0.66,0.0043,1
active_human,185,99,89,0.39,0.79,0.21,0.39,0.0775,0
compromised_bot,2028,1333,5009,37.78,0.53,0.86,0.74,0.0019,1
active_human,368,85,89,1.88,0.66,0.14,0.21,0.0332,0
active_human,374,113,109,1.71,0.89,0.08,0.33,0.0397,0
follow_bot,52,115,6585,1.19,0.3,0.96,0.69,0.0013,1
active_human,187,659,846,0.95,0.93,0.04,0.35,0.0834,0
active_human,550,59,96,2.13,0.67,0.11,0.2,0.0566,0
active_human,379,157,226,2.23,0.92,0.04,0.11,0.0308,0
creator_human,1553,90391,949,2.71,0.99,0.22,0.29,0.0921,0
active_human,837,314,412,1.44,0.98,0.25,0.4,0.0408,0
lurker_human,475,105,344,0.02,0.56,0.04,0.2,0.0499,0
compromised_bot,2214,843,7689,30.72,0.74,0.91,0.64,0.0076,1
lurker_human,251,28,330,0.08,0.68,0.06,0.19,0.026,0
active_human,257,184,190,1.13,0.95,0.06,0.36,0.0399,0
compromised_bot,1691,804,6036,39.43,0.67,0.67,0.64,0.004,1
lurker_human,415,20,175,0.06,0.67,0.1,0.23,0.053,0
spambot,16,6,6090,38.35,0.24,0.87,0.85,0.0004,1
active_human,502,114,116,1.85,0.49,0.12,0.27,0.0432,0
active_human,673,179,188,1.06,0.77,0.03,0.18,0.0664,0
active_human,549,85,142,1.77,0.8,0.17,0.26,0.0234,0
spambot,3,59,2896,35.81,0.29,0.77,0.87,0.0027,1
follow_bot,13,169,3242,0.67,0.47,0.91,0.42,0.0014,1
active_human,519,269,383,1.79,0.67,0.18,0.37,0.0613,0
active_human,317,148,199,0.85,0.76,0.19,0.23,0.0346,0
creator_human,1624,48709,899,2.73,0.99,0.11,0.27,0.1447,0
active_human,1199,211,310,0.97,0.71,0.09,0.14,0.0357,0
spambot,27,13,6621,29.76,0.43,0.87,0.94,0.0,1
lurker_human,423,55,159,0.05,0.44,0.02,0.11,0.0441,0
active_human,832,135,210,0.44,0.94,0.08,0.33,0.0423,0
lurker_human,1093,26,69,0.02,0.45,0.08,0.08,0.0385,0
creator_human,1338,29127,407,3.33,0.95,0.23,0.22,0.0813,0
active_human,704,327,277,2.32,0.9,0.01,0.3,0.1169,0
active_human,1308,242,287,0.2,0.71,0.12,0.29,0.0406,0
creator_human,412,11368,113,2.44,0.98,0.09,0.16,0.0988,0
active_human,385,284,287,0.74,0.86,0.15,0.37,0.0811,0
active_human,909,264,247,0.22,0.54,0.03,0.17,0.0344,0
active_human,553,425,382,1.4,0.65,0.08,0.13,0.0757,0
follow_bot,32,30,5678,0.31,0.37,0.97,0.68,0.0018,1
active_human,232,321,464,2.2,0.71,0.25,0.24,0.0416,0
follow_bot,38,30,5884,1.47,0.56,1.0,0.75,0.0014,1
active_human,520,67,121,0.61,0.63,0.17,0.25,0.0541,0
lurker_human,371,64,177,0.13,0.68,0.05,0.08,0.031,0
spambot,1,24,1742,49.0,0.12,0.88,0.82,0.0005,1
active_human,835,379,556,1.28,0.9,0.18,0.1,0.0488,0
active_human,707,413,397,0.22,0.96,0.07,0.15,0.0956,0
lurker_human,303,147,161,0.11,0.49,0.07,0.27,0.0565,0
spambot,20,22,4072,32.49,0.14,0.71,0.82,0.0028,1
compromised_bot,1922,1153,3959,11.53,0.57,0.9,0.74,0.0026,1
active_human,686,60,90,0.82,0.81,0.17,0.23,0.1012,0
lurker_human,179,63,390,0.07,0.5,0.08,0.29,0.0166,0
spambot,12,15,4565,63.08,0.31,0.93,0.87,0.0007,1
spambot,39,28,3420,24.92,0.21,0.84,0.89,0.0006,1
active_human,788,441,629,2.18,0.74,0.04,0.34,0.0953,0
spambot,1,9,2703,63.67,0.43,0.87,0.86,0.0023,1
lurker_human,402,48,213,0.15,0.57,0.03,0.21,0.0135,0
compromised_bot,1110,937,7146,23.2,0.51,0.81,0.64,0.0058,1
lurker_human,583,44,209,0.1,0.75,0.03,0.06,0.0526,0
active_human,799,221,196,0.45,0.78,0.03,0.13,0.0736,0
active_human,252,204,270,0.51,0.87,0.03,0.15,0.0311,0
compromised_bot,1662,1047,6595,17.1,0.55,0.84,0.76,0.005,1
lurker_human,1136,88,384,0.15,0.46,0.06,0.13,0.0578,0
lurker_human,473,33,264,0.01,0.66,0.1,0.15,0.0592,0
spambot,21,41,6006,56.87,0.43,0.77,0.91,0.0022,1
active_human,316,233,169,1.64,0.72,0.07,0.25,0.0526,0
active_human,561,838,1062,0.88,0.59,0.08,0.3,0.095,0
follow_bot,19,71,7805,0.67,0.53,0.88,0.47,0.0015,1
creator_human,1822,3203,218,2.72,0.92,0.16,0.21,0.1385,0
spambot,25,20,2184,20.96,0.33,0.86,0.97,0.0008,1
active_human,416,69,110,0.74,0.92,0.26,0.18,0.062,0
creator_human,855,9008,336,1.14,0.95,0.18,0.23,0.0862,0
follow_bot,36,178,7848,0.82,0.36,0.94,0.77,0.0018,1
active_human,397,103,148,0.3,0.64,0.08,0.13,0.0622,0
compromised_bot,1143,373,7812,15.44,0.69,0.94,0.79,0.0041,1
follow_bot,11,109,6078,0.37,0.34,1.0,0.55,0.0008,1
active_human,301,263,331,0.44,0.85,0.25,0.3,0.0581,0
compromised_bot,1883,886,3572,31.08,0.79,0.8,0.86,0.0039,1
active_human,421,262,377,0.68,0.77,0.1,0.2,0.0767,0
active_human,437,109,116,1.72,0.67,0.05,0.18,0.0375,0
follow_bot,27,139,5066,1.45,0.21,0.91,0.42,0.001,1
lurker_human,834,140,133,0.13,0.63,0.1,0.12,0.0419,0
spambot,8,26,7385,15.13,0.31,0.87,0.88,0.0019,1
active_human,281,667,597,1.24,0.86,0.22,0.24,0.0602,0
compromised_bot,1795,1370,6685,30.42,0.56,0.76,0.68,0.0054,1
follow_bot,33,114,7706,0.57,0.3,0.89,0.77,0.001,1
lurker_human,776,115,359,0.09,0.57,0.02,0.18,0.0381,0
spambot,82,59,5223,20.93,0.42,0.72,0.77,0.0028,1
active_human,573,250,379,0.91,0.6,0.05,0.34,0.0785,0
lurker_human,1206,139,291,0.02,0.62,0.07,0.1,0.0578,0
compromised_bot,1277,288,3641,22.59,0.59,0.73,0.85,0.0042,1
spambot,16,29,2473,31.71,0.24,0.82,0.91,0.0014,1
spambot,16,53,6164,40.59,0.36,0.77,0.83,0.0022,1
lurker_human,589,104,107,0.11,0.67,0.07,0.08,0.0567,0
follow_bot,40,40,7840,0.65,0.55,0.94,0.58,0.0,1
spambot,2,78,6940,22.76,0.21,0.96,0.83,0.001,1
creator_human,1065,6664,1070,1.2,0.87,0.15,0.27,0.1279,0
active_human,870,157,163,0.91,0.89,0.19,0.38,0.1156,0
active_human,1106,85,120,1.94,0.91,0.14,0.38,0.0682,0
lurker_human,456,30,227,0.05,0.44,0.06,0.2,0.0565,0
spambot,20,32,5734,24.47,0.14,0.77,0.76,0.001,1
active_human,292,36,53,0.94,0.72,0.11,0.39,0.0779,0
spambot,39,26,3090,47.41,0.42,0.83,0.97,0.0027,1
creator_human,2276,9784,1084,4.1,0.93,0.07,0.28,0.0465,0
lurker_human,579,145,282,0.09,0.41,0.02,0.12,0.0472,0
active_human,333,265,321,1.42,0.92,0.05,0.29,0.1128,0
follow_bot,18,78,7461,1.48,0.47,0.99,0.68,0.0017,1
creator_human,828,74739,1008,2.91,0.86,0.15,0.31,0.0935,0
active_human,579,291,373,1.08,0.91,0.18,0.11,0.0423,0
active_human,762,220,215,0.67,0.87,0.05,0.25,0.1124,0
lurker_human,1099,52,367,0.13,0.41,0.07,0.15,0.0402,0
active_human,974,187,134,2.45,0.63,0.18,0.39,0.0685,0
creator_human,872,41349,998,1.28,0.99,0.07,0.3,0.065,0
active_human,660,115,203,2.12,0.94,0.07,0.39,0.1166,0
follow_bot,47,124,8744,1.48,0.36,0.96,0.63,0.0014,1
active_human,390,212,299,0.81,0.92,0.06,0.26,0.0921,0
active_human,453,167,235,2.04,0.91,0.07,0.15,0.1143,0
lurker_human,551,20,233,0.09,0.65,0.03,0.23,0.0331,0
active_human,410,245,327,0.59,0.94,0.1,0.19,0.1121,0
follow_bot,52,48,6811,0.2,0.49,0.91,0.59,0.0012,1
compromised_bot,2083,460,5337,39.03,0.51,0.79,0.83,0.0024,1
active_human,259,349,277,1.4,0.91,0.19,0.39,0.0346,0
spambot,1,39,2750,30.46,0.23,0.84,0.89,0.0018,1
creator_human,612,18509,643,3.56,0.95,0.11,0.26,0.1081,0
lurker_human,699,140,135,0.06,0.65,0.01,0.21,0.0483,0
active_human,443,111,187,1.97,0.87,0.11,0.3,0.1177,0
active_human,399,198,187,2.01,0.81,0.0,0.22,0.0816,0
active_human,292,82,118,2.05,0.72,0.05,0.27,0.0716,0
compromised_bot,2199,284,7802,35.09,0.75,0.83,0.78,0.0052,1
active_human,529,437,428,1.04,0.8,0.04,0.1,0.0227,0
active_human,424,423,343,1.91,0.81,0.08,0.34,0.0808,0
spambot,9,40,7422,56.16,0.4,0.74,0.88,0.0021,1
active_human,550,455,382,0.48,0.96,0.32,0.23,0.0772,0
active_human,734,335,437,2.38,0.8,0.03,0.17,0.0713,0
compromised_bot,1100,887,6935,18.63,0.57,0.88,0.6,0.0074,1
active_human,536,742,753,1.42,0.9,0.08,0.31,0.0386,0
spambot,6,44,5098,55.92,0.34,0.96,0.92,0.0029,1
active_human,805,112,100,2.46,0.83,0.15,0.12,0.0504,0
active_human,596,84,149,0.86,0.87,0.11,0.35,0.0623,0
follow_bot,22,133,4864,0.13,0.22,0.87,0.45,0.0009,1
spambot,49,79,4738,61.02,0.39,0.9,0.83,0.0015,1
compromised_bot,1706,1365,4690,14.37,0.77,0.69,0.7,0.0027,1
active_human,298,88,118,1.77,0.75,0.15,0.19,0.0809,0
lurker_human,379,114,346,0.08,0.59,0.09,0.16,0.0195,0
spambot,21,49,2617,59.93,0.43,0.77,0.87,0.0026,1
lurker_human,1657,104,209,0.1,0.44,0.06,0.1,0.0369,0
active_human,441,185,161,2.0,0.82,0.35,0.31,0.0272,0
follow_bot,46,153,3080,1.09,0.23,0.99,0.48,0.0013,1
compromised_bot,1373,923,7292,29.46,0.84,0.68,0.76,0.0019,1
follow_bot,39,149,6620,0.53,0.41,0.96,0.59,0.0004,1
spambot,2,9,5144,34.78,0.33,0.8,0.91,0.0027,1
spambot,17,24,4960,50.04,0.19,0.86,0.79,0.0004,1
spambot,18,20,2683,17.47,0.12,0.78,0.79,0.0026,1
lurker_human,902,66,338,0.14,0.51,0.08,0.27,0.0415,0
active_human,1097,267,341,1.19,0.92,0.09,0.15,0.0684,0
lurker_human,962,131,346,0.04,0.7,0.03,0.15,0.0205,0
creator_human,3869,8493,643,3.3,0.94,0.08,0.2,0.1309,0
spambot,9,57,5004,15.38,0.21,0.72,0.87,0.0025,1
active_human,132,140,183,1.5,0.88,0.04,0.19,0.0826,0
active_human,286,121,178,1.94,0.86,0.02,0.22,0.0359,0
active_human,352,138,179,0.78,0.7,0.01,0.33,0.0631,0
lurker_human,677,138,228,0.04,0.71,0.11,0.25,0.0157,0
follow_bot,31,197,3549,0.48,0.56,0.92,0.64,0.0013,1
active_human,660,225,226,0.74,0.69,0.09,0.34,0.0836,0
lurker_human,868,137,355,0.14,0.45,0.1,0.16,0.0193,0
lurker_human,399,63,125,0.09,0.7,0.02,0.19,0.0405,0
creator_human,1055,58450,1003,1.15,0.89,0.06,0.17,0.0557,0
creator_human,1427,5636,592,3.28,0.88,0.14,0.25,0.121,0
spambot,11,39,7371,30.57,0.24,0.87,0.83,0.0029,1
active_human,464,362,436,1.37,0.93,0.03,0.29,0.0457,0
active_human,437,347,260,0.55,0.69,0.11,0.4,0.0746,0
spambot,21,27,2040,35.62,0.31,0.94,0.81,0.0014,1
spambot,2,76,5961,52.75,0.44,0.85,0.79,0.0028,1
compromised_bot,888,1195,4920,12.41,0.61,0.85,0.71,0.0015,1
active_human,432,116,165,1.68,0.79,0.11,0.21,0.0674,0
active_human,1291,567,393,0.42,0.81,0.05,0.37,0.0753,0
spambot,39,8,5256,18.67,0.4,0.73,0.79,0.0013,1
spambot,2,51,3885,54.02,0.14,0.88,0.98,0.0029,1
active_human,271,119,144,2.37,0.92,0.02,0.18,0.0839,0
follow_bot,53,186,4395,0.25,0.59,0.86,0.58,0.0011,1
spambot,2,19,4168,29.99,0.21,0.92,0.75,0.0022,1
follow_bot,9,66,7963,0.6,0.42,0.87,0.69,0.0016,1
active_human,677,99,140,2.25,0.96,0.06,0.24,0.0924,0
active_human,220,208,171,1.07,0.93,0.14,0.17,0.1103,0
compromised_bot,1133,1088,4851,41.01,0.65,0.78,0.6,0.0014,1
spambot,42,62,7499,19.7,0.17,0.76,0.82,0.0003,1
active_human,923,113,98,2.44,0.78,0.09,0.12,0.0361,0
lurker_human,570,114,269,0.01,0.48,0.08,0.28,0.026,0
follow_bot,56,53,6151,0.81,0.38,0.99,0.59,0.0006,1
follow_bot,27,70,4169,0.43,0.22,0.86,0.77,0.0002,1
lurker_human,580,63,203,0.07,0.49,0.04,0.13,0.0394,0
active_human,257,182,237,1.38,0.9,0.01,0.39,0.0621,0
lurker_human,704,29,248,0.15,0.66,0.02,0.28,0.0564,0
active_human,810,611,729,1.45,0.6,0.07,0.12,0.0661,0
active_human,654,219,161,0.67,0.73,0.1,0.28,0.1035,0
lurker_human,458,93,70,0.1,0.48,0.04,0.23,0.0501,0
active_human,727,110,150,0.4,0.68,0.19,0.19,0.0422,0
spambot,37,21,3382,55.29,0.11,0.73,0.85,0.0003,1
spambot,2,27,5814,43.37,0.21,0.95,0.88,0.0018,1
compromised_bot,2460,234,5617,25.71,0.69,0.65,0.72,0.0013,1
spambot,15,49,1636,48.95,0.31,0.89,0.83,0.0027,1
lurker_human,746,68,141,0.14,0.59,0.04,0.13,0.0379,0
creator_human,1226,11088,505,1.03,1.0,0.21,0.27,0.1297,0
follow_bot,12,74,8348,0.54,0.32,0.89,0.5,0.0001,1
compromised_bot,1471,1496,5516,18.13,0.61,0.89,0.87,0.0059,1
compromised_bot,1453,957,7782,41.77,0.69,0.68,0.85,0.0019,1
active_human,887,48,97,2.25,0.79,0.05,0.1,0.0702,0
creator_human,1271,6932,469,3.3,0.95,0.05,0.18,0.1327,0
compromised_bot,1304,1211,7428,22.89,0.8,0.8,0.66,0.0053,1
active_human,328,213,300,1.79,0.98,0.13,0.33,0.0953,0
follow_bot,29,20,3473,0.13,0.39,0.89,0.7,0.0016,1
follow_bot,48,179,7847,1.37,0.3,0.94,0.59,0.0015,1
active_human,710,117,128,1.09,0.85,0.03,0.19,0.088,0
active_human,241,2066,2293,2.14,0.47,0.14,0.14,0.0239,0
spambot,8,12,2484,16.29,0.42,0.78,0.86,0.0003,1
active_human,297,296,396,2.24,0.79,0.07,0.27,0.0673,0
compromised_bot,1738,1392,4886,18.83,0.83,0.89,0.8,0.0053,1
active_human,578,184,174,1.93,0.79,0.17,0.11,0.0984,0
lurker_human,149,47,203,0.07,0.66,0.11,0.17,0.0516,0
spambot,7,41,6718,48.34,0.11,0.81,0.99,0.0019,1
active_human,344,142,131,0.69,0.74,0.03,0.36,0.05,0
active_human,808,139,183,0.56,0.74,0.08,0.24,0.0263,0
creator_human,1012,10873,1002,3.26,0.99,0.08,0.23,0.0991,0
lurker_human,234,131,289,0.09,0.58,0.01,0.3,0.0578,0
spambot,1,78,3638,33.81,0.16,0.85,0.86,0.0009,1
lurker_human,1240,40,145,0.09,0.56,0.03,0.05,0.0175,0
active_human,225,182,182,1.3,0.94,0.1,0.14,0.0311,0
active_human,401,428,502,2.49,0.72,0.23,0.24,0.0496,0
lurker_human,699,49,61,0.02,0.67,0.06,0.14,0.0405,0
active_human,1021,184,273,1.21,0.83,0.04,0.18,0.0363,0
active_human,797,69,56,0.3,0.85,0.09,0.14,0.0308,0
lurker_human,337,44,276,0.1,0.46,0.04,0.24,0.0129,0
active_human,385,247,213,2.44,0.81,0.29,0.11,0.0789,0
spambot,7,77,3101,45.53,0.22,0.75,0.98,0.0023,1
lurker_human,260,122,135,0.04,0.47,0.06,0.09,0.0352,0
active_human,887,160,242,1.44,0.84,0.15,0.3,0.0565,0
lurker_human,572,57,179,0.12,0.68,0.02,0.15,0.0446,0
lurker_human,323,60,90,0.07,0.41,0.03,0.18,0.0387,0
active_human,369,715,666,2.24,0.67,0.09,0.18,0.0676,0
active_human,724,344,263,0.57,0.77,0.06,0.12,0.0567,0
creator_human,718,11341,498,3.77,0.91,0.08,0.2,0.109,0
compromised_bot,1511,1112,5234,43.07,0.63,0.93,0.8,0.0023,1
active_human,720,119,127,2.29,0.89,0.18,0.15,0.0317,0
follow_bot,31,146,3998,1.29,0.29,0.88,0.76,0.001,1
follow_bot,46,182,7294,0.68,0.26,0.95,0.72,0.0001,1
compromised_bot,1498,626,7766,28.16,0.73,0.9,0.89,0.0071,1
compromised_bot,1225,1210,7482,19.46,0.6,0.84,0.83,0.0079,1
compromised_bot,2261,1451,5446,44.53,0.84,0.74,0.87,0.0011,1
lurker_human,821,76,55,0.09,0.73,0.03,0.16,0.0108,0
follow_bot,52,99,7305,1.34,0.36,0.95,0.74,0.0007,1
active_human,482,77,121,2.26,0.9,0.16,0.17,0.0408,0
spambot,32,36,2126,21.2,0.3,0.89,0.75,0.0025,1
active_human,280,360,420,2.23,0.98,0.18,0.36,0.1111,0
active_human,501,140,191,1.91,0.88,0.06,0.25,0.0385,0
creator_human,1360,7224,880,3.95,0.99,0.16,0.29,0.1215,0
spambot,16,79,4988,21.5,0.43,0.7,0.95,0.0008,1
active_human,356,280,408,0.69,0.89,0.12,0.38,0.079,0
spambot,5,27,2560,56.42,0.25,0.86,0.98,0.0025,1
lurker_human,944,74,366,0.15,0.73,0.1,0.08,0.0597,0
creator_human,1564,31690,875,3.98,0.92,0.24,0.15,0.1482,0
follow_bot,25,56,3260,0.59,0.5,0.9,0.78,0.002,1
active_human,675,1275,1169,1.8,0.94,0.04,0.13,0.0226,0
active_human,761,273,327,1.2,0.53,0.05,0.19,0.1151,0
active_human,480,182,240,1.76,0.74,0.15,0.13,0.0579,0
active_human,308,164,175,1.06,0.68,0.18,0.27,0.0507,0
active_human,378,297,377,0.43,0.91,0.06,0.28,0.0562,0
compromised_bot,1728,1478,3889,18.96,0.69,0.8,0.67,0.0018,1
active_human,500,556,611,1.19,0.8,0.03,0.27,0.0942,0
active_human,323,342,336,0.39,0.74,0.02,0.26,0.0537,0
compromised_bot,1622,426,5661,15.47,0.64,0.69,0.6,0.0028,1
active_human,273,424,407,2.19,0.82,0.14,0.2,0.0374,0
lurker_human,357,49,295,0.13,0.67,0.11,0.29,0.0486,0
active_human,463,75,82,2.37,0.95,0.11,0.3,0.1037,0
active_human,302,86,97,1.37,0.94,0.19,0.15,0.1133,0
active_human,249,561,708,2.05,0.9,0.24,0.38,0.046,0
follow_bot,9,187,3896,1.27,0.4,0.98,0.62,0.002,1
spambot,8,78,1813,20.7,0.45,0.85,0.97,0.0029,1
creator_human,1299,5370,300,3.24,0.87,0.16,0.17,0.0686,0
follow_bot,5,79,7231,0.49,0.58,0.95,0.56,0.0006,1
active_human,768,313,414,2.45,0.68,0.04,0.39,0.0494,0
active_human,176,97,109,0.3,0.94,0.05,0.27,0.118,0
spambot,6,35,6872,61.45,0.1,0.8,0.93,0.0005,1
active_human,1232,280,210,1.8,0.86,0.11,0.4,0.0703,0
follow_bot,41,22,5716,0.17,0.44,0.9,0.48,0.0004,1
creator_human,1353,2945,281,3.36,0.98,0.08,0.19,0.0989,0
lurker_human,912,43,121,0.04,0.53,0.02,0.16,0.0502,0
active_human,340,78,118,0.62,0.83,0.01,0.38,0.1005,0
compromised_bot,2428,1180,6794,30.28,0.66,0.91,0.72,0.0056,1
lurker_human,392,96,240,0.1,0.71,0.01,0.14,0.0568,0
active_human,570,680,533,0.64,0.35,0.15,0.31,0.1078,0
lurker_human,254,71,271,0.02,0.6,0.09,0.2,0.0152,0
follow_bot,37,128,6465,1.02,0.29,0.89,0.67,0.0011,1
active_human,931,831,1038,1.59,0.89,0.15,0.34,0.1072,0
lurker_human,572,115,89,0.05,0.51,0.07,0.25,0.0349,0
active_human,721,139,138,0.3,0.88,0.24,0.15,0.1083,0
active_human,371,810,677,1.65,0.75,0.18,0.14,0.067,0
active_human,991,117,120,1.56,0.89,0.14,0.35,0.0977,0
active_human,232,523,399,2.48,0.82,0.11,0.34,0.0598,0
lurker_human,625,24,266,0.03,0.52,0.03,0.23,0.0536,0
creator_human,859,3496,776,2.28,0.89,0.14,0.31,0.1313,0
compromised_bot,1398,1118,5770,34.28,0.57,0.76,0.7,0.0079,1
compromised_bot,1206,685,3862,19.69,0.51,0.7,0.8,0.0021,1
lurker_human,278,116,312,0.07,0.71,0.09,0.14,0.0502,0
spambot,24,27,7012,47.71,0.15,0.93,0.84,0.0019,1
lurker_human,938,114,242,0.12,0.65,0.11,0.18,0.0217,0
compromised_bot,1924,1244,3748,42.88,0.83,0.76,0.6,0.0049,1
compromised_bot,1207,700,4661,30.5,0.57,0.67,0.87,0.0071,1
compromised_bot,845,595,6631,23.36,0.74,0.89,0.65,0.0018,1
active_human,869,154,234,0.26,0.88,0.12,0.21,0.0424,0
active_human,2163,48,104,0.92,0.71,0.09,0.18,0.0525,0
compromised_bot,2301,257,7076,10.27,0.58,0.79,0.7,0.0012,1
active_human,1310,359,466,1.21,0.85,0.14,0.29,0.0976,0
follow_bot,58,142,7483,0.22,0.52,0.87,0.43,0.0019,1
lurker_human,595,58,283,0.07,0.56,0.04,0.3,0.0372,0
follow_bot,39,154,8981,1.15,0.46,0.98,0.42,0.0002,1
active_human,275,346,311,1.55,0.59,0.11,0.36,0.0719,0
active_human,859,765,617,2.03,0.48,0.06,0.3,0.1054,0
lurker_human,611,43,385,0.14,0.52,0.1,0.12,0.0571,0
spambot,13,15,2271,55.66,0.41,0.95,0.76,0.0004,1
follow_bot,51,128,8382,0.69,0.41,0.89,0.59,0.0003,1
spambot,7,34,5460,45.23,0.39,0.72,0.87,0.0027,1
active_human,333,223,196,0.33,0.78,0.06,0.29,0.0772,0
spambot,3,25,6213,45.34,0.32,0.95,0.82,0.0022,1
creator_human,1146,6334,944,1.26,0.96,0.14,0.19,0.1083,0
compromised_bot,1228,1181,6399,15.7,0.56,0.79,0.85,0.0074,1
creator_human,1993,6454,497,1.51,0.88,0.1,0.32,0.1224,0
active_human,311,343,432,1.25,0.9,0.02,0.11,0.0397,0
active_human,513,126,121,1.09,0.77,0.19,0.31,0.0353,0
lurker_human,881,23,150,0.06,0.46,0.1,0.22,0.0403,0
lurker_human,334,141,105,0.04,0.74,0.05,0.15,0.0302,0
follow_bot,26,103,5410,1.45,0.44,0.95,0.48,0.0003,1
lurker_human,224,122,392,0.02,0.62,0.12,0.18,0.0243,0
active_human,551,49,83,2.39,0.88,0.09,0.12,0.0752,0
lurker_human,273,130,145,0.06,0.45,0.06,0.2,0.0446,0
lurker_human,299,23,132,0.06,0.64,0.07,0.06,0.0442,0
active_human,454,488,440,2.27,0.86,0.12,0.17,0.0441,0
active_human,409,245,346,0.94,0.8,0.1,0.29,0.0669,0
follow_bot,6,114,6764,0.43,0.47,0.89,0.73,0.0001,1
active_human,462,216,310,0.37,0.8,0.15,0.31,0.1169,0
active_human,469,517,598,0.22,0.69,0.23,0.12,0.096,0
active_human,315,282,305,1.81,0.75,0.07,0.21,0.0826,0
creator_human,1016,36353,886,4.2,0.9,0.14,0.17,0.1447,0
active_human,870,138,129,2.01,0.93,0.04,0.39,0.032,0
active_human,690,234,336,0.76,0.85,0.02,0.34,0.0814,0
active_human,706,178,128,0.85,0.92,0.2,0.27,0.0762,0
spambot,27,16,6390,50.15,0.24,0.93,0.9,0.0,1
spambot,39,64,5189,39.71,0.32,0.75,0.91,0.0001,1
compromised_bot,871,698,4608,21.95,0.68,0.93,0.86,0.0052,1
spambot,47,10,2337,33.21,0.15,0.84,0.82,0.0017,1
lurker_human,899,49,135,0.1,0.55,0.12,0.21,0.0525,0
active_human,727,769,558,1.22,0.92,0.01,0.38,0.0618,0
spambot,59,71,7227,18.61,0.29,0.9,0.79,0.0025,1
lurker_human,181,119,80,0.03,0.45,0.05,0.21,0.0489,0
compromised_bot,2475,1243,6005,24.77,0.7,0.81,0.79,0.0045,1
active_human,534,536,428,1.74,0.45,0.4,0.23,0.0377,0
compromised_bot,2336,476,7255,27.83,0.76,0.73,0.88,0.0016,1
compromised_bot,2182,560,6306,29.7,0.65,0.83,0.75,0.0032,1
active_human,207,408,549,1.69,0.93,0.05,0.16,0.0701,0
spambot,10,17,6948,39.4,0.41,0.83,0.77,0.0006,1
lurker_human,669,142,275,0.06,0.51,0.02,0.27,0.0446,0
creator_human,660,64872,555,4.27,0.91,0.17,0.31,0.0516,0
lurker_human,540,58,235,0.13,0.4,0.12,0.09,0.0471,0
active_human,206,148,181,1.35,0.87,0.09,0.18,0.037,0
active_human,585,665,754,1.51,0.95,0.16,0.3,0.0315,0
follow_bot,49,174,6967,1.05,0.3,0.91,0.76,0.0012,1
active_human,471,187,258,0.4,0.91,0.11,0.15,0.0477,0
lurker_human,494,145,298,0.14,0.44,0.11,0.07,0.041,0
active_human,477,68,103,1.62,0.8,0.1,0.23,0.0993,0
active_human,759,680,628,0.8,0.9,0.04,0.39,0.0299,0
follow_bot,53,164,3916,0.58,0.47,0.94,0.44,0.0016,1
lurker_human,334,25,274,0.05,0.46,0.09,0.12,0.0412,0
active_human,548,114,173,2.37,0.59,0.1,0.39,0.1089,0
active_human,484,267,346,2.26,0.92,0.04,0.21,0.0396,0
active_human,614,288,328,2.29,0.8,0.16,0.11,0.0322,0
active_human,1282,517,758,2.36,0.64,0.07,0.37,0.0885,0
spambot,44,37,3357,22.99,0.38,0.71,0.92,0.0009,1
compromised_bot,1002,1050,7072,39.94,0.77,0.81,0.8,0.0079,1
active_human,870,438,427,2.05,0.85,0.27,0.26,0.0928,0
active_human,516,416,340,1.39,0.79,0.1,0.2,0.081,0
spambot,7,35,6799,38.5,0.39,0.73,0.9,0.002,1
creator_human,1667,70315,219,3.53,0.87,0.23,0.16,0.1069,0
creator_human,1960,23989,328,2.75,0.86,0.21,0.28,0.043,0
active_human,444,233,220,1.59,0.6,0.07,0.14,0.0451,0
active_human,351,133,126,0.86,0.79,0.04,0.29,0.07,0
lurker_human,592,61,283,0.11,0.65,0.02,0.06,0.052,0
lurker_human,369,94,115,0.06,0.41,0.09,0.12,0.0542,0
follow_bot,44,175,4068,0.23,0.53,0.98,0.54,0.0007,1
active_human,862,142,181,1.22,0.94,0.08,0.27,0.1089,0
creator_human,1456,2659,135,4.46,0.92,0.25,0.29,0.0361,0
follow_bot,39,193,3597,0.59,0.39,0.97,0.61,0.0012,1
lurker_human,472,137,340,0.08,0.52,0.09,0.21,0.0216,0
follow_bot,44,83,5676,0.4,0.43,0.87,0.51,0.0017,1
follow_bot,29,108,5266,0.58,0.41,0.99,0.43,0.0002,1
compromised_bot,1982,1355,4351,21.85,0.62,0.8,0.75,0.0043,1
active_human,486,117,143,1.05,0.98,0.03,0.15,0.0687,0
spambot,16,67,1581,52.5,0.12,0.73,0.91,0.0007,1
creator_human,1400,52708,250,3.91,0.93,0.06,0.17,0.1403,0
follow_bot,42,185,4024,0.18,0.57,0.97,0.63,0.0009,1
compromised_bot,1002,1443,4068,11.93,0.56,0.85,0.67,0.0021,1
spambot,12,42,2031,30.97,0.22,0.74,0.91,0.0021,1
active_human,370,168,165,0.36,0.98,0.1,0.32,0.0774,0
compromised_bot,2202,1181,3901,12.45,0.51,0.9,0.81,0.0049,1
spambot,12,13,7374,37.78,0.1,0.89,0.83,0.002,1
compromised_bot,1344,443,4749,17.25,0.59,0.95,0.78,0.0041,1
active_human,395,715,586,0.57,0.8,0.28,0.19,0.1026,0
active_human,321,34,46,0.67,0.95,0.01,0.39,0.1165,0
spambot,47,42,3478,31.08,0.35,0.8,0.82,0.0029,1
active_human,803,608,630,1.51,0.81,0.07,0.12,0.1052,0
creator_human,821,5171,120,2.16,0.88,0.21,0.18,0.0813,0
spambot,13,34,5356,22.87,0.16,0.86,0.76,0.0026,1
active_human,213,159,199,1.4,0.98,0.11,0.39,0.0853,0
follow_bot,21,98,5952,1.11,0.43,0.93,0.63,0.0012,1
spambot,17,70,4985,36.1,0.11,0.7,0.78,0.0002,1
active_human,584,160,176,0.22,0.84,0.04,0.1,0.0368,0
lurker_human,429,98,250,0.14,0.56,0.05,0.29,0.03,0
active_human,445,1003,656,0.41,0.82,0.0,0.4,0.1071,0
active_human,640,860,553,1.93,0.96,0.08,0.16,0.0416,0
compromised_bot,1979,1027,6731,19.67,0.6,0.86,0.61,0.0067,1
spambot,28,25,6974,18.44,0.17,0.87,0.96,0.0028,1
creator_human,693,26246,889,3.54,0.89,0.06,0.27,0.1302,0
compromised_bot,2295,990,6562,31.31,0.79,0.66,0.89,0.0047,1
compromised_bot,2432,849,4452,22.38,0.59,0.78,0.78,0.0041,1
active_human,477,602,407,0.6,0.72,0.12,0.25,0.0346,0
active_human,835,179,188,0.95,0.81,0.07,0.21,0.0474,0
compromised_bot,1609,488,6084,19.74,0.73,0.69,0.63,0.0042,1
active_human,205,112,132,1.27,0.73,0.13,0.31,0.0401,0
active_human,650,1156,1135,1.84,0.89,0.2,0.25,0.1082,0
creator_human,1103,17661,634,1.23,0.91,0.2,0.15,0.1354,0
spambot,2,12,5723,39.37,0.33,0.95,0.96,0.0012,1
active_human,751,176,172,0.77,0.98,0.04,0.19,0.0363,0
active_human,316,94,133,1.55,0.81,0.03,0.3,0.0539,0
active_human,1049,138,209,2.4,0.55,0.22,0.37,0.0442,0
active_human,402,82,127,2.48,0.95,0.12,0.35,0.1038,0
active_human,312,277,201,0.34,0.91,0.05,0.24,0.0766,0
creator_human,1796,16006,545,1.64,0.99,0.23,0.26,0.0839,0
active_human,455,81,128,0.91,0.77,0.1,0.37,0.055,0
lurker_human,384,130,353,0.08,0.68,0.02,0.12,0.0422,0
spambot,13,18,5885,37.47,0.14,0.91,0.78,0.0006,1
active_human,361,169,179,2.04,0.55,0.07,0.2,0.0994,0
lurker_human,713,95,169,0.04,0.59,0.04,0.2,0.0236,0
compromised_bot,2402,953,6422,20.67,0.6,0.82,0.85,0.0075,1
active_human,926,118,156,0.38,0.98,0.04,0.14,0.061,0
lurker_human,236,82,254,0.13,0.6,0.01,0.21,0.0335,0
active_human,261,56,83,2.44,0.89,0.1,0.39,0.0823,0
active_human,1040,64,70,0.73,0.58,0.09,0.32,0.1017,0
lurker_human,646,90,263,0.1,0.74,0.05,0.11,0.0535,0
active_human,694,1229,896,0.5,0.64,0.04,0.24,0.0368,0
compromised_bot,1382,747,7662,35.87,0.79,0.78,0.74,0.0034,1
lurker_human,504,97,79,0.04,0.54,0.06,0.17,0.0371,0
follow_bot,53,167,7397,0.88,0.29,0.87,0.52,0.0017,1
spambot,16,46,5284,62.74,0.21,0.87,0.94,0.0004,1
spambot,1,25,5825,46.52,0.3,0.91,0.93,0.0019,1
active_human,455,357,316,0.63,0.84,0.13,0.38,0.1171,0
compromised_bot,1467,714,4743,23.69,0.71,0.76,0.81,0.0066,1
active_human,705,224,236,0.96,0.81,0.08,0.18,0.0427,0
follow_bot,10,148,8610,1.22,0.32,0.86,0.43,0.0002,1
follow_bot,52,170,8594,0.24,0.33,0.88,0.49,0.0007,1
active_human,598,118,160,1.26,0.64,0.09,0.16,0.1023,0
spambot,54,34,2476,44.56,0.27,0.89,0.99,0.0016,1
spambot,7,52,3829,16.93,0.2,0.75,0.86,0.0014,1
spambot,11,78,5278,26.58,0.4,0.73,0.99,0.0014,1
active_human,411,112,104,2.14,0.59,0.11,0.16,0.1015,0
lurker_human,361,115,147,0.05,0.43,0.11,0.08,0.0448,0
lurker_human,801,145,189,0.14,0.72,0.03,0.12,0.0394,0
lurker_human,440,51,262,0.11,0.4,0.1,0.11,0.0583,0
compromised_bot,803,535,3694,39.76,0.84,0.85,0.82,0.0028,1
lurker_human,312,37,209,0.12,0.69,0.06,0.24,0.0555,0
follow_bot,50,140,5499,1.45,0.53,0.87,0.7,0.0007,1
spambot,25,40,4199,31.17,0.13,0.71,0.78,0.0,1
active_human,374,187,274,1.34,0.74,0.14,0.22,0.0781,0
lurker_human,431,139,135,0.06,0.45,0.02,0.09,0.0535,0
compromised_bot,2192,498,5432,27.58,0.62,0.86,0.68,0.0055,1
compromised_bot,1021,1162,3852,36.16,0.78,0.75,0.81,0.004,1
follow_bot,44,32,4170,0.55,0.52,0.86,0.75,0.0014,1
compromised_bot,1685,801,3571,22.66,0.5,0.82,0.64,0.0025,1
active_human,912,201,231,1.23,0.75,0.11,0.27,0.0579,0
lurker_human,554,145,172,0.15,0.56,0.08,0.23,0.0432,0
lurker_human,654,46,107,0.14,0.65,0.02,0.14,0.0566,0
spambot,14,32,3546,49.05,0.36,0.85,0.79,0.003,1
follow_bot,54,182,3342,0.63,0.3,1.0,0.57,0.0008,1
lurker_human,345,88,304,0.06,0.43,0.09,0.21,0.0357,0
spambot,32,62,4756,30.52,0.45,0.88,0.81,0.0003,1
active_human,623,149,142,1.82,0.86,0.09,0.39,0.0611,0
compromised_bot,2234,493,4933,36.62,0.84,0.67,0.88,0.008,1
compromised_bot,1152,268,3976,32.26,0.76,0.79,0.78,0.0021,1
active_human,323,748,613,1.17,0.78,0.07,0.2,0.1013,0
active_human,557,614,644,0.3,0.93,0.21,0.26,0.0508,0
follow_bot,31,21,7296,0.63,0.46,0.98,0.69,0.0013,1
lurker_human,131,130,114,0.05,0.62,0.07,0.28,0.0317,0
spambot,14,40,3913,28.35,0.19,0.86,0.95,0.0022,1
lurker_human,172,128,229,0.14,0.47,0.1,0.09,0.055,0
creator_human,1695,65105,597,3.15,0.98,0.24,0.22,0.0885,0
active_human,1046,178,176,2.32,0.61,0.16,0.36,0.0259,0
active_human,951,86,154,1.43,0.81,0.04,0.39,0.0225,0
spambot,1,71,3896,25.09,0.2,0.9,0.99,0.0025,1
creator_human,1111,6628,793,1.55,0.97,0.07,0.27,0.0501,0
follow_bot,7,133,3947,0.6,0.3,0.99,0.57,0.0002,1
lurker_human,382,26,389,0.11,0.68,0.05,0.22,0.0294,0
active_human,383,157,188,1.11,0.67,0.11,0.37,0.0405,0
active_human,446,87,96,1.69,0.42,0.17,0.39,0.0991,0
compromised_bot,2258,1479,3904,25.17,0.73,0.89,0.67,0.0074,1
active_human,343,2242,2046,2.49,0.84,0.06,0.24,0.1196,0
active_human,570,548,626,1.8,0.89,0.01,0.39,0.0673,0
active_human,578,91,138,2.23,0.95,0.05,0.35,0.082,0
active_human,495,365,366,1.47,0.75,0.12,0.36,0.1128,0
active_human,329,438,553,1.25,0.9,0.12,0.11,0.0723,0
creator_human,1258,31842,701,3.09,0.99,0.06,0.23,0.0694,0
active_human,421,219,180,1.69,0.77,0.29,0.38,0.0889,0
compromised_bot,862,1154,6077,17.09,0.64,0.92,0.9,0.0027,1
spambot,6,22,6785,21.26,0.22,0.72,0.87,0.0021,1
active_human,511,61,109,1.26,0.85,0.05,0.25,0.0532,0
follow_bot,8,68,6577,1.05,0.42,0.88,0.59,0.0008,1
compromised_bot,846,757,7183,16.34,0.62,0.76,0.75,0.0012,1
creator_human,2674,10923,414,3.17,0.94,0.15,0.32,0.1315,0
active_human,547,346,323,0.5,0.66,0.12,0.31,0.024,0
lurker_human,332,64,358,0.05,0.7,0.11,0.13,0.0194,0
active_human,971,180,126,0.67,0.65,0.07,0.13,0.0881,0
creator_human,847,15180,549,3.98,0.88,0.07,0.32,0.1079,0
active_human,919,278,221,1.7,0.89,0.1,0.38,0.1044,0
active_human,261,133,178,1.51,0.89,0.25,0.4,0.0845,0
active_human,212,1274,1325,1.73,0.77,0.01,0.21,0.0324,0
creator_human,1279,22403,1077,1.6,0.88,0.21,0.24,0.0599,0
lurker_human,1428,138,110,0.12,0.61,0.09,0.29,0.0197,0
lurker_human,414,119,322,0.09,0.75,0.07,0.22,0.0135,0
follow_bot,53,186,3008,1.09,0.42,0.96,0.63,0.001,1
active_human,1157,1441,1427,0.55,0.95,0.19,0.12,0.0704,0
lurker_human,291,78,98,0.08,0.59,0.11,0.3,0.0508,0
creator_human,1047,87084,231,1.88,0.9,0.19,0.18,0.1161,0
spambot,14,53,6277,17.58,0.24,0.94,0.77,0.0022,1
lurker_human,447,83,341,0.02,0.71,0.02,0.21,0.0413,0
active_human,801,431,621,1.47,0.86,0.06,0.17,0.0438,0
spambot,5,54,5537,42.2,0.11,0.93,0.87,0.0009,1
active_human,544,316,447,2.11,0.83,0.04,0.36,0.0683,0
lurker_human,774,61,399,0.15,0.53,0.01,0.2,0.0277,0
active_human,810,269,277,2.26,0.94,0.16,0.3,0.0904,0
lurker_human,312,31,188,0.14,0.7,0.09,0.14,0.0411,0
active_human,1128,282,311,2.21,0.92,0.01,0.2,0.023,0
active_human,758,871,1021,0.4,0.79,0.21,0.37,0.1129,0
lurker_human,553,31,163,0.08,0.55,0.11,0.05,0.0127,0
lurker_human,177,128,192,0.15,0.67,0.11,0.14,0.022,0
spambot,25,5,6424,59.8,0.44,0.83,0.8,0.0016,1
compromised_bot,1089,1335,6013,33.12,0.76,0.8,0.83,0.0078,1
active_human,215,559,375,0.61,0.91,0.07,0.25,0.0363,0
follow_bot,30,98,8987,0.53,0.31,0.98,0.67,0.0018,1
active_human,1409,196,190,0.7,0.81,0.07,0.22,0.1044,0
follow_bot,52,56,5765,1.06,0.5,0.88,0.77,0.0009,1
active_human,478,101,103,1.91,0.63,0.1,0.1,0.0868,0
spambot,21,38,2093,29.31,0.31,0.82,0.82,0.0008,1
active_human,294,428,450,2.33,0.81,0.1,0.19,0.1052,0
spambot,7,19,7049,39.26,0.21,0.78,0.98,0.0023,1
active_human,652,142,132,2.1,0.89,0.16,0.24,0.112,0
active_human,385,60,75,1.03,0.7,0.2,0.39,0.0837,0
active_human,451,38,83,0.6,0.8,0.09,0.34,0.0471,0
follow_bot,32,185,6146,1.04,0.24,0.87,0.55,0.0005,1
creator_human,1457,39357,670,4.22,0.97,0.18,0.33,0.0619,0
lurker_human,779,131,244,0.02,0.41,0.06,0.1,0.0479,0
spambot,6,37,7413,24.12,0.34,0.98,0.83,0.0024,1
follow_bot,45,33,6965,1.18,0.28,0.93,0.66,0.0015,1
spambot,19,19,5940,42.17,0.2,0.92,0.93,0.0007,1
creator_human,942,43294,964,1.32,0.96,0.16,0.2,0.0891,0
follow_bot,11,120,7391,0.18,0.46,0.92,0.44,0.0008,1
lurker_human,315,110,202,0.02,0.61,0.08,0.24,0.0567,0
lurker_human,620,94,281,0.14,0.74,0.12,0.11,0.0348,0
active_human,452,227,218,0.84,0.92,0.23,0.3,0.1115,0
active_human,449,163,233,2.4,0.76,0.1,0.24,0.0472,0
spambot,17,56,6338,62.79,0.29,0.73,0.95,0.0026,1
lurker_human,1040,149,141,0.15,0.52,0.02,0.12,0.05,0
lurker_human,306,138,113,0.06,0.56,0.08,0.12,0.0549,0
lurker_human,1195,145,123,0.06,0.41,0.05,0.22,0.0506,0
creator_human,636,21795,1185,1.69,0.95,0.25,0.32,0.0492,0
lurker_human,723,90,320,0.14,0.47,0.05,0.14,0.0243,0
follow_bot,46,199,5264,1.28,0.34,0.96,0.61,0.0016,1
active_human,1008,405,586,2.08,0.79,0.17,0.3,0.07,0
follow_bot,7,96,6518,0.78,0.27,0.94,0.49,0.0015,1
creator_human,1951,17573,327,2.7,0.93,0.06,0.33,0.1446,0
spambot,5,5,1842,41.85,0.17,0.83,0.79,0.0007,1
active_human,338,177,149,0.39,0.45,0.18,0.32,0.034,0
follow_bot,26,106,6507,0.49,0.39,0.99,0.7,0.0001,1
active_human,621,775,574,2.25,0.86,0.09,0.37,0.1011,0
creator_human,1120,38415,143,4.0,0.93,0.24,0.29,0.0866,0
lurker_human,763,67,157,0.08,0.73,0.09,0.1,0.0409,0
active_human,1052,390,454,1.88,0.97,0.09,0.28,0.04,0
spambot,10,78,4751,16.26,0.17,0.89,0.92,0.0017,1
compromised_bot,2229,572,6735,24.28,0.8,0.84,0.62,0.0012,1
lurker_human,459,109,394,0.13,0.57,0.01,0.29,0.0345,0
spambot,4,65,5983,58.67,0.29,0.82,0.94,0.0007,1
follow_bot,40,29,7165,0.38,0.57,0.95,0.65,0.0008,1
compromised_bot,1116,917,4157,29.97,0.76,0.83,0.65,0.0022,1
active_human,368,101,102,1.31,0.82,0.17,0.33,0.1053,0
compromised_bot,1742,893,7827,19.96,0.57,0.82,0.88,0.0023,1
lurker_human,384,66,248,0.04,0.72,0.05,0.05,0.0461,0
lurker_human,395,33,378,0.06,0.42,0.11,0.1,0.0586,0
active_human,698,381,376,1.29,0.71,0.02,0.17,0.0754,0
spambot,32,24,5614,44.08,0.26,0.86,0.75,0.0002,1
lurker_human,578,127,233,0.14,0.74,0.11,0.3,0.0453,0
compromised_bot,1528,589,7775,14.62,0.74,0.93,0.76,0.0023,1
lurker_human,245,125,138,0.06,0.67,0.12,0.08,0.0267,0
lurker_human,1629,114,304,0.05,0.42,0.02,0.17,0.0561,0
compromised_bot,2283,1375,6150,22.37,0.66,0.89,0.83,0.0075,1
follow_bot,44,64,4429,0.43,0.44,0.93,0.5,0.0003,1
active_human,160,338,389,1.04,0.77,0.1,0.15,0.0912,0
spambot,62,23,5157,16.24,0.14,0.8,0.9,0.0013,1
active_human,1471,528,404,1.2,0.76,0.09,0.28,0.1,0
spambot,23,64,6834,37.78,0.42,0.71,0.93,0.002,1
creator_human,2142,3973,916,3.25,0.94,0.13,0.16,0.1382,0
compromised_bot,1568,1398,3935,30.0,0.59,0.9,0.64,0.004,1
active_human,480,769,781,1.94,0.83,0.15,0.15,0.0512,0
active_human,234,203,224,2.08,0.89,0.04,0.12,0.0379,0
spambot,3,69,6459,18.1,0.19,0.78,0.87,0.0013,1
lurker_human,527,62,141,0.07,0.66,0.04,0.17,0.057,0
spambot,8,74,6223,20.16,0.16,0.88,0.76,0.0001,1
spambot,3,50,2671,36.29,0.41,0.82,0.88,0.0009,1
spambot,6,24,2591,18.61,0.39,0.84,0.78,0.0004,1
lurker_human,584,27,150,0.02,0.72,0.07,0.18,0.0457,0
follow_bot,48,67,6997,0.26,0.52,0.87,0.69,0.0011,1
active_human,505,325,241,2.02,0.82,0.24,0.26,0.0313,0
lurker_human,684,123,180,0.05,0.62,0.1,0.18,0.0105,0
spambot,26,57,5454,22.11,0.35,0.95,0.79,0.0018,1
lurker_human,597,133,350,0.05,0.6,0.03,0.14,0.0152,0
lurker_human,407,79,71,0.03,0.67,0.08,0.09,0.0336,0
spambot,32,34,3625,45.8,0.11,0.77,0.93,0.0011,1
active_human,241,424,569,1.58,0.87,0.1,0.17,0.0834,0
compromised_bot,1366,306,4707,39.73,0.54,0.83,0.72,0.0041,1
compromised_bot,1629,763,5068,27.44,0.68,0.78,0.68,0.007,1
active_human,469,439,351,1.88,0.69,0.06,0.26,0.0261,0
spambot,2,76,6020,17.58,0.33,0.96,0.9,0.0021,1
spambot,4,59,5011,30.45,0.19,0.75,0.89,0.0024,1
follow_bot,51,46,6631,1.06,0.51,0.89,0.52,0.0011,1
lurker_human,535,135,104,0.02,0.66,0.09,0.2,0.0351,0
compromised_bot,1916,413,5329,30.57,0.78,0.77,0.66,0.0062,1
creator_human,2446,14575,508,3.43,0.93,0.16,0.19,0.1293,0
active_human,680,474,688,0.86,0.95,0.29,0.28,0.0292,0
creator_human,996,37625,284,4.11,0.9,0.08,0.28,0.0733,0
lurker_human,1030,128,345,0.14,0.54,0.04,0.27,0.0168,0
active_human,575,95,119,1.8,0.57,0.36,0.18,0.0889,0
creator_human,1490,9150,862,1.22,0.97,0.07,0.24,0.1425,0
active_human,932,520,487,1.85,0.93,0.05,0.13,0.1154,0
follow_bot,49,192,7930,1.19,0.33,0.95,0.54,0.0016,1
follow_bot,11,64,8561,0.15,0.39,0.86,0.5,0.0013,1
lurker_human,280,79,198,0.02,0.65,0.1,0.15,0.0374,0
active_human,230,201,218,0.29,0.66,0.02,0.28,0.0814,0
creator_human,1973,16895,632,3.23,0.87,0.07,0.25,0.138,0
creator_human,839,21165,1188,1.14,0.97,0.08,0.34,0.0398,0
spambot,7,26,7063,55.27,0.4,0.96,0.97,0.0007,1
active_human,738,1042,1232,0.24,0.81,0.07,0.18,0.094,0
active_human,715,215,190,1.74,0.97,0.11,0.25,0.055,0
spambot,10,68,6674,31.72,0.42,0.93,0.91,0.002,1
follow_bot,56,22,5760,0.29,0.4,0.93,0.52,0.0004,1
active_human,340,664,704,1.62,0.86,0.05,0.23,0.1021,0
active_human,644,280,206,1.83,0.93,0.06,0.18,0.0248,0
compromised_bot,2245,574,6409,10.92,0.77,0.88,0.63,0.0019,1
active_human,983,149,192,1.41,0.51,0.04,0.34,0.1145,0
active_human,477,449,318,1.28,0.71,0.11,0.33,0.0486,0
compromised_bot,952,1463,5687,32.19,0.7,0.73,0.65,0.0065,1
compromised_bot,1413,483,5534,22.03,0.57,0.81,0.8,0.0025,1
compromised_bot,813,299,4255,15.77,0.72,0.84,0.9,0.0057,1
lurker_human,759,89,372,0.06,0.44,0.06,0.18,0.0375,0
spambot,5,32,5215,56.18,0.42,0.97,0.79,0.0011,1
follow_bot,5,50,8394,1.36,0.5,0.86,0.43,0.0014,1
active_human,2037,342,422,0.31,0.87,0.2,0.22,0.0481,0
lurker_human,639,85,80,0.04,0.44,0.09,0.28,0.0284,0
active_human,207,420,340,1.7,0.69,0.09,0.28,0.0418,0
spambot,4,71,5332,43.08,0.35,0.95,0.89,0.0017,1
compromised_bot,1543,609,7184,25.64,0.66,0.84,0.82,0.001,1
follow_bot,40,171,8294,1.01,0.2,0.86,0.51,0.0017,1
spambot,9,72,7232,38.3,0.21,0.95,0.89,0.0015,1
lurker_human,562,37,189,0.02,0.54,0.05,0.2,0.0213,0
active_human,618,117,179,0.4,0.7,0.05,0.27,0.0577,0
lurker_human,798,25,219,0.1,0.75,0.09,0.07,0.0301,0
active_human,468,404,301,1.84,0.89,0.04,0.31,0.0917,0
spambot,3,9,1675,54.65,0.37,0.95,0.97,0.0008,1
spambot,16,42,3971,24.17,0.36,0.82,0.84,0.0001,1
compromised_bot,1518,729,4512,29.97,0.78,0.95,0.69,0.0049,1
lurker_human,381,125,241,0.13,0.74,0.07,0.22,0.0323,0
creator_human,475,16147,657,3.17,0.94,0.06,0.25,0.1271,0
follow_bot,44,78,8069,1.09,0.2,0.87,0.79,0.0001,1
active_human,745,156,149,2.05,0.89,0.03,0.35,0.0568,0
active_human,646,390,524,1.27,0.83,0.08,0.13,0.0851,0
active_human,569,73,117,2.18,0.89,0.07,0.32,0.022,0
active_human,873,1036,831,0.36,0.87,0.12,0.14,0.0475,0
creator_human,1031,56363,929,2.1,0.9,0.2,0.33,0.0689,0
active_human,276,186,210,1.34,0.78,0.1,0.27,0.0239,0
spambot,47,52,3861,37.4,0.32,0.75,0.94,0.0006,1
active_human,211,323,272,1.28,0.83,0.08,0.34,0.1139,0
lurker_human,497,39,324,0.05,0.55,0.09,0.07,0.0455,0
compromised_bot,2075,1068,6277,24.01,0.62,0.75,0.8,0.0045,1
spambot,1,56,5846,15.7,0.18,0.92,0.78,0.0003,1
lurker_human,242,72,228,0.08,0.66,0.08,0.06,0.0463,0
lurker_human,680,50,275,0.03,0.7,0.11,0.18,0.027,0
lurker_human,508,56,305,0.12,0.73,0.02,0.25,0.0423,0
active_human,822,510,547,0.9,0.75,0.04,0.38,0.0442,0
active_human,1036,101,94,0.22,0.58,0.25,0.16,0.0346,0
active_human,1000,368,369,2.19,0.72,0.08,0.33,0.1045,0
active_human,542,169,139,0.67,0.91,0.07,0.39,0.1195,0
spambot,22,29,3028,56.73,0.31,0.77,0.97,0.0017,1
lurker_human,548,99,121,0.14,0.46,0.09,0.13,0.0213,0
creator_human,1533,5375,137,4.04,0.96,0.19,0.2,0.125,0
active_human,805,144,167,1.37,0.52,0.06,0.15,0.0745,0
active_human,392,309,245,2.35,0.79,0.16,0.35,0.0549,0
active_human,720,419,593,1.65,0.94,0.11,0.22,0.114,0
follow_bot,13,184,5725,1.41,0.52,0.95,0.73,0.0005,1
spambot,15,24,6626,50.49,0.16,0.76,0.84,0.002,1
lurker_human,447,138,295,0.04,0.59,0.06,0.25,0.0568,0
follow_bot,52,23,7713,0.67,0.26,0.86,0.61,0.0015,1
active_human,917,76,115,1.6,0.85,0.04,0.18,0.0801,0
lurker_human,751,26,397,0.11,0.61,0.06,0.14,0.0266,0
active_human,891,253,342,1.6,0.94,0.09,0.34,0.0439,0
active_human,999,209,173,0.72,0.6,0.14,0.3,0.0951,0
active_human,859,166,188,0.97,0.91,0.07,0.27,0.0491,0
follow_bot,30,122,8064,1.15,0.23,0.95,0.61,0.0003,1
spambot,2,13,3992,35.56,0.39,0.76,0.97,0.0021,1
creator_human,1281,30257,422,1.7,0.99,0.21,0.35,0.0745,0
active_human,635,430,608,0.22,0.82,0.18,0.27,0.0544,0
active_human,536,794,917,0.35,0.83,0.13,0.36,0.0638,0
active_human,953,227,260,2.29,0.65,0.02,0.21,0.101,0
lurker_human,1205,127,271,0.08,0.67,0.12,0.1,0.0477,0
creator_human,1487,13830,652,3.47,0.94,0.11,0.2,0.0601,0
spambot,6,76,5356,60.41,0.36,0.83,0.98,0.0009,1
spambot,6,11,2578,57.24,0.38,0.78,0.77,0.0011,1
spambot,2,30,3151,25.18,0.32,0.83,0.9,0.0003,1
spambot,25,65,6242,32.87,0.16,0.77,0.88,0.0008,1
spambot,3,44,2481,15.96,0.11,0.83,0.88,0.0008,1
creator_human,520,16849,1180,2.72,0.97,0.1,0.3,0.1079,0
creator_human,1100,19442,281,2.23,0.93,0.2,0.31,0.1337,0
creator_human,1358,24312,957,2.67,0.88,0.16,0.34,0.0333,0
spambot,15,65,6476,48.89,0.18,0.9,0.99,0.0023,1
active_human,150,308,328,2.24,0.85,0.17,0.21,0.0961,0
follow_bot,47,148,6415,0.47,0.6,0.95,0.43,0.0009,1
compromised_bot,1819,1222,7321,11.02,0.77,0.91,0.6,0.0049,1
active_human,361,1053,1445,0.32,0.56,0.06,0.16,0.0456,0
compromised_bot,825,1229,6712,20.14,0.77,0.8,0.89,0.0067,1
active_human,240,63,66,1.85,0.87,0.03,0.14,0.0779,0
creator_human,831,6562,452,1.64,0.89,0.19,0.23,0.1125,0
lurker_human,469,48,276,0.12,0.5,0.08,0.1,0.0168,0
active_human,1073,152,124,0.71,0.88,0.04,0.32,0.0401,0
compromised_bot,1091,1386,4246,22.19,0.67,0.84,0.75,0.0021,1
compromised_bot,1326,1452,6715,43.81,0.81,0.69,0.8,0.0049,1
active_human,102,55,85,0.43,0.69,0.05,0.16,0.0634,0
compromised_bot,2008,215,7874,28.02,0.62,0.65,0.61,0.0064,1
active_human,543,851,631,2.27,0.81,0.11,0.21,0.0807,0
active_human,318,267,358,0.79,0.94,0.01,0.33,0.0436,0
active_human,789,408,501,0.62,0.89,0.12,0.27,0.0895,0
active_human,431,2146,2850,2.41,0.84,0.25,0.31,0.0583,0
active_human,469,2262,1663,2.45,0.62,0.07,0.16,0.038,0
follow_bot,28,180,3352,0.95,0.27,0.85,0.59,0.0007,1
follow_bot,24,46,8475,0.6,0.46,0.9,0.57,0.0011,1
spambot,27,25,2706,19.82,0.37,0.73,0.96,0.0003,1
follow_bot,28,20,8173,1.29,0.2,0.89,0.76,0.0008,1
spambot,3,42,5051,44.89,0.27,0.78,0.98,0.0022,1
spambot,4,35,1790,23.94,0.4,0.91,0.89,0.0004,1
spambot,1,7,2178,30.19,0.14,0.75,0.98,0.0023,1
active_human,539,344,429,2.49,0.87,0.06,0.29,0.0531,0
active_human,320,173,243,0.43,0.87,0.15,0.34,0.0841,0
active_human,821,81,81,2.3,0.93,0.05,0.22,0.0836,0
active_human,992,3375,3621,1.3,0.91,0.06,0.1,0.0692,0
lurker_human,688,102,349,0.12,0.53,0.02,0.18,0.023,0
creator_human,2154,14926,567,4.28,0.98,0.13,0.35,0.1182,0
active_human,624,143,115,0.52,0.86,0.07,0.34,0.0563,0
active_human,146,433,577,2.43,0.82,0.15,0.22,0.0419,0
active_human,887,230,230,1.48,0.69,0.03,0.23,0.0745,0
lurker_human,584,117,310,0.1,0.47,0.09,0.26,0.0594,0
lurker_human,955,60,398,0.03,0.55,0.12,0.13,0.0331,0
active_human,422,215,253,1.36,0.78,0.02,0.39,0.0339,0
active_human,283,308,312,2.41,0.75,0.29,0.17,0.1163,0
active_human,397,67,63,1.66,0.83,0.19,0.35,0.0564,0
lurker_human,748,53,159,0.11,0.41,0.05,0.28,0.0445,0
spambot,41,64,5727,20.7,0.43,0.85,0.97,0.0025,1
active_human,457,267,209,1.61,0.82,0.3,0.13,0.0685,0
active_human,1090,605,455,1.92,0.85,0.13,0.38,0.0289,0
follow_bot,57,140,7541,1.44,0.36,0.94,0.62,0.0004,1
spambot,1,76,3497,62.68,0.27,0.75,0.85,0.0026,1
active_human,619,209,172,0.33,0.91,0.08,0.34,0.0336,0
active_human,447,255,248,1.69,0.9,0.11,0.36,0.0266,0
follow_bot,42,41,7080,0.14,0.22,0.94,0.67,0.0012,1
lurker_human,390,61,112,0.06,0.75,0.05,0.12,0.0547,0
creator_human,937,65099,645,1.05,0.94,0.1,0.29,0.0864,0
creator_human,1464,16508,361,2.26,0.92,0.18,0.21,0.1409,0
compromised_bot,1577,867,3553,30.47,0.55,0.66,0.77,0.0043,1
active_human,1377,187,182,2.28,0.89,0.21,0.36,0.0263,0
creator_human,840,24321,578,2.45,0.89,0.2,0.31,0.0729,0
active_human,343,974,902,0.55,0.89,0.12,0.33,0.0774,0
compromised_bot,1302,980,7929,32.37,0.78,0.76,0.66,0.0074,1
spambot,2,44,2742,20.71,0.23,0.93,0.77,0.0006,1
lurker_human,581,26,311,0.02,0.7,0.11,0.18,0.052,0
spambot,11,53,6504,47.1,0.35,0.84,0.88,0.002,1
lurker_human,316,26,144,0.08,0.69,0.06,0.3,0.0221,0
active_human,355,387,443,1.65,0.66,0.13,0.2,0.0417,0
active_human,854,137,110,0.81,0.83,0.05,0.15,0.0479,0
active_human,656,99,126,1.75,0.94,0.09,0.29,0.0368,0
creator_human,1623,8010,946,3.84,0.95,0.1,0.34,0.0958,0
compromised_bot,1588,513,7140,26.46,0.72,0.85,0.63,0.007,1
active_human,919,177,214,0.35,0.97,0.08,0.19,0.0729,0
lurker_human,486,90,87,0.14,0.65,0.07,0.11,0.0302,0
lurker_human,421,118,77,0.08,0.48,0.07,0.11,0.0197,0
active_human,390,92,84,1.48,0.75,0.07,0.23,0.0725,0
creator_human,1929,67323,567,3.2,0.88,0.2,0.23,0.0651,0
follow_bot,6,183,7246,1.48,0.38,0.98,0.73,0.0018,1
compromised_bot,1455,1127,5754,44.24,0.72,0.7,0.84,0.0057,1
active_human,307,68,118,1.69,0.79,0.13,0.11,0.0785,0
active_human,747,58,50,2.4,0.89,0.11,0.31,0.0389,0
creator_human,1411,13519,347,4.21,0.99,0.2,0.16,0.0328,0
lurker_human,577,35,358,0.02,0.46,0.06,0.26,0.0161,0
active_human,746,40,81,0.59,0.95,0.03,0.27,0.0297,0
active_human,347,330,343,1.13,0.7,0.25,0.33,0.0774,0
spambot,6,54,3614,20.21,0.13,0.98,0.78,0.0021,1
spambot,1,62,2721,35.98,0.2,0.89,0.95,0.0017,1
follow_bot,16,92,8132,0.96,0.33,0.9,0.59,0.0014,1
active_human,476,147,183,2.19,0.52,0.06,0.37,0.0337,0
compromised_bot,1423,319,6534,40.26,0.76,0.87,0.82,0.0066,1
compromised_bot,2446,653,3731,40.53,0.65,0.7,0.74,0.0065,1
creator_human,1215,22865,1133,4.37,0.96,0.25,0.34,0.1033,0
active_human,508,445,550,1.33,0.92,0.22,0.35,0.0403,0
active_human,684,619,845,2.42,0.93,0.08,0.15,0.0301,0
spambot,1,5,2099,29.14,0.19,0.86,0.77,0.0016,1
active_human,199,129,147,2.32,0.96,0.03,0.16,0.0441,0
spambot,25,37,5305,45.32,0.43,0.9,0.88,0.0024,1
active_human,674,81,99,2.33,0.93,0.07,0.35,0.0358,0
follow_bot,19,123,7163,0.97,0.39,0.86,0.65,0.0017,1
active_human,330,412,318,1.19,0.71,0.03,0.38,0.0423,0
spambot,23,10,2055,23.28,0.29,0.72,0.94,0.0015,1
active_human,313,649,667,2.39,0.98,0.03,0.17,0.0533,0
compromised_bot,1284,1330,6521,32.69,0.77,0.93,0.84,0.0075,1
follow_bot,24,121,7356,0.14,0.52,0.98,0.57,0.0007,1
active_human,877,144,182,1.84,0.92,0.05,0.15,0.032,0
compromised_bot,1612,1162,5896,39.35,0.73,0.87,0.84,0.0044,1
compromised_bot,1541,387,7064,12.48,0.84,0.92,0.86,0.0057,1
creator_human,1752,9577,836,1.02,1.0,0.06,0.17,0.0588,0
lurker_human,296,63,98,0.03,0.52,0.05,0.23,0.0543,0
active_human,553,94,123,1.59,0.68,0.12,0.33,0.0929,0
creator_human,1106,12138,235,2.63,0.95,0.12,0.3,0.0605,0
spambot,4,41,3110,29.68,0.2,0.93,0.95,0.0021,1
compromised_bot,1137,1445,3955,34.72,0.71,0.83,0.64,0.0068,1
active_human,1084,198,208,2.16,0.88,0.05,0.22,0.1006,0
lurker_human,502,68,193,0.1,0.42,0.01,0.07,0.0578,0
spambot,3,21,5547,34.45,0.21,0.78,0.87,0.0016,1
active_human,336,1017,1372,0.97,0.8,0.36,0.32,0.0474,0
creator_human,1849,10969,844,2.7,0.97,0.2,0.33,0.1273,0
active_human,484,79,73,1.09,0.61,0.02,0.29,0.0829,0
lurker_human,625,74,266,0.02,0.48,0.03,0.13,0.0473,0
active_human,257,483,515,0.92,0.95,0.13,0.14,0.0776,0
active_human,444,262,302,1.81,0.87,0.09,0.24,0.0622,0
active_human,759,1326,1129,1.32,0.69,0.06,0.19,0.0439,0
follow_bot,35,52,3683,1.4,0.29,0.86,0.79,0.0005,1
active_human,217,232,269,1.4,0.83,0.21,0.17,0.0949,0
active_human,453,643,744,1.91,0.81,0.01,0.19,0.04,0
active_human,807,260,200,1.4,0.72,0.0,0.1,0.0702,0
active_human,1044,68,88,1.85,0.79,0.04,0.35,0.0881,0
follow_bot,13,125,3058,0.2,0.33,0.9,0.64,0.002,1
active_human,352,93,125,0.41,0.79,0.04,0.21,0.038,0
lurker_human,161,74,323,0.12,0.74,0.07,0.13,0.0515,0
active_human,466,140,216,1.27,0.81,0.26,0.29,0.0268,0
creator_human,921,13562,1118,3.95,0.88,0.21,0.18,0.119,0
active_human,300,186,294,1.13,0.75,0.14,0.27,0.1161,0
active_human,175,79,143,0.49,0.88,0.06,0.19,0.0518,0
active_human,357,129,186,0.62,0.83,0.12,0.12,0.038,0
active_human,142,231,331,0.55,0.94,0.09,0.2,0.0368,0
active_human,265,354,321,0.32,0.68,0.2,0.33,0.1168,0
compromised_bot,1427,1473,5976,41.9,0.72,0.79,0.63,0.0035,1
spambot,23,35,3499,46.66,0.42,0.84,0.97,0.0011,1
follow_bot,53,199,7517,1.16,0.6,0.94,0.57,0.0009,1
spambot,13,56,7213,15.19,0.25,0.74,0.86,0.003,1
follow_bot,58,119,7130,0.76,0.43,0.96,0.61,0.0002,1
active_human,579,185,265,2.33,0.82,0.21,0.29,0.0825,0
active_human,393,210,307,0.86,0.67,0.11,0.18,0.0547,0
active_human,145,203,284,1.46,0.85,0.12,0.22,0.0771,0
creator_human,1428,10758,489,3.91,0.89,0.21,0.18,0.0716,0
active_human,680,88,143,2.08,0.71,0.14,0.25,0.0986,0
spambot,13,59,3132,23.92,0.16,0.9,0.86,0.0023,1
active_human,387,927,987,1.63,0.99,0.11,0.34,0.0622,0
lurker_human,967,137,102,0.06,0.46,0.11,0.19,0.0526,0
compromised_bot,868,1120,4946,22.64,0.51,0.9,0.61,0.0051,1
active_human,769,322,249,1.65,0.76,0.12,0.25,0.0797,0
lurker_human,564,79,117,0.07,0.68,0.02,0.1,0.0235,0
creator_human,673,701,895,1.47,0.89,0.22,0.2,0.1194,0
lurker_human,332,43,104,0.06,0.73,0.07,0.17,0.0352,0
compromised_bot,2226,425,6239,20.98,0.67,0.71,0.81,0.0034,1
spambot,4,15,3904,43.94,0.32,0.86,0.98,0.0015,1
creator_human,1627,32769,843,1.72,0.93,0.2,0.27,0.0566,0
active_human,610,62,65,0.94,0.73,0.13,0.26,0.1129,0
creator_human,672,7866,101,2.18,0.99,0.14,0.2,0.0653,0
follow_bot,26,98,6281,0.12,0.44,0.96,0.56,0.0008,1
active_human,272,131,145,2.21,0.98,0.19,0.29,0.0226,0
active_human,366,245,261,1.93,0.86,0.04,0.1,0.0563,0
creator_human,628,14071,941,2.96,0.93,0.18,0.33,0.1066,0
spambot,10,70,1844,24.01,0.27,0.74,0.86,0.0002,1
creator_human,2164,9092,103,2.99,0.91,0.18,0.28,0.0598,0
active_human,924,85,85,0.38,0.76,0.27,0.23,0.1057,0
lurker_human,230,84,318,0.13,0.7,0.02,0.27,0.0125,0
active_human,742,542,736,1.67,0.91,0.02,0.34,0.077,0
follow_bot,57,102,7505,0.39,0.51,0.98,0.63,0.0019,1
spambot,13,75,6099,60.36,0.33,0.8,0.92,0.0014,1
active_human,651,306,392,1.46,0.81,0.11,0.31,0.1193,0
active_human,981,286,263,0.69,0.65,0.24,0.27,0.0507,0
compromised_bot,1202,1456,3531,41.94,0.75,0.77,0.74,0.0041,1
spambot,3,56,5612,34.93,0.21,0.76,0.78,0.0022,1
spambot,5,71,2796,32.76,0.2,0.75,0.96,0.0025,1
lurker_human,519,69,273,0.04,0.65,0.07,0.22,0.0336,0
spambot,1,25,3865,47.34,0.28,0.77,0.81,0.0015,1
active_human,1290,247,293,1.15,0.83,0.11,0.32,0.0828,0
active_human,383,234,173,0.2,0.53,0.27,0.2,0.0325,0
lurker_human,888,36,96,0.02,0.58,0.05,0.08,0.01,0
active_human,504,234,260,2.19,0.89,0.27,0.17,0.0748,0
active_human,399,582,811,1.25,0.85,0.09,0.36,0.07,0
active_human,302,111,107,0.88,0.77,0.02,0.33,0.0438,0
active_human,435,140,158,2.33,0.91,0.09,0.32,0.046,0
lurker_human,765,40,328,0.07,0.71,0.07,0.16,0.0102,0
active_human,501,55,69,1.64,0.81,0.2,0.14,0.0541,0
follow_bot,10,62,4117,0.45,0.36,0.97,0.47,0.0018,1
active_human,491,678,722,1.24,0.71,0.04,0.18,0.0255,0
spambot,8,61,2801,20.85,0.1,0.82,0.83,0.0021,1
compromised_bot,1984,1000,7101,21.81,0.66,0.86,0.71,0.0017,1
spambot,24,30,6739,41.39,0.17,0.8,0.94,0.0007,1
follow_bot,56,58,8193,0.4,0.42,0.94,0.71,0.0011,1
active_human,438,678,511,0.48,0.76,0.13,0.35,0.0234,0
active_human,284,978,618,0.65,0.49,0.06,0.33,0.067,0
spambot,36,29,4648,64.47,0.15,0.88,0.76,0.0006,1
creator_human,1542,2456,500,2.9,0.89,0.09,0.21,0.1055,0
lurker_human,1110,79,129,0.12,0.59,0.12,0.29,0.0599,0
active_human,537,483,442,0.73,0.76,0.07,0.39,0.0666,0
active_human,361,141,221,1.48,0.88,0.28,0.18,0.0246,0
lurker_human,429,49,325,0.07,0.7,0.01,0.2,0.0533,0
active_human,1798,224,205,2.26,0.88,0.11,0.11,0.0899,0
compromised_bot,1898,477,6041,39.18,0.7,0.82,0.62,0.0055,1
active_human,939,326,380,1.63,0.94,0.1,0.11,0.0993,0
active_human,179,518,373,2.02,0.79,0.03,0.3,0.0694,0
spambot,4,29,5149,22.79,0.22,0.87,0.93,0.0008,1
compromised_bot,2235,1493,4836,18.85,0.65,0.66,0.9,0.0052,1
compromised_bot,1267,1164,5137,17.32,0.51,0.9,0.78,0.0025,1
compromised_bot,2063,630,6758,20.97,0.73,0.83,0.79,0.0072,1
active_human,590,111,125,1.99,0.97,0.05,0.38,0.0263,0
active_human,1039,376,250,2.38,0.82,0.06,0.19,0.0485,0
active_human,1435,492,511,1.1,0.84,0.12,0.21,0.1101,0
active_human,312,655,724,1.2,0.88,0.26,0.31,0.0527,0
active_human,464,553,617,0.39,0.78,0.12,0.2,0.061,0
lurker_human,427,85,356,0.14,0.52,0.02,0.24,0.0248,0
active_human,628,473,413,1.59,0.74,0.27,0.32,0.0381,0
active_human,814,35,72,2.2,0.92,0.33,0.25,0.1095,0
spambot,15,70,4347,51.46,0.2,0.77,0.87,0.0004,1
lurker_human,483,52,152,0.07,0.71,0.1,0.17,0.0405,0
creator_human,1611,4950,531,1.9,0.88,0.07,0.24,0.0646,0
compromised_bot,1071,761,7931,14.32,0.75,0.93,0.61,0.0011,1
active_human,288,979,803,0.38,0.72,0.03,0.16,0.0582,0
active_human,490,368,372,1.14,0.92,0.0,0.23,0.0602,0
compromised_bot,2210,1325,3970,10.91,0.61,0.88,0.63,0.0037,1
active_human,149,48,56,1.99,0.85,0.03,0.3,0.0698,0
spambot,18,62,2146,32.54,0.36,0.79,0.89,0.0029,1
active_human,133,962,846,1.55,0.85,0.31,0.12,0.0588,0
follow_bot,58,21,7636,0.16,0.55,0.97,0.73,0.0012,1
active_human,343,436,558,0.99,0.49,0.09,0.15,0.0364,0
lurker_human,350,41,362,0.08,0.66,0.1,0.13,0.0569,0
active_human,149,383,499,0.92,0.85,0.14,0.16,0.0964,0
active_human,1309,95,158,2.24,0.84,0.34,0.25,0.052,0
active_human,411,604,841,0.54,0.64,0.23,0.27,0.0445,0
creator_human,986,12356,579,2.91,0.95,0.16,0.2,0.1402,0
lurker_human,688,24,295,0.04,0.69,0.06,0.1,0.0595,0
active_human,527,328,399,1.68,0.88,0.13,0.31,0.0723,0
compromised_bot,876,1454,4160,18.88,0.76,0.77,0.64,0.001,1
spambot,4,65,4038,39.86,0.22,0.89,0.78,0.0004,1
lurker_human,164,139,117,0.09,0.72,0.03,0.2,0.0428,0
spambot,68,10,4590,57.61,0.16,0.71,0.86,0.0007,1
active_human,300,479,417,0.32,0.77,0.06,0.26,0.0356,0
spambot,14,50,7098,40.62,0.38,0.79,0.85,0.001,1
active_human,1240,1211,1352,1.41,0.78,0.18,0.15,0.0445,0
spambot,5,43,2617,42.34,0.4,0.94,0.88,0.0002,1
active_human,585,661,911,1.62,0.97,0.07,0.2,0.0838,0
active_human,244,281,399,1.63,0.88,0.1,0.11,0.0776,0
active_human,1342,158,126,2.25,0.96,0.15,0.26,0.0965,0
creator_human,1739,23684,585,3.66,0.86,0.23,0.19,0.1476,0
compromised_bot,1153,965,6504,40.42,0.53,0.93,0.61,0.0023,1
creator_human,1252,56075,488,3.76,0.85,0.12,0.27,0.0577,0
active_human,282,201,202,2.47,0.8,0.25,0.31,0.1152,0
active_human,549,91,107,0.72,0.72,0.05,0.29,0.0746,0
active_human,236,419,437,0.66,0.93,0.0,0.21,0.0426,0
creator_human,1159,12995,400,1.39,0.91,0.23,0.33,0.1176,0
lurker_human,1096,75,383,0.1,0.65,0.06,0.29,0.0312,0
active_human,107,321,299,2.11,0.93,0.03,0.2,0.0319,0
creator_human,1673,11144,931,1.5,0.89,0.14,0.26,0.1325,0
active_human,719,38,48,0.49,0.6,0.02,0.13,0.1056,0
active_human,615,198,287,0.94,0.9,0.13,0.37,0.0792,0
spambot,14,28,4991,60.49,0.31,0.9,0.95,0.0016,1
follow_bot,45,54,5495,1.05,0.47,0.97,0.72,0.0001,1
active_human,533,245,261,0.49,0.71,0.15,0.3,0.0499,0
spambot,41,40,6443,64.0,0.18,0.74,0.77,0.0006,1
active_human,860,247,265,1.18,0.89,0.13,0.3,0.0712,0
compromised_bot,1213,515,5752,43.17,0.58,0.71,0.63,0.0042,1
active_human,883,591,472,2.05,0.81,0.07,0.13,0.108,0
lurker_human,463,103,161,0.08,0.56,0.07,0.27,0.0534,0
compromised_bot,2147,367,6791,24.6,0.84,0.93,0.77,0.0022,1
creator_human,975,12330,1024,2.14,0.94,0.09,0.16,0.0409,0
lurker_human,736,131,393,0.09,0.58,0.05,0.25,0.0351,0
creator_human,1497,9323,101,1.15,0.87,0.15,0.3,0.1021,0
compromised_bot,1988,891,4942,28.79,0.82,0.91,0.69,0.0035,1
follow_bot,14,128,4685,1.18,0.26,0.96,0.73,0.0003,1
lurker_human,866,37,186,0.07,0.61,0.02,0.1,0.0333,0
active_human,267,177,159,1.89,0.59,0.02,0.1,0.1124,0
active_human,666,100,103,2.48,0.81,0.03,0.28,0.028,0
active_human,1177,685,506,0.32,0.72,0.04,0.23,0.1047,0
spambot,11,35,1624,47.21,0.42,0.82,0.96,0.0017,1
active_human,529,772,985,1.25,0.78,0.22,0.1,0.0278,0
lurker_human,374,58,366,0.11,0.41,0.04,0.21,0.0409,0
active_human,531,90,125,1.83,0.91,0.05,0.22,0.0476,0
follow_bot,28,43,4349,1.41,0.57,0.96,0.76,0.0014,1
creator_human,1022,11112,203,4.5,0.87,0.2,0.18,0.144,0
lurker_human,495,101,198,0.08,0.5,0.09,0.21,0.0551,0
active_human,592,375,250,2.17,0.76,0.1,0.3,0.0406,0
active_human,1082,335,262,2.29,0.55,0.17,0.3,0.0494,0
active_human,531,84,155,0.62,0.72,0.18,0.37,0.1148,0
follow_bot,40,66,7406,0.9,0.35,0.85,0.53,0.0017,1
spambot,2,73,6219,23.95,0.45,0.94,0.97,0.0023,1
spambot,5,19,3077,45.49,0.29,0.89,0.82,0.0002,1
active_human,421,484,416,0.95,0.86,0.07,0.37,0.1109,0
follow_bot,27,152,4643,0.12,0.49,0.89,0.58,0.002,1
creator_human,1682,2338,853,3.67,0.88,0.15,0.17,0.0933,0
follow_bot,59,137,6075,1.47,0.36,0.99,0.57,0.0011,1
active_human,1044,455,537,0.96,0.82,0.15,0.36,0.0598,0
compromised_bot,2425,1314,3513,27.68,0.69,0.86,0.77,0.0014,1
creator_human,1995,52320,308,4.15,0.96,0.07,0.3,0.0697,0
active_human,909,236,365,2.05,0.78,0.14,0.24,0.0947,0
active_human,529,634,889,1.06,0.88,0.01,0.36,0.062,0
compromised_bot,1236,345,5713,26.84,0.67,0.86,0.63,0.0017,1
compromised_bot,846,1318,7428,39.71,0.77,0.7,0.86,0.0077,1
lurker_human,697,106,382,0.06,0.74,0.09,0.24,0.0248,0
lurker_human,271,104,207,0.04,0.48,0.04,0.25,0.0355,0
active_human,327,126,111,0.51,0.72,0.11,0.4,0.0795,0
spambot,26,28,3143,50.2,0.32,0.88,0.97,0.0006,1
active_human,404,210,316,2.28,0.94,0.1,0.28,0.0923,0
lurker_human,1181,120,144,0.07,0.55,0.1,0.11,0.0133,0
follow_bot,16,31,3604,1.13,0.49,0.93,0.57,0.0011,1
spambot,19,76,6217,37.45,0.22,0.96,0.94,0.0007,1
spambot,26,22,5933,49.92,0.34,0.87,0.76,0.0018,1
follow_bot,56,52,4471,0.38,0.27,0.97,0.46,0.0005,1
active_human,343,362,335,1.48,0.96,0.03,0.22,0.0521,0
follow_bot,17,78,4260,0.19,0.45,0.96,0.52,0.002,1
active_human,622,400,532,1.76,0.95,0.04,0.19,0.0825,0
active_human,247,156,124,1.32,0.93,0.03,0.24,0.1071,0
lurker_human,232,56,265,0.04,0.5,0.01,0.09,0.0312,0
active_human,666,231,258,0.88,0.8,0.15,0.39,0.0894,0
active_human,945,77,96,2.02,0.83,0.07,0.22,0.0975,0
follow_bot,33,135,3696,1.2,0.4,0.88,0.6,0.0017,1
lurker_human,171,50,398,0.08,0.59,0.1,0.13,0.0375,0
spambot,4,8,5541,41.64,0.28,0.83,0.81,0.002,1
spambot,5,78,1520,57.9,0.31,0.73,0.83,0.0003,1
active_human,512,45,97,1.03,0.87,0.21,0.19,0.0237,0
spambot,6,32,5168,53.69,0.35,0.8,0.93,0.0028,1
creator_human,1697,9243,985,1.86,0.88,0.18,0.29,0.0309,0
lurker_human,205,146,94,0.11,0.71,0.07,0.07,0.0439,0
follow_bot,55,127,4997,0.3,0.35,0.98,0.7,0.0011,1
lurker_human,891,24,261,0.14,0.67,0.01,0.18,0.0426,0
active_human,506,582,850,2.31,0.89,0.02,0.14,0.0686,0
follow_bot,53,67,6422,0.49,0.47,0.95,0.68,0.0018,1
active_human,467,138,163,2.09,0.77,0.07,0.36,0.0585,0
active_human,794,618,545,1.71,0.73,0.19,0.38,0.0703,0
spambot,46,26,6760,47.24,0.16,0.97,0.99,0.0003,1
lurker_human,791,125,237,0.14,0.71,0.1,0.14,0.0345,0
lurker_human,532,72,330,0.02,0.66,0.09,0.05,0.0496,0
active_human,761,1987,1398,0.53,0.83,0.12,0.16,0.0734,0
active_human,358,101,169,1.52,0.73,0.26,0.3,0.0564,0
active_human,832,501,632,1.73,0.82,0.13,0.11,0.0664,0
active_human,251,624,572,0.68,0.67,0.05,0.27,0.0795,0
spambot,29,12,4603,34.63,0.44,0.73,0.81,0.0017,1
follow_bot,18,123,7648,1.44,0.42,0.95,0.55,0.0018,1
active_human,1132,265,320,2.09,0.76,0.0,0.2,0.0745,0
follow_bot,46,172,5871,1.17,0.42,0.95,0.47,0.0008,1
spambot,4,6,6186,49.68,0.24,0.72,0.78,0.0018,1
active_human,334,170,172,1.25,0.85,0.11,0.36,0.051,0
active_human,317,148,115,0.22,0.6,0.04,0.25,0.0913,0
active_human,761,179,185,1.08,0.82,0.17,0.14,0.0486,0
active_human,1192,280,386,0.44,0.71,0.1,0.13,0.0723,0
active_human,969,269,348,1.96,0.85,0.05,0.18,0.0662,0
lurker_human,258,96,87,0.12,0.56,0.11,0.24,0.0263,0
active_human,1031,271,353,1.18,0.94,0.14,0.15,0.1074,0
active_human,805,367,504,2.45,0.84,0.19,0.32,0.0823,0
follow_bot,41,183,8423,1.33,0.35,0.91,0.79,0.0015,1
active_human,496,108,184,1.16,0.83,0.01,0.27,0.0265,0
follow_bot,33,126,3782,1.09,0.52,0.93,0.66,0.0016,1
spambot,47,59,7046,23.47,0.43,0.76,0.99,0.0021,1
creator_human,871,10976,1015,1.86,0.89,0.11,0.28,0.0826,0
compromised_bot,1555,806,5932,30.07,0.81,0.66,0.87,0.0046,1
spambot,45,9,2386,40.35,0.36,0.74,0.89,0.0022,1
follow_bot,42,171,6976,0.78,0.37,0.9,0.78,0.0019,1
active_human,926,418,307,1.2,0.97,0.31,0.27,0.0402,0
follow_bot,10,25,5891,0.97,0.23,0.96,0.48,0.0019,1
compromised_bot,1029,1365,7144,16.16,0.84,0.93,0.75,0.0049,1
lurker_human,582,65,226,0.02,0.51,0.04,0.24,0.0352,0
follow_bot,31,54,8621,0.81,0.27,1.0,0.51,0.002,1
compromised_bot,1402,525,4675,10.42,0.5,0.67,0.86,0.0035,1
active_human,266,141,233,1.65,0.82,0.25,0.13,0.0255,0
creator_human,1117,53438,915,3.58,0.9,0.06,0.18,0.0454,0
lurker_human,462,75,55,0.15,0.42,0.08,0.14,0.0351,0
active_human,650,235,228,0.82,0.78,0.22,0.26,0.071,0
lurker_human,826,37,385,0.11,0.63,0.09,0.22,0.014,0
active_human,142,174,171,1.83,0.87,0.12,0.22,0.0285,0
spambot,33,28,3206,57.71,0.38,0.86,0.89,0.002,1
lurker_human,257,137,282,0.14,0.72,0.04,0.05,0.032,0
follow_bot,30,165,7160,1.24,0.55,0.93,0.73,0.0009,1
active_human,1029,485,638,1.0,0.8,0.07,0.19,0.0657,0
spambot,1,62,4155,42.82,0.18,0.72,0.88,0.0019,1
creator_human,736,6722,974,1.65,0.97,0.05,0.16,0.0452,0
lurker_human,289,133,76,0.05,0.51,0.08,0.12,0.0365,0
spambot,11,73,6906,19.22,0.36,0.73,0.98,0.0026,1
lurker_human,387,60,211,0.1,0.71,0.09,0.24,0.0434,0
active_human,364,240,300,0.93,0.69,0.03,0.19,0.0448,0
spambot,19,13,4545,43.01,0.22,0.97,0.85,0.0001,1
active_human,861,239,299,0.99,0.85,0.08,0.29,0.026,0
lurker_human,128,34,212,0.13,0.49,0.08,0.25,0.0235,0
active_human,374,311,390,1.93,0.78,0.08,0.26,0.0614,0
spambot,134,50,5020,21.6,0.15,0.76,0.78,0.0007,1
creator_human,841,8640,278,2.07,0.92,0.11,0.31,0.0969,0
active_human,496,235,225,2.45,0.92,0.08,0.39,0.0328,0
lurker_human,302,126,60,0.06,0.63,0.05,0.19,0.0335,0
active_human,135,438,449,0.71,0.9,0.13,0.34,0.033,0
follow_bot,21,65,5510,0.23,0.31,0.98,0.46,0.0008,1
active_human,947,156,181,2.25,0.81,0.1,0.34,0.032,0
compromised_bot,1903,243,3952,25.77,0.69,0.87,0.71,0.0024,1
active_human,770,90,143,1.16,0.88,0.12,0.11,0.0665,0
active_human,250,121,169,1.64,0.92,0.03,0.18,0.0608,0
lurker_human,738,62,70,0.07,0.5,0.08,0.25,0.0359,0
active_human,696,364,475,0.4,0.82,0.07,0.22,0.0976,0
active_human,454,114,145,1.42,0.85,0.06,0.14,0.0279,0
lurker_human,684,68,361,0.14,0.66,0.07,0.24,0.0406,0
active_human,1099,571,505,1.59,0.89,0.03,0.33,0.1069,0
active_human,245,484,521,0.24,0.96,0.3,0.13,0.0879,0
lurker_human,667,94,159,0.07,0.64,0.05,0.14,0.0527,0
follow_bot,54,163,7178,0.19,0.22,1.0,0.6,0.0002,1
lurker_human,384,79,258,0.15,0.51,0.09,0.28,0.0532,0
active_human,626,157,220,1.25,0.94,0.04,0.36,0.0798,0
active_human,552,253,365,1.05,0.96,0.17,0.26,0.1179,0
compromised_bot,1921,1269,4582,17.46,0.52,0.72,0.85,0.0051,1
creator_human,2088,2390,911,3.63,0.89,0.07,0.19,0.104,0
active_human,482,57,81,1.39,0.97,0.03,0.15,0.0888,0
lurker_human,286,138,160,0.1,0.69,0.09,0.27,0.0246,0
lurker_human,485,67,162,0.08,0.7,0.11,0.23,0.0595,0
creator_human,936,2780,614,4.06,0.99,0.17,0.33,0.065,0
active_human,548,291,420,1.86,0.91,0.17,0.28,0.066,0
lurker_human,833,149,277,0.14,0.68,0.02,0.05,0.0485,0
compromised_bot,1725,733,3680,28.01,0.74,0.84,0.83,0.0018,1
lurker_human,744,100,128,0.13,0.66,0.09,0.1,0.0409,0
compromised_bot,880,1345,6359,23.91,0.76,0.85,0.79,0.0072,1
compromised_bot,1026,1187,3690,37.26,0.55,0.8,0.76,0.0079,1
compromised_bot,1865,1412,7163,42.3,0.58,0.75,0.88,0.0079,1
lurker_human,526,137,287,0.06,0.43,0.12,0.24,0.041,0
active_human,322,175,233,1.79,0.74,0.09,0.38,0.0599,0
compromised_bot,2178,1216,5517,16.01,0.8,0.91,0.75,0.0017,1
creator_human,972,31569,210,4.46,0.97,0.09,0.24,0.0424,0
active_human,704,299,282,1.49,0.89,0.07,0.17,0.1023,0
active_human,746,418,522,1.81,0.78,0.37,0.35,0.112,0
spambot,3,76,3427,41.95,0.29,0.88,0.97,0.0019,1
compromised_bot,1805,915,6133,26.2,0.84,0.82,0.88,0.0062,1
lurker_human,548,55,185,0.01,0.6,0.04,0.3,0.0475,0
active_human,471,111,149,0.42,0.93,0.16,0.23,0.0655,0
compromised_bot,2436,989,4396,30.79,0.78,0.68,0.81,0.0033,1
active_human,927,644,501,1.52,0.73,0.21,0.37,0.0487,0
lurker_human,432,33,81,0.04,0.73,0.11,0.27,0.0153,0
active_human,652,261,244,1.73,0.61,0.12,0.18,0.0445,0
compromised_bot,1391,1494,7725,38.13,0.77,0.66,0.79,0.0023,1
spambot,15,65,7057,27.77,0.11,0.96,0.97,0.0014,1
active_human,458,285,236,0.64,0.77,0.02,0.35,0.0335,0
active_human,608,213,248,1.98,0.73,0.11,0.23,0.0841,0
lurker_human,544,75,154,0.05,0.62,0.05,0.15,0.0455,0
follow_bot,51,80,4629,1.15,0.28,0.99,0.57,0.0,1
spambot,14,34,2068,23.94,0.11,0.72,0.78,0.0007,1
lurker_human,410,40,72,0.15,0.57,0.09,0.12,0.0581,0
active_human,612,254,401,1.76,0.93,0.06,0.29,0.1173,0
spambot,5,8,4457,22.76,0.32,0.91,0.89,0.0003,1
active_human,552,198,293,1.63,0.79,0.03,0.15,0.0586,0
compromised_bot,2446,270,5454,22.27,0.54,0.82,0.75,0.0017,1
active_human,842,469,337,1.45,0.86,0.17,0.21,0.0952,0
active_human,743,78,94,0.89,0.91,0.04,0.28,0.0235,0
active_human,240,129,195,0.2,0.49,0.07,0.2,0.0658,0
follow_bot,7,69,6524,0.38,0.28,0.89,0.58,0.001,1
follow_bot,33,176,3018,0.7,0.37,0.91,0.7,0.0016,1
follow_bot,42,178,7190,0.58,0.37,0.96,0.7,0.002,1
active_human,892,39,79,2.36,0.93,0.2,0.3,0.0726,0
active_human,468,539,626,0.44,0.85,0.1,0.29,0.1095,0
active_human,586,48,90,0.4,0.76,0.12,0.23,0.1091,0
creator_human,3656,9034,998,3.49,0.93,0.17,0.29,0.1111,0
active_human,707,702,588,0.84,0.5,0.25,0.15,0.0516,0
active_human,810,97,84,1.38,0.82,0.06,0.32,0.0244,0
spambot,4,13,2348,46.27,0.22,0.9,0.81,0.0007,1
active_human,335,205,164,1.36,0.37,0.22,0.19,0.088,0
lurker_human,635,57,370,0.03,0.69,0.03,0.26,0.0218,0
spambot,12,71,6944,64.2,0.13,0.89,0.98,0.0011,1
active_human,1010,83,107,1.82,0.82,0.2,0.11,0.1036,0
active_human,562,523,344,0.25,0.48,0.18,0.33,0.1148,0
creator_human,887,18095,501,1.83,0.91,0.13,0.26,0.0412,0
creator_human,740,13561,584,3.4,0.86,0.24,0.18,0.0838,0
compromised_bot,1150,873,5806,37.64,0.84,0.92,0.78,0.0073,1
active_human,193,349,437,0.49,0.95,0.08,0.34,0.0504,0
spambot,2,58,6659,25.94,0.17,0.82,0.9,0.0005,1
compromised_bot,1407,747,4796,30.44,0.69,0.82,0.86,0.0024,1
spambot,2,37,6358,46.79,0.1,0.73,0.77,0.0011,1
creator_human,1229,7360,756,2.14,0.99,0.2,0.27,0.0704,0
active_human,431,577,775,1.45,0.58,0.05,0.32,0.1138,0
spambot,9,78,7162,50.72,0.28,0.86,0.75,0.0005,1
lurker_human,406,119,92,0.07,0.62,0.02,0.21,0.0327,0
active_human,499,824,1117,2.27,0.86,0.02,0.11,0.0613,0
spambot,7,33,6453,20.29,0.11,0.7,0.76,0.0027,1
active_human,363,63,64,2.07,0.91,0.02,0.26,0.0309,0
follow_bot,9,67,3090,0.87,0.57,0.86,0.45,0.0008,1
spambot,14,50,2402,24.29,0.39,0.73,0.79,0.0009,1
follow_bot,50,128,7442,1.05,0.51,0.92,0.42,0.0007,1
creator_human,775,22953,101,4.34,0.97,0.21,0.16,0.1429,0
follow_bot,48,55,3525,0.88,0.45,0.93,0.52,0.0002,1
active_human,328,464,447,2.2,0.85,0.07,0.13,0.1087,0
lurker_human,243,57,141,0.07,0.47,0.05,0.07,0.0586,0
active_human,574,431,346,1.94,0.55,0.17,0.26,0.0448,0
lurker_human,228,32,306,0.14,0.49,0.05,0.24,0.0224,0
lurker_human,809,128,81,0.14,0.55,0.11,0.08,0.0483,0
active_human,647,99,135,2.36,0.98,0.16,0.34,0.0929,0
active_human,447,703,481,1.3,0.81,0.21,0.2,0.1046,0
spambot,20,79,5095,37.42,0.42,0.87,0.92,0.002,1
spambot,16,45,5223,45.19,0.37,0.7,0.96,0.0029,1
active_human,176,187,246,1.94,0.89,0.09,0.33,0.0403,0
follow_bot,5,180,4056,0.32,0.42,0.91,0.56,0.0007,1
spambot,11,13,2606,53.28,0.14,0.9,0.81,0.0029,1
active_human,344,125,134,1.09,0.7,0.15,0.31,0.0226,0
creator_human,1479,5900,533,2.97,0.86,0.09,0.16,0.1382,0
active_human,427,156,170,2.43,0.54,0.05,0.12,0.0444,0
lurker_human,366,63,149,0.01,0.58,0.06,0.24,0.0102,0
spambot,34,39,6000,37.3,0.24,0.88,0.92,0.0028,1
active_human,296,687,511,2.14,0.71,0.12,0.3,0.0693,0
spambot,5,31,3921,15.76,0.45,0.72,0.78,0.0015,1
active_human,1010,269,348,2.02,0.64,0.14,0.17,0.0302,0
active_human,1042,166,142,1.52,0.87,0.05,0.14,0.0613,0
active_human,737,535,729,1.55,0.69,0.02,0.22,0.12,0
active_human,1168,159,183,1.54,0.86,0.31,0.13,0.0273,0
active_human,1490,218,234,0.62,0.81,0.19,0.34,0.0604,0
creator_human,1766,13501,1070,2.29,0.99,0.08,0.16,0.1237,0
lurker_human,703,107,67,0.07,0.51,0.09,0.19,0.0141,0
compromised_bot,2151,322,5252,35.5,0.71,0.77,0.62,0.0011,1
active_human,513,296,349,1.74,0.77,0.21,0.33,0.0771,0
follow_bot,9,188,6135,0.61,0.59,0.86,0.59,0.0001,1
active_human,364,104,129,0.21,0.92,0.17,0.22,0.0918,0
spambot,13,21,5544,21.59,0.27,0.87,0.99,0.0016,1
lurker_human,526,115,170,0.14,0.75,0.09,0.21,0.0175,0
compromised_bot,1739,1299,6742,26.4,0.52,0.85,0.64,0.0056,1
spambot,6,50,7190,51.78,0.31,0.79,0.85,0.0016,1
compromised_bot,1088,391,7861,10.57,0.75,0.92,0.82,0.0039,1
spambot,9,34,6181,49.56,0.33,0.88,0.83,0.0016,1
creator_human,1668,7118,582,4.37,0.88,0.14,0.19,0.1107,0
active_human,916,294,282,2.14,0.84,0.26,0.12,0.0631,0
creator_human,1904,11974,548,1.42,0.91,0.11,0.18,0.1307,0
spambot,8,5,7190,56.39,0.13,0.74,0.97,0.0025,1
spambot,15,67,4009,61.74,0.27,0.78,0.84,0.0001,1
active_human,384,189,167,0.67,0.96,0.11,0.19,0.076,0
creator_human,1267,39443,457,1.41,0.87,0.12,0.19,0.1422,0
spambot,11,73,3464,54.42,0.24,0.71,0.95,0.0009,1
active_human,752,202,302,2.46,0.75,0.17,0.35,0.07,0
lurker_human,258,22,58,0.02,0.44,0.08,0.07,0.0178,0
creator_human,579,2328,545,2.56,0.97,0.18,0.19,0.1203,0
lurker_human,1041,37,390,0.12,0.41,0.06,0.05,0.026,0
lurker_human,514,128,127,0.12,0.6,0.11,0.09,0.0325,0
creator_human,873,10355,936,3.92,0.92,0.16,0.19,0.0983,0
active_human,277,403,316,1.16,0.84,0.25,0.36,0.0972,0
active_human,257,741,750,0.23,0.81,0.17,0.39,0.0983,0
active_human,382,811,685,1.5,0.84,0.05,0.21,0.0616,0
active_human,567,149,203,1.41,0.74,0.11,0.35,0.0987,0
lurker_human,472,47,394,0.13,0.49,0.05,0.1,0.0449,0
active_human,1378,165,223,1.21,0.86,0.04,0.13,0.0475,0
creator_human,626,45766,850,2.14,0.97,0.16,0.31,0.0795,0
follow_bot,58,102,4935,1.45,0.21,0.86,0.78,0.0014,1
active_human,579,39,81,2.14,0.96,0.21,0.28,0.0946,0
spambot,5,73,1939,22.95,0.3,0.77,0.8,0.0027,1
active_human,282,175,170,2.09,0.79,0.14,0.33,0.0276,0
spambot,5,12,5216,44.12,0.19,0.88,0.97,0.0012,1
compromised_bot,1231,529,7871,29.03,0.64,0.85,0.77,0.003,1
active_human,256,327,291,1.41,0.56,0.31,0.16,0.1181,0
follow_bot,59,36,8789,1.05,0.3,0.92,0.72,0.0016,1
follow_bot,48,77,7532,0.74,0.22,0.9,0.57,0.0002,1
active_human,536,183,222,1.21,0.34,0.42,0.11,0.0338,0
creator_human,1479,19128,240,2.94,0.93,0.14,0.15,0.0396,0
active_human,627,128,152,0.82,0.78,0.06,0.1,0.0843,0
spambot,8,63,7192,23.41,0.12,0.8,0.9,0.0013,1
active_human,388,488,400,0.84,0.83,0.16,0.39,0.0402,0
compromised_bot,2300,1449,3777,28.51,0.52,0.66,0.6,0.0047,1
lurker_human,474,40,80,0.1,0.72,0.05,0.13,0.0413,0
active_human,697,121,185,2.24,0.8,0.14,0.23,0.0471,0
lurker_human,873,119,115,0.12,0.52,0.07,0.15,0.0333,0
spambot,12,29,2722,50.75,0.14,0.77,0.83,0.0016,1
compromised_bot,1323,227,3964,42.19,0.59,0.81,0.74,0.0036,1
compromised_bot,2365,373,4709,38.14,0.57,0.94,0.76,0.0074,1
spambot,16,28,2848,28.49,0.39,0.78,0.76,0.0017,1
follow_bot,10,144,3778,0.3,0.34,0.91,0.42,0.0001,1
active_human,952,192,214,0.24,0.92,0.09,0.18,0.0552,0
active_human,539,229,196,2.15,0.91,0.14,0.35,0.0526,0
spambot,15,71,3807,46.22,0.43,0.94,0.94,0.0016,1
active_human,627,339,315,1.69,0.8,0.01,0.34,0.0918,0
active_human,868,150,204,1.36,0.88,0.21,0.36,0.0503,0
spambot,5,53,2451,36.88,0.19,0.84,0.89,0.0019,1
creator_human,1003,138853,399,2.27,0.9,0.21,0.28,0.0898,0
active_human,553,109,155,0.21,0.92,0.11,0.11,0.0485,0
active_human,360,200,233,2.28,0.81,0.07,0.13,0.1191,0
compromised_bot,1562,467,4567,15.13,0.51,0.65,0.62,0.0054,1
lurker_human,862,107,283,0.02,0.71,0.05,0.28,0.0568,0
follow_bot,47,166,5531,1.32,0.41,0.95,0.51,0.0005,1
creator_human,936,59750,619,1.39,0.95,0.12,0.26,0.0932,0
follow_bot,56,56,3001,0.44,0.21,0.91,0.76,0.0012,1
active_human,795,527,566,1.48,0.68,0.06,0.36,0.0334,0
active_human,787,95,87,0.79,0.93,0.15,0.17,0.1092,0
follow_bot,42,192,5365,0.41,0.37,0.96,0.62,0.0016,1
compromised_bot,1560,733,7060,13.65,0.84,0.88,0.65,0.0019,1
active_human,322,458,465,0.62,0.93,0.11,0.24,0.0486,0
active_human,824,373,299,0.89,0.85,0.08,0.26,0.0498,0
active_human,307,678,832,2.32,0.65,0.41,0.24,0.0938,0
active_human,507,389,314,2.02,0.57,0.06,0.36,0.0684,0
lurker_human,587,102,256,0.09,0.68,0.02,0.18,0.052,0
compromised_bot,1863,999,7440,23.27,0.81,0.72,0.69,0.0078,1
creator_human,1297,20257,955,4.11,0.86,0.13,0.31,0.0763,0
compromised_bot,1044,1428,3987,24.9,0.74,0.71,0.6,0.0078,1
follow_bot,20,132,4635,1.3,0.52,0.88,0.65,0.0004,1
compromised_bot,1393,487,5186,27.45,0.8,0.83,0.87,0.0073,1
active_human,745,137,158,2.15,0.79,0.05,0.15,0.1121,0
lurker_human,762,37,50,0.05,0.73,0.05,0.08,0.0257,0
lurker_human,1022,110,370,0.08,0.74,0.09,0.08,0.0247,0
active_human,405,152,188,1.12,0.84,0.33,0.24,0.0895,0
lurker_human,362,116,312,0.05,0.6,0.03,0.26,0.0465,0
active_human,594,1608,2147,1.69,0.75,0.13,0.24,0.1045,0
active_human,815,385,517,0.56,0.87,0.21,0.12,0.0679,0
active_human,597,369,497,0.63,0.88,0.01,0.14,0.0772,0
active_human,1102,1075,909,1.09,0.8,0.09,0.29,0.0646,0
active_human,650,910,1177,0.54,0.97,0.01,0.18,0.0516,0
active_human,647,461,377,1.94,0.82,0.24,0.25,0.1018,0
active_human,157,435,483,0.92,0.77,0.17,0.3,0.102,0
creator_human,2340,17303,1169,2.16,0.95,0.18,0.27,0.052,0
active_human,409,143,223,1.13,0.83,0.13,0.4,0.1012,0
follow_bot,59,95,6140,1.26,0.49,0.92,0.52,0.0004,1
compromised_bot,1561,343,3808,31.38,0.69,0.84,0.86,0.0048,1
active_human,414,412,378,2.18,0.68,0.18,0.32,0.0538,0
active_human,200,63,110,1.39,0.76,0.05,0.27,0.0365,0
compromised_bot,997,331,5912,10.5,0.77,0.93,0.67,0.0021,1
active_human,641,1088,704,1.58,0.9,0.08,0.17,0.087,0
active_human,263,353,280,2.35,0.87,0.14,0.29,0.0574,0
compromised_bot,2156,1471,7185,22.11,0.74,0.77,0.74,0.0019,1
spambot,4,48,6806,42.67,0.3,0.96,0.79,0.0016,1
active_human,824,414,335,2.18,0.99,0.17,0.25,0.1105,0
creator_human,1563,1946,117,1.84,0.94,0.25,0.23,0.0302,0
active_human,735,3020,3759,1.69,0.76,0.16,0.2,0.0815,0
active_human,405,257,227,0.21,0.84,0.17,0.34,0.0707,0
creator_human,1112,12634,428,3.21,0.87,0.08,0.28,0.1175,0
spambot,19,19,5751,39.16,0.17,0.72,0.91,0.003,1
spambot,5,70,4551,17.49,0.29,0.73,0.94,0.0002,1
active_human,412,527,579,1.04,0.64,0.11,0.3,0.099,0
compromised_bot,2488,963,6660,43.55,0.84,0.78,0.72,0.0042,1
lurker_human,497,123,197,0.13,0.64,0.12,0.22,0.0306,0
compromised_bot,2477,272,6264,11.52,0.72,0.66,0.66,0.0042,1
active_human,270,494,575,1.89,0.96,0.17,0.22,0.0485,0
lurker_human,610,56,96,0.09,0.57,0.1,0.1,0.0179,0
spambot,31,38,6355,53.2,0.25,0.9,0.78,0.0029,1
follow_bot,27,137,4654,0.75,0.58,1.0,0.49,0.0001,1
active_human,608,814,634,0.89,0.62,0.13,0.1,0.0608,0
compromised_bot,1743,844,3616,29.9,0.53,0.65,0.85,0.0022,1
active_human,344,399,316,0.58,0.74,0.12,0.33,0.0686,0
lurker_human,669,131,72,0.15,0.66,0.12,0.24,0.0362,0
creator_human,1484,33593,611,2.78,0.94,0.1,0.31,0.1416,0
spambot,11,57,6267,47.24,0.37,0.89,0.92,0.0001,1
compromised_bot,1431,956,3630,44.89,0.63,0.8,0.64,0.0051,1
compromised_bot,924,582,3583,17.5,0.79,0.9,0.78,0.0035,1
active_human,836,411,436,1.88,0.97,0.05,0.21,0.1145,0
active_human,1147,273,286,1.17,0.73,0.22,0.32,0.1066,0
lurker_human,547,110,213,0.09,0.52,0.04,0.06,0.0235,0
active_human,431,795,1013,0.85,0.95,0.12,0.27,0.04,0
creator_human,892,9116,982,1.62,0.87,0.06,0.23,0.0638,0
active_human,279,210,334,1.26,0.66,0.22,0.27,0.0313,0
active_human,400,334,362,1.8,0.74,0.19,0.3,0.1153,0
active_human,361,203,243,0.42,0.84,0.02,0.4,0.0532,0
active_human,666,434,479,2.41,0.6,0.04,0.3,0.0516,0
active_human,417,172,172,1.23,0.81,0.1,0.29,0.0344,0
compromised_bot,917,1099,3839,14.28,0.74,0.93,0.77,0.0024,1
creator_human,2732,29131,997,3.53,0.92,0.12,0.17,0.1285,0
active_human,486,707,512,1.82,0.82,0.17,0.3,0.0639,0
lurker_human,973,38,395,0.14,0.69,0.06,0.21,0.0223,0
active_human,584,73,85,1.09,0.81,0.01,0.11,0.0627,0
active_human,555,248,340,0.75,0.75,0.06,0.38,0.0611,0
active_human,573,106,145,0.5,0.7,0.02,0.16,0.0715,0
spambot,29,73,6624,59.83,0.15,0.96,0.75,0.0008,1
active_human,509,403,310,1.61,0.88,0.04,0.35,0.0702,0
follow_bot,7,167,3764,0.41,0.38,1.0,0.41,0.0013,1
lurker_human,343,132,299,0.13,0.58,0.03,0.16,0.0478,0
follow_bot,11,86,6993,1.14,0.24,0.93,0.41,0.0019,1
lurker_human,936,121,351,0.12,0.64,0.04,0.13,0.0344,0
spambot,31,50,7420,28.19,0.36,0.87,0.8,0.0029,1
lurker_human,561,76,119,0.01,0.47,0.04,0.17,0.051,0
lurker_human,1102,25,159,0.03,0.41,0.02,0.13,0.0464,0
active_human,215,70,118,0.41,0.88,0.06,0.22,0.1171,0
spambot,2,62,4760,42.26,0.25,0.91,0.91,0.0026,1
spambot,3,8,5815,17.23,0.24,0.82,0.96,0.0005,1
creator_human,2412,17345,371,3.87,0.98,0.09,0.17,0.1307,0
lurker_human,426,51,200,0.07,0.47,0.08,0.26,0.0334,0
active_human,499,325,253,1.04,0.97,0.28,0.13,0.0678,0
follow_bot,58,51,4456,0.84,0.5,0.91,0.56,0.0001,1
active_human,470,155,167,1.23,0.8,0.06,0.12,0.1011,0
active_human,605,1049,1063,2.35,0.9,0.1,0.22,0.0863,0
active_human,605,161,144,1.47,0.87,0.12,0.13,0.0637,0
creator_human,1676,9979,653,3.23,0.95,0.23,0.21,0.0798,0
compromised_bot,1338,541,4225,38.76,0.62,0.84,0.73,0.0017,1
follow_bot,44,122,3666,1.33,0.33,0.94,0.75,0.0007,1
spambot,11,21,4340,28.09,0.39,0.75,0.89,0.0003,1
spambot,22,13,7325,43.07,0.14,0.93,0.83,0.0027,1
compromised_bot,2121,504,7603,41.42,0.81,0.83,0.87,0.0075,1
creator_human,1383,4222,529,3.38,0.94,0.09,0.33,0.1241,0
active_human,668,138,157,0.73,0.8,0.09,0.28,0.0221,0
active_human,277,327,345,0.31,0.81,0.07,0.39,0.0686,0
lurker_human,458,141,281,0.06,0.45,0.08,0.24,0.0562,0
active_human,675,269,295,1.76,0.89,0.13,0.29,0.1017,0
lurker_human,252,107,283,0.11,0.54,0.07,0.08,0.026,0
lurker_human,427,118,346,0.02,0.44,0.04,0.22,0.0192,0
lurker_human,1014,42,138,0.11,0.73,0.03,0.08,0.0196,0
active_human,548,40,58,1.4,0.62,0.01,0.16,0.0448,0
active_human,312,338,359,0.92,0.71,0.24,0.24,0.0572,0
creator_human,2316,4094,702,3.74,0.94,0.12,0.15,0.0446,0
active_human,718,342,343,2.36,0.91,0.15,0.24,0.0809,0
active_human,473,153,170,1.86,0.81,0.19,0.18,0.0413,0
creator_human,820,19209,960,2.08,0.9,0.25,0.18,0.0664,0
follow_bot,39,197,7479,0.24,0.39,0.91,0.65,0.0017,1
active_human,408,175,268,1.66,0.62,0.08,0.22,0.0366,0
compromised_bot,1098,1437,6141,19.76,0.81,0.84,0.72,0.0053,1
active_human,452,258,201,1.82,0.88,0.07,0.33,0.112,0
active_human,320,120,122,1.21,0.95,0.14,0.31,0.1165,0
follow_bot,48,160,8716,0.41,0.53,1.0,0.74,0.0019,1
spambot,66,31,6100,54.73,0.44,0.9,0.98,0.0008,1
active_human,983,521,720,0.73,0.86,0.08,0.3,0.0346,0
spambot,7,36,4059,48.56,0.39,0.91,0.89,0.0021,1
creator_human,1031,3599,803,3.94,0.99,0.06,0.25,0.1124,0
follow_bot,14,163,8022,0.14,0.29,0.95,0.46,0.0002,1
compromised_bot,1542,1159,3763,13.8,0.79,0.81,0.65,0.005,1
active_human,283,158,172,0.41,0.82,0.1,0.37,0.0602,0
compromised_bot,1146,316,6021,26.1,0.58,0.93,0.79,0.0042,1
active_human,489,508,331,0.9,0.87,0.19,0.33,0.0551,0
active_human,896,468,476,0.99,0.83,0.14,0.39,0.0902,0
lurker_human,1160,124,70,0.15,0.52,0.09,0.09,0.0502,0
spambot,20,10,2166,62.13,0.23,0.86,0.96,0.0015,1
creator_human,974,34361,561,3.28,0.97,0.21,0.33,0.0478,0
active_human,1324,389,314,1.92,0.85,0.02,0.34,0.0624,0
lurker_human,269,122,141,0.08,0.4,0.09,0.18,0.0259,0
active_human,414,175,222,0.75,0.7,0.03,0.35,0.1006,0
active_human,408,209,232,2.46,0.68,0.13,0.37,0.0517,0
active_human,318,318,415,0.94,0.78,0.11,0.16,0.0782,0
follow_bot,35,109,5201,0.97,0.6,0.89,0.67,0.0019,1
active_human,618,132,151,1.94,0.65,0.04,0.2,0.1019,0
compromised_bot,2172,1389,4449,19.46,0.56,0.66,0.65,0.003,1
active_human,926,1239,1061,0.73,0.62,0.19,0.36,0.0475,0
compromised_bot,1935,1094,5427,22.38,0.84,0.77,0.69,0.005,1
spambot,51,66,4224,54.93,0.41,0.71,0.99,0.0009,1
active_human,510,241,231,0.47,0.8,0.08,0.33,0.022,0
active_human,228,52,91,1.4,0.63,0.11,0.31,0.0489,0
lurker_human,389,140,261,0.04,0.48,0.06,0.25,0.0139,0
follow_bot,49,189,3901,0.18,0.31,0.87,0.5,0.0016,1
active_human,471,578,495,1.56,0.74,0.1,0.11,0.1083,0
spambot,5,52,7420,16.28,0.24,0.77,0.9,0.0016,1
compromised_bot,1809,1376,6488,34.65,0.54,0.75,0.77,0.0045,1
spambot,25,60,2922,17.92,0.32,0.97,0.93,0.0016,1
compromised_bot,917,291,7553,43.79,0.52,0.7,0.66,0.004,1
active_human,261,701,879,1.03,0.66,0.3,0.38,0.0541,0
follow_bot,47,63,6568,1.36,0.31,0.93,0.47,0.0002,1
spambot,15,52,2687,36.98,0.19,0.82,0.77,0.0009,1
active_human,461,335,287,0.79,0.78,0.12,0.21,0.0542,0
lurker_human,1589,77,78,0.1,0.68,0.06,0.26,0.0596,0
lurker_human,1014,28,301,0.13,0.63,0.08,0.1,0.0444,0
compromised_bot,2280,646,5926,11.49,0.66,0.65,0.65,0.0023,1
lurker_human,415,117,196,0.07,0.67,0.09,0.29,0.0319,0
lurker_human,202,31,170,0.13,0.66,0.03,0.08,0.0256,0
lurker_human,330,36,292,0.01,0.45,0.05,0.28,0.0101,0
follow_bot,8,50,3003,0.79,0.21,0.93,0.43,0.0007,1
compromised_bot,1088,1304,3669,32.63,0.84,0.88,0.72,0.0041,1
active_human,405,56,84,0.29,0.86,0.07,0.36,0.1033,0
spambot,17,69,3062,31.75,0.18,0.97,0.9,0.0029,1
active_human,1058,406,490,0.95,0.56,0.08,0.21,0.101,0
active_human,814,169,246,1.71,0.71,0.01,0.24,0.0343,0
active_human,2086,223,331,1.65,0.88,0.09,0.25,0.0727,0
active_human,359,504,474,1.26,0.83,0.02,0.16,0.0492,0
follow_bot,5,131,3765,0.71,0.55,0.85,0.54,0.0009,1
spambot,4,72,2846,51.19,0.13,0.76,0.93,0.0026,1
spambot,12,23,2798,34.19,0.13,0.77,0.95,0.0005,1
follow_bot,27,190,7105,0.74,0.57,0.89,0.63,0.0001,1
lurker_human,573,25,68,0.12,0.68,0.1,0.18,0.0317,0
active_human,432,239,210,0.59,0.79,0.0,0.27,0.0216,0
active_human,855,218,284,1.16,0.66,0.22,0.16,0.0771,0
creator_human,1807,4381,595,3.39,0.85,0.18,0.23,0.0843,0
active_human,467,111,190,2.05,0.95,0.05,0.14,0.1169,0
active_human,533,64,93,1.02,0.9,0.06,0.39,0.087,0
lurker_human,266,149,232,0.12,0.48,0.01,0.18,0.0483,0
active_human,165,322,236,1.11,0.83,0.32,0.31,0.11,0
active_human,1500,576,537,1.62,0.89,0.25,0.13,0.0369,0
creator_human,1302,13061,1174,3.44,0.91,0.13,0.18,0.1264,0
active_human,282,572,439,0.92,0.64,0.07,0.14,0.1172,0
creator_human,1412,6821,1119,2.56,0.93,0.24,0.32,0.1248,0
active_human,391,833,1027,2.02,0.7,0.07,0.32,0.0601,0
lurker_human,364,98,85,0.15,0.48,0.05,0.07,0.0476,0
active_human,189,840,1058,1.71,0.86,0.24,0.27,0.0604,0
active_human,261,324,431,0.46,0.96,0.08,0.15,0.0481,0
active_human,277,175,268,0.4,0.86,0.18,0.34,0.1193,0
follow_bot,35,70,7109,1.02,0.48,0.89,0.8,0.0006,1
creator_human,1627,29173,532,3.34,0.94,0.07,0.34,0.1041,0
spambot,29,59,4303,28.91,0.16,0.72,0.81,0.0008,1
lurker_human,676,70,391,0.13,0.72,0.08,0.26,0.0262,0
active_human,586,20,33,2.23,0.74,0.03,0.22,0.0358,0
active_human,579,95,83,0.29,0.84,0.1,0.22,0.117,0
active_human,708,141,156,2.27,0.78,0.03,0.19,0.0966,0
active_human,346,239,380,0.61,0.61,0.03,0.36,0.1017,0
lurker_human,854,33,138,0.13,0.53,0.11,0.09,0.0125,0
active_human,1034,216,246,1.17,0.8,0.2,0.18,0.06,0
lurker_human,479,30,109,0.14,0.49,0.06,0.06,0.0196,0
spambot,2,50,7173,60.39,0.17,0.86,0.88,0.0025,1
active_human,275,464,605,2.36,0.99,0.01,0.14,0.1025,0
spambot,9,78,6328,25.55,0.22,0.95,0.94,0.0011,1
compromised_bot,932,1072,3798,44.58,0.64,0.87,0.84,0.0032,1
active_human,261,398,489,1.63,0.86,0.04,0.28,0.1005,0
spambot,12,65,5322,42.56,0.17,0.96,0.91,0.0017,1
active_human,587,139,138,2.31,0.76,0.27,0.19,0.0729,0
lurker_human,147,102,225,0.04,0.62,0.08,0.05,0.0466,0
active_human,697,348,337,2.27,0.94,0.15,0.25,0.1075,0
active_human,457,199,190,2.42,0.73,0.09,0.2,0.0332,0
spambot,34,60,2651,16.38,0.21,0.8,0.97,0.003,1
creator_human,425,29091,101,4.4,0.91,0.09,0.26,0.0779,0
active_human,511,437,553,0.94,0.91,0.05,0.12,0.0321,0
lurker_human,175,34,168,0.04,0.41,0.04,0.28,0.0109,0
active_human,727,813,1089,0.56,0.8,0.16,0.34,0.0479,0
follow_bot,30,70,4823,0.33,0.3,0.88,0.7,0.0018,1
lurker_human,448,66,268,0.03,0.57,0.07,0.06,0.0135,0
follow_bot,48,33,5456,1.18,0.48,0.96,0.49,0.0003,1
spambot,10,13,7320,22.33,0.43,0.9,0.76,0.0017,1
active_human,701,195,164,2.33,0.76,0.03,0.33,0.0682,0
follow_bot,28,67,3204,0.46,0.51,0.92,0.57,0.0017,1
active_human,1715,151,206,2.39,0.69,0.12,0.2,0.1144,0
spambot,7,23,6057,56.86,0.15,0.86,0.84,0.0015,1
lurker_human,2562,125,277,0.12,0.69,0.05,0.1,0.0579,0
spambot,25,11,2236,15.74,0.43,0.91,0.95,0.0006,1
creator_human,1538,20728,810,3.83,0.94,0.11,0.22,0.0333,0
active_human,563,111,136,1.53,0.83,0.11,0.24,0.1024,0
lurker_human,368,147,183,0.03,0.64,0.09,0.22,0.0509,0
lurker_human,572,45,133,0.15,0.49,0.11,0.27,0.02,0
active_human,862,330,372,0.53,0.75,0.07,0.4,0.12,0
lurker_human,182,132,79,0.12,0.46,0.1,0.11,0.0315,0
lurker_human,338,72,236,0.13,0.58,0.08,0.23,0.0338,0
active_human,689,72,114,0.46,0.69,0.01,0.3,0.0394,0
active_human,751,594,730,1.65,0.75,0.03,0.16,0.1184,0
follow_bot,58,44,3427,1.35,0.42,0.94,0.44,0.0003,1
compromised_bot,921,1446,4482,22.88,0.67,0.72,0.79,0.0065,1
lurker_human,488,42,363,0.02,0.65,0.06,0.27,0.0562,0
active_human,948,346,515,1.28,0.6,0.02,0.2,0.0319,0
creator_human,921,11199,1150,3.86,0.99,0.21,0.34,0.1377,0
follow_bot,34,85,3354,0.31,0.45,0.9,0.74,0.0007,1
active_human,248,237,339,0.67,0.87,0.08,0.18,0.0769,0
follow_bot,31,172,3553,1.27,0.29,0.99,0.63,0.001,1
compromised_bot,1508,1256,4337,39.64,0.76,0.85,0.77,0.0032,1
active_human,698,452,406,0.68,0.96,0.06,0.35,0.0996,0
follow_bot,33,173,4421,1.48,0.44,0.86,0.68,0.0011,1
spambot,4,69,4729,41.96,0.31,0.9,0.88,0.001,1
active_human,922,669,601,2.39,0.72,0.03,0.21,0.1061,0
active_human,550,166,172,2.43,0.51,0.17,0.29,0.0858,0
active_human,701,189,157,1.67,0.89,0.06,0.19,0.112,0
spambot,9,15,3077,46.76,0.14,0.77,0.84,0.0012,1
compromised_bot,829,1097,4341,17.75,0.72,0.86,0.71,0.007,1
compromised_bot,829,395,4692,40.59,0.53,0.78,0.89,0.0045,1
active_human,847,76,116,1.82,0.85,0.05,0.4,0.1026,0
creator_human,1605,27025,742,3.52,0.94,0.19,0.26,0.1448,0
creator_human,1895,17160,765,1.9,0.94,0.14,0.33,0.1009,0
follow_bot,22,197,4861,0.51,0.56,0.96,0.59,0.0013,1
active_human,544,125,137,0.76,0.82,0.05,0.39,0.1182,0
active_human,507,478,511,2.24,0.8,0.12,0.37,0.1087,0
compromised_bot,2290,1083,4219,18.5,0.55,0.7,0.75,0.004,1
lurker_human,702,115,362,0.05,0.59,0.02,0.23,0.0378,0
spambot,7,74,2148,52.01,0.31,0.83,0.98,0.0014,1
spambot,3,11,5766,25.61,0.22,0.83,0.79,0.0024,1
active_human,638,112,165,1.78,0.95,0.09,0.37,0.0978,0
follow_bot,35,110,4001,1.16,0.26,0.99,0.4,0.0009,1
active_human,790,1016,1253,1.86,0.55,0.08,0.35,0.0365,0
lurker_human,272,115,348,0.08,0.63,0.12,0.27,0.0538,0
spambot,1,35,6546,40.56,0.39,0.96,0.86,0.0009,1
active_human,203,385,407,0.81,0.82,0.07,0.18,0.0431,0
compromised_bot,2371,1407,5727,21.71,0.78,0.87,0.71,0.0079,1
compromised_bot,1463,527,4348,19.59,0.85,0.65,0.64,0.0016,1
spambot,21,29,2049,56.76,0.37,0.84,0.93,0.0018,1
active_human,685,373,265,1.13,0.86,0.11,0.31,0.1044,0
lurker_human,710,32,267,0.1,0.74,0.06,0.15,0.0574,0
active_human,825,301,225,1.15,0.82,0.14,0.18,0.0384,0
follow_bot,6,89,8002,1.36,0.33,0.86,0.67,0.0012,1
compromised_bot,2065,605,3775,29.16,0.6,0.94,0.84,0.0023,1
active_human,195,468,376,2.36,0.9,0.12,0.28,0.0446,0
active_human,212,110,178,1.8,0.89,0.08,0.31,0.0277,0
active_human,895,656,527,0.51,0.97,0.13,0.39,0.1076,0
creator_human,826,14882,240,1.12,0.91,0.22,0.2,0.0426,0
active_human,1131,936,750,2.5,0.72,0.09,0.13,0.1136,0
active_human,476,86,125,1.18,0.74,0.13,0.26,0.0727,0
creator_human,1737,1979,380,3.18,0.9,0.18,0.27,0.1384,0
active_human,706,103,115,0.93,0.88,0.08,0.32,0.0791,0
follow_bot,42,103,4924,0.73,0.28,0.85,0.4,0.0008,1
active_human,256,167,212,2.11,0.56,0.07,0.39,0.0652,0
lurker_human,1016,135,213,0.11,0.46,0.09,0.14,0.0122,0
active_human,976,428,544,1.61,0.47,0.02,0.34,0.0679,0
active_human,1641,199,235,0.29,0.74,0.09,0.27,0.0357,0
lurker_human,534,47,259,0.03,0.6,0.12,0.15,0.0122,0
creator_human,2002,17373,571,2.2,0.98,0.18,0.24,0.0382,0
spambot,8,8,2144,60.01,0.38,0.93,0.82,0.0011,1
active_human,471,583,631,0.45,0.8,0.05,0.2,0.1091,0
active_human,476,701,955,1.44,0.75,0.11,0.34,0.107,0
lurker_human,443,31,141,0.05,0.75,0.1,0.11,0.0317,0
creator_human,1057,1506,1118,3.58,0.87,0.22,0.31,0.1223,0
follow_bot,57,111,5187,1.35,0.43,0.95,0.46,0.0018,1
lurker_human,924,111,377,0.03,0.42,0.07,0.19,0.0265,0
follow_bot,43,154,6742,0.54,0.54,0.94,0.57,0.0019,1
lurker_human,541,25,86,0.07,0.43,0.06,0.27,0.0515,0
compromised_bot,1994,493,5739,15.63,0.56,0.85,0.71,0.0039,1
follow_bot,31,106,6972,0.34,0.53,0.99,0.47,0.0019,1
lurker_human,594,21,200,0.02,0.62,0.02,0.11,0.0203,0
lurker_human,641,101,160,0.15,0.67,0.11,0.25,0.0555,0
active_human,764,2153,2529,1.13,0.96,0.34,0.19,0.0314,0
spambot,2,22,6309,26.54,0.22,0.83,0.97,0.002,1
active_human,540,567,613,0.29,0.5,0.06,0.1,0.0513,0
active_human,845,468,328,2.06,0.58,0.11,0.13,0.0462,0
follow_bot,37,70,6796,0.44,0.24,0.97,0.59,0.0015,1
compromised_bot,1544,617,6811,15.93,0.6,0.82,0.69,0.0065,1
active_human,616,186,159,1.77,0.76,0.1,0.16,0.0748,0
creator_human,1193,26445,630,1.19,0.86,0.16,0.19,0.1322,0
creator_human,1118,38816,159,1.26,0.94,0.19,0.21,0.0686,0
creator_human,1595,19769,218,1.0,0.87,0.06,0.18,0.115,0
active_human,879,315,233,1.22,0.81,0.04,0.31,0.028,0
active_human,1267,66,54,0.26,0.87,0.05,0.19,0.0824,0
compromised_bot,1078,565,7366,14.65,0.67,0.66,0.82,0.0012,1
lurker_human,269,92,387,0.04,0.69,0.05,0.25,0.0208,0
active_human,797,35,62,2.27,0.68,0.14,0.15,0.0804,0
lurker_human,1158,74,344,0.06,0.59,0.11,0.14,0.0323,0
active_human,287,764,587,0.32,0.92,0.08,0.28,0.0449,0
spambot,28,23,2557,52.97,0.44,0.97,0.77,0.0001,1
lurker_human,533,34,64,0.12,0.59,0.06,0.17,0.0408,0
lurker_human,183,120,130,0.09,0.49,0.05,0.16,0.0107,0
follow_bot,47,78,8696,0.34,0.42,0.99,0.49,0.0007,1
active_human,1088,65,84,0.99,0.58,0.11,0.21,0.0901,0
active_human,832,213,208,0.63,0.78,0.1,0.39,0.0532,0
active_human,426,88,103,0.56,0.83,0.03,0.1,0.1017,0
lurker_human,1011,93,392,0.12,0.65,0.08,0.23,0.0231,0
active_human,487,487,586,2.26,0.75,0.11,0.38,0.0634,0
lurker_human,497,62,367,0.14,0.41,0.1,0.2,0.0113,0
lurker_human,647,80,170,0.06,0.73,0.08,0.15,0.0189,0
active_human,1256,317,250,0.56,0.78,0.01,0.24,0.104,0
compromised_bot,2468,817,6329,14.15,0.79,0.94,0.68,0.0039,1
active_human,1842,167,172,0.97,0.64,0.02,0.38,0.0316,0
active_human,706,83,110,1.68,0.82,0.05,0.14,0.0655,0
creator_human,1208,9250,307,1.92,1.0,0.1,0.15,0.1455,0
active_human,673,259,243,1.02,0.76,0.1,0.12,0.076,0
active_human,1026,435,483,0.64,0.86,0.14,0.33,0.1014,0
active_human,952,166,204,0.91,0.83,0.24,0.4,0.0266,0
spambot,5,49,2772,18.95,0.23,0.85,0.91,0.0017,1
follow_bot,53,66,4801,1.18,0.48,0.99,0.46,0.0005,1
active_human,574,814,616,1.79,0.84,0.18,0.37,0.0734,0
creator_human,905,22891,797,3.91,0.85,0.11,0.23,0.1113,0
active_human,649,370,389,0.59,0.87,0.12,0.18,0.0955,0
lurker_human,554,65,50,0.06,0.68,0.05,0.23,0.0175,0
active_human,196,330,411,0.36,0.73,0.14,0.28,0.0529,0
creator_human,647,924,949,2.85,0.92,0.24,0.3,0.0486,0
lurker_human,519,63,215,0.06,0.53,0.01,0.23,0.0405,0
active_human,227,539,691,1.43,0.87,0.11,0.26,0.0324,0
compromised_bot,1719,1002,7444,17.37,0.58,0.8,0.76,0.002,1
compromised_bot,2033,353,7777,13.33,0.71,0.93,0.65,0.0011,1
lurker_human,286,123,230,0.12,0.51,0.11,0.08,0.0261,0
spambot,112,66,2229,33.98,0.18,0.75,0.78,0.0001,1
lurker_human,418,114,368,0.07,0.53,0.02,0.12,0.0564,0
lurker_human,727,94,359,0.08,0.68,0.1,0.15,0.0471,0
compromised_bot,1329,1433,4903,30.08,0.78,0.93,0.81,0.0021,1
active_human,284,385,319,1.12,0.83,0.17,0.36,0.0767,0
active_human,484,148,219,0.57,0.95,0.11,0.21,0.0555,0
lurker_human,605,93,338,0.1,0.69,0.03,0.08,0.023,0
active_human,418,105,132,1.69,0.58,0.08,0.11,0.112,0
spambot,11,65,3002,61.66,0.29,0.84,0.94,0.0018,1
active_human,507,1211,1675,2.02,0.95,0.11,0.38,0.1017,0
lurker_human,449,35,84,0.14,0.55,0.08,0.25,0.0451,0
follow_bot,47,117,6748,0.3,0.29,0.95,0.59,0.0011,1
active_human,540,128,183,0.49,0.87,0.01,0.26,0.0609,0
active_human,671,781,1028,2.26,0.78,0.08,0.29,0.1123,0
lurker_human,204,128,87,0.04,0.49,0.06,0.22,0.032,0
active_human,729,254,268,1.3,0.94,0.03,0.24,0.1123,0
active_human,924,269,332,2.23,0.63,0.16,0.33,0.1104,0
active_human,1430,246,261,0.9,0.86,0.03,0.18,0.0934,0
compromised_bot,1401,315,7701,13.76,0.71,0.81,0.78,0.0047,1
active_human,226,269,209,2.04,0.93,0.02,0.18,0.0874,0
spambot,46,69,2417,42.0,0.27,0.79,0.93,0.0006,1
active_human,501,864,1173,2.21,0.51,0.03,0.15,0.1087,0
active_human,243,167,207,0.92,0.91,0.12,0.12,0.1124,0
active_human,255,85,145,2.45,0.86,0.15,0.16,0.1139,0
active_human,761,360,283,1.63,0.47,0.23,0.26,0.0921,0
lurker_human,832,106,92,0.05,0.57,0.02,0.09,0.0205,0
lurker_human,829,97,114,0.12,0.47,0.1,0.13,0.0536,0
follow_bot,43,143,3615,1.01,0.43,0.9,0.45,0.0004,1
active_human,599,861,751,0.97,0.72,0.2,0.27,0.0831,0
lurker_human,877,121,162,0.04,0.65,0.04,0.28,0.0403,0
lurker_human,417,31,286,0.13,0.57,0.04,0.29,0.0209,0
creator_human,674,1492,326,1.45,0.91,0.23,0.34,0.0819,0
active_human,212,243,220,0.31,0.76,0.27,0.37,0.0617,0
follow_bot,17,53,8593,1.01,0.54,0.89,0.62,0.0007,1
active_human,557,195,253,1.15,0.81,0.34,0.4,0.0214,0
active_human,1211,413,503,0.27,0.67,0.19,0.27,0.0781,0
compromised_bot,2432,206,7160,21.7,0.79,0.88,0.75,0.0041,1
active_human,817,165,155,2.44,0.96,0.03,0.28,0.0248,0
compromised_bot,1575,402,5810,33.19,0.78,0.76,0.83,0.0051,1
active_human,422,327,239,0.38,0.82,0.06,0.34,0.111,0
active_human,276,308,461,1.9,0.93,0.14,0.14,0.0642,0
active_human,823,535,553,1.12,0.86,0.16,0.15,0.0457,0
spambot,5,78,3327,39.72,0.37,0.91,0.8,0.0028,1
follow_bot,19,41,5796,1.26,0.39,0.92,0.65,0.0002,1
creator_human,1039,14886,287,1.69,0.94,0.16,0.2,0.148,0
follow_bot,36,39,7857,0.6,0.55,0.89,0.8,0.0004,1
active_human,502,330,364,0.21,0.81,0.05,0.35,0.1025,0
creator_human,1405,11806,182,2.5,0.94,0.1,0.2,0.088,0
active_human,469,382,408,2.3,0.95,0.03,0.19,0.0709,0
active_human,256,791,657,1.74,0.53,0.28,0.31,0.0453,0
active_human,690,168,256,1.87,0.7,0.24,0.38,0.1167,0
creator_human,1210,10348,558,2.4,0.86,0.23,0.15,0.1182,0
compromised_bot,2472,858,7785,27.23,0.74,0.77,0.87,0.0047,1
active_human,409,385,398,0.47,0.93,0.04,0.38,0.0602,0
lurker_human,468,107,209,0.06,0.41,0.02,0.23,0.0413,0
active_human,1389,90,165,0.72,0.8,0.16,0.23,0.0785,0
active_human,422,333,326,0.47,0.92,0.13,0.31,0.1086,0
active_human,867,657,646,1.25,0.68,0.06,0.39,0.1129,0
active_human,795,103,128,1.31,0.88,0.09,0.16,0.0266,0
lurker_human,418,145,380,0.12,0.58,0.1,0.27,0.0406,0
lurker_human,588,122,284,0.09,0.47,0.09,0.2,0.0378,0
creator_human,1858,22666,766,4.46,0.92,0.15,0.29,0.11,0
active_human,400,249,287,0.81,0.73,0.2,0.39,0.092,0
lurker_human,454,122,347,0.09,0.51,0.09,0.28,0.0302,0
active_human,732,304,400,0.63,0.76,0.12,0.29,0.0516,0
active_human,752,435,359,2.46,0.75,0.11,0.21,0.1112,0
active_human,373,818,851,0.69,0.89,0.12,0.13,0.0692,0
spambot,15,68,3265,28.26,0.21,0.84,0.79,0.0011,1
active_human,511,67,63,1.31,0.91,0.13,0.19,0.0725,0
active_human,921,310,410,1.0,0.65,0.06,0.21,0.1181,0
active_human,468,765,597,0.97,0.84,0.02,0.32,0.1081,0
lurker_human,290,41,162,0.04,0.71,0.1,0.09,0.0284,0
lurker_human,263,104,53,0.02,0.58,0.08,0.25,0.0307,0
active_human,299,51,63,1.23,0.84,0.01,0.14,0.0301,0
lurker_human,922,111,122,0.07,0.71,0.06,0.18,0.0227,0
spambot,1,23,5495,49.85,0.18,0.93,0.95,0.0009,1
spambot,30,37,4673,33.32,0.25,0.92,0.82,0.001,1
active_human,383,199,201,1.82,0.58,0.1,0.24,0.0458,0
follow_bot,23,90,4198,0.19,0.58,0.95,0.56,0.0008,1
active_human,624,285,337,0.26,0.67,0.09,0.12,0.0645,0
active_human,942,49,82,0.77,0.69,0.08,0.15,0.1052,0
lurker_human,368,115,311,0.08,0.71,0.1,0.2,0.0365,0
active_human,822,349,360,1.63,0.92,0.15,0.34,0.062,0
spambot,10,24,3024,40.83,0.4,0.94,0.89,0.0011,1
active_human,874,537,606,1.22,0.68,0.08,0.11,0.0525,0
follow_bot,14,99,3753,1.29,0.44,0.9,0.53,0.0006,1
active_human,464,51,78,1.53,0.8,0.09,0.12,0.0724,0
compromised_bot,2150,477,6762,13.47,0.8,0.72,0.89,0.0027,1
lurker_human,900,22,126,0.11,0.58,0.1,0.24,0.0197,0
lurker_human,605,45,133,0.11,0.47,0.11,0.14,0.014,0
active_human,1299,170,180,0.34,0.85,0.08,0.25,0.0514,0
follow_bot,56,142,4515,0.14,0.52,1.0,0.42,0.001,1
spambot,10,58,3128,61.05,0.29,0.77,0.93,0.0011,1
active_human,1286,387,545,0.77,0.6,0.08,0.2,0.0409,0
active_human,573,2069,1828,0.78,0.67,0.07,0.31,0.0462,0
active_human,613,240,191,0.91,0.48,0.13,0.22,0.0901,0
active_human,941,87,79,0.7,0.73,0.04,0.17,0.1049,0
active_human,697,87,121,1.16,0.8,0.18,0.11,0.0299,0
follow_bot,51,131,7572,0.47,0.46,0.9,0.67,0.0016,1
active_human,269,502,407,2.09,0.81,0.1,0.38,0.0567,0
spambot,3,33,7449,58.56,0.21,0.73,0.88,0.0013,1
active_human,603,471,706,0.78,0.87,0.05,0.13,0.0731,0
active_human,275,358,402,1.63,0.83,0.14,0.15,0.0833,0
creator_human,1137,55195,296,3.6,0.85,0.13,0.19,0.1225,0
spambot,19,77,2647,48.44,0.34,0.7,0.83,0.0003,1
spambot,4,24,1746,35.2,0.32,0.88,0.99,0.0021,1
active_human,716,154,196,0.26,0.38,0.23,0.29,0.1151,0
follow_bot,46,121,4507,0.69,0.51,0.88,0.64,0.001,1
creator_human,1526,5244,450,2.57,0.95,0.23,0.17,0.031,0
active_human,305,312,381,2.06,0.7,0.07,0.4,0.044,0
spambot,3,40,3523,29.78,0.3,0.8,0.86,0.0016,1
active_human,988,711,518,0.51,0.78,0.07,0.27,0.0723,0
active_human,815,370,367,2.27,0.83,0.04,0.17,0.0851,0
follow_bot,20,119,3900,0.46,0.47,0.99,0.43,0.0009,1
active_human,682,642,462,1.27,0.89,0.03,0.28,0.0346,0
follow_bot,54,134,6223,0.22,0.38,0.85,0.58,0.0014,1
active_human,254,2012,2311,1.55,0.86,0.03,0.16,0.0958,0
spambot,33,21,2787,58.19,0.2,0.88,0.8,0.0019,1
follow_bot,33,127,5949,1.04,0.22,0.93,0.45,0.0013,1
active_human,834,437,642,1.11,0.71,0.0,0.15,0.1063,0
active_human,545,1146,1528,2.1,0.9,0.1,0.19,0.0977,0
spambot,15,31,4743,40.04,0.19,0.86,0.97,0.0001,1
compromised_bot,1234,807,3818,31.48,0.59,0.92,0.89,0.0075,1
active_human,665,916,856,1.99,0.91,0.43,0.37,0.0496,0
creator_human,1420,5700,523,1.47,0.94,0.17,0.25,0.1024,0
compromised_bot,2329,756,6791,30.23,0.78,0.68,0.68,0.0019,1
follow_bot,42,148,8287,0.33,0.45,0.93,0.47,0.0006,1
active_human,398,632,729,1.07,0.79,0.12,0.29,0.0578,0
lurker_human,272,90,136,0.12,0.69,0.02,0.25,0.0252,0
active_human,470,152,219,0.36,0.78,0.02,0.15,0.0389,0
creator_human,724,4999,253,2.35,0.89,0.2,0.31,0.0695,0
creator_human,1790,6788,261,2.92,0.99,0.11,0.22,0.1007,0
follow_bot,10,114,7990,0.21,0.56,0.95,0.49,0.0014,1
spambot,23,10,7337,22.6,0.43,0.98,0.75,0.0003,1
lurker_human,846,67,315,0.11,0.63,0.12,0.19,0.0584,0
active_human,439,503,696,0.79,0.87,0.06,0.32,0.1128,0
active_human,369,165,181,1.09,0.88,0.1,0.26,0.0732,0
lurker_human,1140,140,335,0.07,0.7,0.12,0.14,0.0247,0
spambot,9,19,3804,50.19,0.13,0.82,0.85,0.0021,1
active_human,476,315,312,1.44,0.93,0.08,0.14,0.1197,0
spambot,35,59,3289,23.95,0.27,0.81,0.79,0.0012,1
active_human,903,333,233,0.46,0.77,0.07,0.24,0.0373,0
lurker_human,649,145,347,0.11,0.52,0.05,0.13,0.0489,0
active_human,692,199,179,1.02,0.96,0.05,0.36,0.1057,0
lurker_human,246,36,372,0.12,0.56,0.04,0.14,0.0394,0
compromised_bot,1735,606,5058,15.95,0.81,0.72,0.88,0.0018,1
follow_bot,19,51,4385,0.5,0.22,0.96,0.5,0.0006,1
lurker_human,937,34,74,0.14,0.6,0.02,0.07,0.0469,0
follow_bot,20,93,4015,0.42,0.43,0.88,0.55,0.0013,1
active_human,223,85,139,2.4,0.93,0.06,0.2,0.0977,0
compromised_bot,1351,492,5294,10.89,0.8,0.71,0.83,0.0012,1
active_human,236,97,132,0.59,0.88,0.09,0.11,0.058,0
lurker_human,537,141,188,0.01,0.43,0.03,0.21,0.0206,0
active_human,1158,635,812,1.79,0.55,0.14,0.37,0.0308,0
lurker_human,302,145,279,0.13,0.51,0.11,0.08,0.0247,0
creator_human,1479,11356,558,3.73,0.95,0.2,0.24,0.1148,0
active_human,202,521,607,0.92,0.93,0.16,0.33,0.1117,0
active_human,315,134,202,1.99,0.97,0.18,0.28,0.0934,0
follow_bot,24,115,3356,1.31,0.49,0.97,0.8,0.001,1
spambot,26,20,3589,62.75,0.23,0.77,0.91,0.0002,1
active_human,593,591,539,0.94,0.75,0.18,0.25,0.0941,0
lurker_human,359,22,191,0.09,0.47,0.02,0.07,0.0263,0
spambot,37,61,2939,23.22,0.17,0.76,0.91,0.0019,1
active_human,326,692,498,1.07,0.48,0.0,0.18,0.0629,0
active_human,491,268,391,1.1,0.56,0.16,0.19,0.0743,0
active_human,913,405,551,2.26,0.89,0.19,0.29,0.0355,0
active_human,374,40,72,0.77,0.9,0.19,0.24,0.0288,0
lurker_human,717,120,204,0.03,0.55,0.03,0.25,0.0276,0
active_human,821,389,393,1.7,0.6,0.02,0.34,0.0205,0
spambot,4,29,6388,20.97,0.39,0.93,0.91,0.0028,1
active_human,87,881,952,1.29,0.79,0.01,0.31,0.0966,0
spambot,53,52,4205,25.38,0.18,0.92,0.94,0.0004,1
active_human,1193,126,104,1.77,0.79,0.1,0.21,0.0739,0
active_human,715,380,461,0.62,0.73,0.02,0.31,0.0592,0
creator_human,2226,27077,217,1.13,0.88,0.11,0.17,0.0775,0
spambot,4,46,3441,32.24,0.23,0.73,0.81,0.0022,1
follow_bot,57,102,4975,1.27,0.22,0.97,0.52,0.001,1
lurker_human,660,77,198,0.03,0.72,0.04,0.17,0.0252,0
spambot,4,23,7321,57.52,0.43,0.8,0.78,0.0024,1
active_human,632,434,621,0.41,0.99,0.01,0.1,0.109,0
active_human,684,57,54,0.81,0.82,0.1,0.29,0.0466,0
compromised_bot,1252,1079,5205,22.0,0.53,0.76,0.7,0.0015,1
spambot,9,43,7387,22.9,0.21,0.78,0.96,0.0015,1
active_human,705,214,175,1.48,0.64,0.03,0.32,0.0362,0
active_human,547,354,281,1.69,0.68,0.05,0.11,0.0478,0
lurker_human,616,32,164,0.02,0.54,0.1,0.08,0.0109,0
active_human,371,306,356,0.31,0.9,0.04,0.15,0.0849,0
spambot,10,12,5284,37.21,0.3,0.72,0.79,0.0023,1
active_human,77,121,175,1.21,0.76,0.04,0.31,0.0895,0
spambot,2,9,1813,31.9,0.21,0.89,0.76,0.0022,1
lurker_human,519,30,315,0.02,0.56,0.08,0.2,0.0581,0
active_human,812,515,711,0.35,0.78,0.08,0.21,0.0553,0
lurker_human,652,62,103,0.01,0.52,0.04,0.19,0.0544,0
spambot,1,34,4039,28.25,0.14,0.82,0.97,0.0001,1
creator_human,894,3242,955,1.98,0.99,0.09,0.31,0.0738,0
follow_bot,56,140,4080,0.79,0.26,0.96,0.73,0.0008,1
active_human,793,102,107,0.45,0.75,0.02,0.29,0.0652,0
compromised_bot,1899,402,3732,34.6,0.84,0.68,0.71,0.0044,1
lurker_human,659,97,398,0.01,0.49,0.08,0.09,0.02,0
active_human,446,891,810,2.44,0.75,0.1,0.13,0.0957,0
follow_bot,53,154,3034,0.23,0.58,0.87,0.58,0.002,1
compromised_bot,2005,1266,7203,37.91,0.71,0.84,0.66,0.0019,1
active_human,473,420,572,0.96,0.89,0.12,0.26,0.0439,0
spambot,23,42,7300,52.38,0.12,0.71,0.93,0.0002,1
active_human,441,217,257,0.55,0.7,0.36,0.21,0.1197,0
lurker_human,186,60,286,0.15,0.55,0.09,0.2,0.0455,0
spambot,12,16,3141,44.22,0.14,0.98,0.82,0.0029,1
active_human,693,106,169,2.11,0.81,0.06,0.38,0.0377,0
active_human,995,178,282,0.56,0.72,0.04,0.19,0.0833,0
spambot,13,64,5648,38.15,0.32,0.81,0.95,0.0028,1
lurker_human,318,111,151,0.05,0.62,0.02,0.15,0.0265,0
active_human,186,498,674,1.7,0.63,0.28,0.19,0.0246,0
lurker_human,287,71,113,0.06,0.6,0.06,0.22,0.0193,0
active_human,225,202,146,2.03,0.74,0.15,0.27,0.1183,0
spambot,21,30,5740,35.99,0.22,0.78,0.93,0.0003,1
active_human,196,134,135,1.55,0.72,0.21,0.37,0.0611,0
spambot,3,69,1625,40.95,0.23,0.94,0.83,0.0016,1
active_human,1308,144,214,1.62,0.78,0.07,0.11,0.0474,0
follow_bot,34,75,7219,1.29,0.5,0.94,0.62,0.0015,1
spambot,7,40,2396,53.59,0.18,0.92,0.9,0.0011,1
follow_bot,7,155,8935,0.64,0.5,1.0,0.62,0.0004,1
active_human,532,424,527,1.81,0.88,0.02,0.1,0.037,0
spambot,14,78,6240,45.96,0.43,0.91,0.78,0.0008,1
lurker_human,563,29,156,0.08,0.52,0.04,0.14,0.0116,0
lurker_human,300,79,195,0.06,0.59,0.11,0.25,0.0332,0
active_human,611,250,340,0.9,0.61,0.09,0.14,0.1168,0
compromised_bot,2359,1342,6004,11.82,0.63,0.77,0.89,0.0031,1
creator_human,1243,50982,1139,3.27,0.92,0.24,0.3,0.0599,0
active_human,569,199,297,2.39,0.9,0.07,0.3,0.0891,0
active_human,788,635,700,1.11,0.5,0.02,0.25,0.0943,0
lurker_human,505,71,394,0.07,0.56,0.12,0.19,0.0158,0
lurker_human,987,103,372,0.15,0.66,0.05,0.12,0.0242,0
follow_bot,13,145,6634,0.79,0.48,0.88,0.64,0.0003,1
spambot,6,77,1974,59.13,0.27,0.75,0.96,0.0011,1
spambot,6,39,3563,58.35,0.24,0.71,0.82,0.0024,1
follow_bot,24,71,3320,0.84,0.53,0.9,0.55,0.0011,1
follow_bot,17,110,5978,0.22,0.24,0.99,0.73,0.0015,1
lurker_human,326,124,280,0.02,0.5,0.02,0.12,0.0486,0
active_human,658,408,550,2.18,0.95,0.02,0.18,0.075,0
active_human,365,125,166,1.16,0.97,0.13,0.33,0.0294,0
active_human,301,47,94,0.92,0.88,0.03,0.29,0.0262,0
follow_bot,56,132,7477,0.34,0.54,0.91,0.48,0.0011,1
active_human,661,201,284,0.53,0.79,0.03,0.29,0.0895,0
follow_bot,44,106,6774,0.46,0.31,0.91,0.62,0.0007,1
spambot,1,48,1906,53.83,0.14,0.96,0.88,0.0022,1
active_human,462,897,989,1.45,0.91,0.19,0.28,0.0371,0
creator_human,1543,8653,855,1.78,0.97,0.2,0.17,0.0876,0
active_human,262,267,339,2.01,0.86,0.07,0.35,0.089,0
follow_bot,37,38,8992,0.87,0.44,0.9,0.64,0.0013,1
spambot,13,47,4805,53.12,0.21,0.85,0.96,0.0029,1
active_human,323,343,297,1.99,0.92,0.02,0.36,0.0977,0
compromised_bot,1898,848,7876,32.29,0.53,0.75,0.77,0.0017,1
active_human,709,243,240,0.43,0.49,0.14,0.15,0.0958,0
active_human,652,234,276,0.95,0.72,0.14,0.23,0.0991,0
follow_bot,13,183,7347,0.94,0.29,0.9,0.67,0.0012,1
active_human,327,183,237,0.97,0.58,0.02,0.28,0.108,0
spambot,5,14,6445,25.39,0.41,0.9,0.77,0.0021,1
active_human,377,116,159,2.42,0.83,0.06,0.38,0.0605,0
creator_human,895,14103,900,3.08,0.86,0.06,0.19,0.1343,0
active_human,460,826,694,0.94,0.81,0.12,0.15,0.1179,0
lurker_human,445,142,163,0.04,0.65,0.03,0.07,0.055,0
compromised_bot,917,652,6704,42.06,0.83,0.85,0.82,0.0045,1
active_human,146,194,157,2.24,0.89,0.11,0.38,0.0393,0
active_human,551,321,433,1.41,0.82,0.06,0.25,0.0544,0
spambot,7,52,4803,36.52,0.36,0.78,0.92,0.0006,1
active_human,790,364,348,1.81,0.91,0.13,0.33,0.0488,0
active_human,531,1015,660,2.18,0.8,0.06,0.22,0.0577,0
active_human,420,195,208,0.58,0.64,0.03,0.28,0.0685,0
compromised_bot,2315,728,6580,39.87,0.84,0.77,0.86,0.0034,1
active_human,310,103,143,1.9,0.91,0.13,0.3,0.0606,0
active_human,1240,68,99,0.79,0.97,0.11,0.39,0.1028,0
compromised_bot,2188,903,7769,32.81,0.56,0.91,0.68,0.0068,1
active_human,1154,270,250,0.36,0.84,0.05,0.11,0.052,0
lurker_human,270,89,304,0.11,0.68,0.02,0.27,0.031,0
follow_bot,33,134,3546,0.34,0.27,0.94,0.76,0.0014,1
active_human,307,651,900,2.33,0.95,0.1,0.2,0.1114,0
creator_human,1831,34631,477,1.5,0.86,0.2,0.32,0.0401,0
active_human,197,433,403,1.33,0.86,0.06,0.29,0.0202,0
active_human,269,442,529,1.89,0.84,0.03,0.25,0.1039,0
spambot,8,65,4815,44.35,0.44,0.9,0.85,0.0007,1
lurker_human,581,129,215,0.13,0.68,0.07,0.15,0.0442,0
compromised_bot,1367,208,7727,21.68,0.83,0.66,0.67,0.0052,1
active_human,1354,1062,763,1.5,0.79,0.09,0.31,0.0645,0
active_human,685,625,423,1.57,0.72,0.05,0.33,0.0776,0
creator_human,1794,6266,654,1.69,0.88,0.15,0.33,0.0778,0
lurker_human,794,64,238,0.13,0.74,0.08,0.21,0.0437,0
active_human,332,680,864,2.3,0.57,0.02,0.22,0.0408,0
spambot,9,50,7474,26.91,0.29,0.74,0.8,0.0015,1
active_human,623,575,437,1.25,0.98,0.24,0.14,0.1046,0
active_human,482,329,357,2.18,0.74,0.09,0.21,0.0584,0
active_human,213,821,1112,0.95,0.91,0.06,0.24,0.0468,0
active_human,607,154,218,0.8,0.92,0.05,0.17,0.0299,0
active_human,684,138,235,0.3,0.6,0.22,0.13,0.1093,0
active_human,562,238,204,1.2,0.77,0.05,0.28,0.1134,0
spambot,2,70,7381,42.93,0.22,0.94,0.94,0.0019,1
spambot,4,64,3825,26.27,0.44,0.95,0.98,0.003,1
active_human,989,300,320,1.97,0.79,0.17,0.11,0.0617,0
active_human,854,378,380,0.41,0.95,0.06,0.32,0.0516,0
active_human,285,611,852,0.92,0.8,0.06,0.1,0.0746,0
active_human,258,352,344,0.39,0.63,0.15,0.38,0.0446,0
active_human,792,89,94,2.04,0.64,0.26,0.29,0.1008,0
compromised_bot,1855,321,5986,35.08,0.65,0.82,0.73,0.0024,1
lurker_human,366,56,264,0.06,0.42,0.03,0.17,0.0504,0
compromised_bot,2102,1288,5864,40.66,0.84,0.82,0.77,0.0077,1
active_human,819,248,217,0.82,0.87,0.22,0.27,0.0912,0
active_human,909,242,272,0.84,0.78,0.12,0.22,0.112,0
creator_human,1628,13914,333,3.29,1.0,0.15,0.2,0.108,0
compromised_bot,1028,1126,6937,29.06,0.78,0.69,0.69,0.0078,1
active_human,467,199,156,1.33,0.64,0.22,0.38,0.093,0
active_human,593,891,1226,2.3,0.62,0.28,0.21,0.0554,0
active_human,345,337,279,1.29,0.51,0.18,0.36,0.0687,0
follow_bot,14,158,6124,1.44,0.33,0.95,0.64,0.0014,1
follow_bot,31,150,8346,0.56,0.23,0.85,0.71,0.0003,1
active_human,548,168,156,1.31,0.77,0.2,0.26,0.1018,0
spambot,16,18,7160,61.27,0.25,0.86,0.85,0.001,1
lurker_human,1972,93,78,0.12,0.42,0.02,0.07,0.0382,0
lurker_human,1558,61,207,0.05,0.75,0.11,0.29,0.0114,0
active_human,237,1070,959,2.01,0.91,0.13,0.13,0.0251,0
active_human,802,459,528,1.57,0.49,0.23,0.23,0.0205,0
compromised_bot,814,644,6664,27.03,0.76,0.66,0.85,0.0074,1
spambot,38,51,1691,45.44,0.14,0.75,0.77,0.0,1
compromised_bot,1643,738,6661,26.68,0.78,0.69,0.65,0.0024,1
active_human,544,197,268,2.13,0.87,0.3,0.27,0.0215,0
active_human,260,157,170,0.9,0.71,0.06,0.31,0.0926,0
spambot,6,45,2340,47.38,0.44,0.76,0.82,0.0017,1
spambot,6,55,4734,27.05,0.41,0.77,0.9,0.0011,1
active_human,476,648,802,2.16,0.92,0.13,0.26,0.1141,0
follow_bot,45,117,5123,1.06,0.3,0.93,0.68,0.0015,1
active_human,580,358,244,2.49,0.77,0.05,0.18,0.077,0
active_human,1650,275,238,1.28,0.84,0.01,0.29,0.1011,0
active_human,678,304,329,2.04,0.86,0.07,0.19,0.1078,0
follow_bot,45,109,7096,1.45,0.45,0.93,0.7,0.0005,1
active_human,1131,134,134,1.85,0.74,0.12,0.16,0.0733,0
lurker_human,519,77,192,0.03,0.54,0.07,0.12,0.0188,0
active_human,474,82,133,0.81,0.81,0.12,0.21,0.0849,0
active_human,958,126,207,2.42,0.52,0.24,0.37,0.0546,0
active_human,864,191,265,0.69,0.69,0.09,0.4,0.1175,0
lurker_human,844,146,163,0.15,0.59,0.08,0.07,0.0406,0
spambot,9,20,5172,38.83,0.14,0.71,0.94,0.0016,1
active_human,583,264,316,1.47,0.77,0.11,0.29,0.0605,0
creator_human,1645,10050,1025,1.27,0.91,0.1,0.2,0.0605,0
active_human,428,35,48,2.15,0.89,0.11,0.34,0.0933,0
lurker_human,340,39,88,0.05,0.45,0.05,0.07,0.0257,0
creator_human,805,14903,451,3.81,0.92,0.14,0.25,0.0757,0
follow_bot,59,167,6787,0.4,0.36,0.86,0.74,0.0014,1
active_human,442,176,164,0.77,0.81,0.02,0.21,0.1096,0
active_human,272,748,917,0.84,0.92,0.04,0.25,0.1128,0
creator_human,2348,16977,827,4.48,0.94,0.23,0.27,0.0897,0
active_human,566,79,105,2.06,0.76,0.07,0.21,0.1133,0
lurker_human,1885,52,369,0.04,0.7,0.07,0.22,0.0503,0
spambot,30,23,3233,56.68,0.16,0.8,0.85,0.0009,1
active_human,1536,162,161,0.5,0.95,0.29,0.35,0.0805,0
spambot,30,44,1629,33.41,0.37,0.78,0.83,0.0011,1
follow_bot,43,136,4937,1.31,0.33,0.91,0.71,0.0004,1
spambot,9,72,5836,64.66,0.39,0.74,0.8,0.0012,1
spambot,11,68,1924,17.43,0.19,0.76,0.93,0.0014,1
active_human,605,84,92,1.03,0.87,0.32,0.34,0.0589,0
creator_human,1586,15807,884,3.04,0.95,0.05,0.17,0.0323,0
active_human,695,343,422,1.17,0.77,0.18,0.31,0.0355,0
lurker_human,465,96,361,0.03,0.7,0.08,0.21,0.0426,0
active_human,154,227,279,1.72,0.89,0.19,0.22,0.0825,0
lurker_human,618,134,92,0.07,0.44,0.11,0.22,0.0335,0
creator_human,1373,70428,627,3.44,0.89,0.08,0.33,0.1337,0
follow_bot,11,92,8775,1.19,0.42,0.97,0.74,0.0003,1
active_human,603,303,244,1.6,0.82,0.01,0.37,0.104,0
active_human,461,142,199,0.35,0.78,0.07,0.37,0.0427,0
spambot,2,77,3464,61.94,0.43,0.78,0.8,0.0004,1
lurker_human,239,61,168,0.05,0.72,0.06,0.07,0.0423,0
compromised_bot,1254,1318,6807,42.18,0.65,0.85,0.73,0.0077,1
lurker_human,528,60,90,0.03,0.64,0.09,0.11,0.0137,0
active_human,905,162,188,1.73,0.94,0.04,0.38,0.0798,0
active_human,526,154,168,1.53,0.6,0.16,0.39,0.045,0
lurker_human,980,126,381,0.03,0.5,0.09,0.29,0.0527,0
active_human,611,161,238,1.48,0.92,0.05,0.38,0.0319,0
spambot,12,58,2031,20.28,0.19,0.92,0.86,0.0014,1
lurker_human,1048,56,101,0.14,0.67,0.07,0.1,0.0329,0
creator_human,1085,9392,345,3.03,0.86,0.08,0.27,0.0669,0
active_human,530,526,564,1.75,0.78,0.09,0.37,0.09,0
follow_bot,56,189,4524,0.77,0.53,0.9,0.41,0.0007,1
spambot,2,28,5148,19.89,0.17,0.8,0.88,0.0015,1
follow_bot,5,118,3057,1.34,0.36,0.95,0.6,0.0016,1
active_human,387,195,233,1.43,0.75,0.07,0.11,0.1012,0
active_human,372,46,110,0.37,0.82,0.34,0.4,0.0312,0
compromised_bot,2241,359,4642,39.09,0.82,0.72,0.73,0.0044,1
active_human,480,166,265,0.64,0.86,0.03,0.2,0.0428,0
spambot,30,58,4816,36.01,0.3,0.87,0.9,0.0012,1
active_human,658,200,173,2.4,0.84,0.17,0.36,0.078,0
follow_bot,35,142,5310,0.54,0.25,0.89,0.67,0.0,1
active_human,613,259,209,2.24,0.87,0.1,0.2,0.0453,0
follow_bot,12,119,8340,0.16,0.27,0.98,0.45,0.0015,1
creator_human,2482,39850,811,3.29,0.98,0.08,0.16,0.1291,0
creator_human,1402,23034,982,1.74,0.94,0.14,0.32,0.0648,0
active_human,414,95,168,1.1,0.74,0.12,0.23,0.0937,0
spambot,20,8,6608,43.47,0.23,0.77,0.87,0.0006,1
active_human,481,442,374,0.72,0.71,0.02,0.13,0.1145,0
lurker_human,465,113,90,0.11,0.6,0.02,0.08,0.012,0
spambot,10,38,6495,54.91,0.26,0.79,0.8,0.0007,1
compromised_bot,1726,1053,6732,14.32,0.57,0.88,0.79,0.0056,1
compromised_bot,2389,358,4572,19.81,0.62,0.73,0.61,0.0028,1
follow_bot,30,123,5688,1.43,0.37,0.86,0.46,0.001,1
follow_bot,33,134,6659,0.44,0.54,0.87,0.77,0.0007,1
active_human,314,61,107,1.71,0.77,0.12,0.4,0.0501,0
lurker_human,327,116,360,0.11,0.7,0.01,0.19,0.0557,0
spambot,17,77,5578,45.7,0.25,0.93,0.86,0.0025,1
lurker_human,680,95,345,0.05,0.49,0.08,0.29,0.0323,0
follow_bot,19,151,6719,0.77,0.31,0.88,0.61,0.0006,1
active_human,818,972,1056,1.42,0.91,0.07,0.1,0.1193,0
active_human,716,64,80,0.94,0.77,0.15,0.39,0.1144,0
active_human,455,244,308,1.26,0.74,0.25,0.16,0.0827,0
lurker_human,648,129,97,0.08,0.58,0.07,0.2,0.0451,0
active_human,566,181,276,2.07,0.91,0.2,0.21,0.0672,0
active_human,818,225,273,1.32,0.97,0.07,0.11,0.0936,0
lurker_human,1077,78,384,0.1,0.58,0.03,0.2,0.0462,0
active_human,398,344,393,2.01,0.66,0.13,0.28,0.0925,0
creator_human,1332,43531,772,3.79,0.94,0.25,0.16,0.0535,0
follow_bot,19,25,5300,0.74,0.48,0.85,0.48,0.0007,1
lurker_human,613,67,204,0.14,0.66,0.11,0.24,0.0321,0
active_human,592,73,120,2.12,0.77,0.07,0.24,0.0434,0
active_human,297,363,341,0.45,0.91,0.18,0.19,0.1071,0
active_human,197,398,527,1.67,0.96,0.08,0.35,0.0911,0
lurker_human,670,109,319,0.02,0.4,0.06,0.26,0.0224,0
spambot,12,43,6211,59.94,0.33,0.97,0.83,0.0007,1
active_human,599,403,335,0.39,0.9,0.11,0.25,0.0246,0
active_human,589,601,577,1.06,0.69,0.09,0.16,0.0895,0
spambot,1,61,4262,54.29,0.37,0.76,0.93,0.0004,1
spambot,1,45,3516,56.37,0.34,0.73,0.95,0.0026,1
spambot,56,42,5358,56.72,0.25,0.92,0.84,0.0025,1
creator_human,3294,5739,960,2.4,0.93,0.2,0.31,0.147,0
active_human,818,194,244,1.2,0.71,0.05,0.11,0.0349,0
active_human,2252,118,159,2.44,0.89,0.02,0.15,0.1163,0
compromised_bot,2248,315,4640,26.68,0.68,0.8,0.61,0.0068,1
spambot,10,79,4102,21.91,0.45,0.74,0.76,0.0018,1
lurker_human,1511,81,182,0.06,0.58,0.06,0.2,0.0151,0
lurker_human,894,20,101,0.12,0.42,0.08,0.25,0.0147,0
follow_bot,19,125,6848,1.0,0.35,0.9,0.78,0.0005,1
follow_bot,29,181,7578,1.34,0.37,0.95,0.52,0.0005,1
active_human,584,467,618,0.85,0.7,0.13,0.19,0.0293,0
follow_bot,37,151,7522,1.45,0.55,0.88,0.5,0.0016,1
lurker_human,537,135,200,0.06,0.43,0.09,0.28,0.0182,0
compromised_bot,2400,280,7608,28.36,0.7,0.84,0.9,0.0014,1
active_human,521,368,478,0.61,0.55,0.18,0.23,0.0893,0
follow_bot,13,67,6008,0.79,0.21,0.95,0.63,0.0003,1
active_human,637,419,388,0.86,0.95,0.06,0.37,0.041,0
compromised_bot,1511,943,3798,22.92,0.57,0.75,0.81,0.0068,1
follow_bot,12,187,3267,0.7,0.27,0.86,0.69,0.0016,1
follow_bot,11,70,4504,0.94,0.59,0.96,0.53,0.0017,1
follow_bot,52,95,4803,0.9,0.39,0.96,0.52,0.0008,1
active_human,82,668,729,2.08,0.71,0.16,0.22,0.1135,0
spambot,24,22,7300,28.24,0.19,0.87,0.97,0.0006,1
creator_human,2273,38214,865,3.85,0.94,0.16,0.3,0.0348,0
compromised_bot,1958,625,5901,12.77,0.78,0.68,0.89,0.0067,1
spambot,12,13,6855,32.22,0.26,0.91,0.8,0.0014,1
follow_bot,59,156,8426,0.71,0.45,0.92,0.47,0.0009,1
compromised_bot,1235,965,4574,39.13,0.52,0.84,0.84,0.0073,1
lurker_human,609,102,360,0.15,0.61,0.1,0.19,0.0592,0
active_human,618,371,498,1.24,0.89,0.38,0.11,0.0973,0
active_human,526,838,950,1.0,0.93,0.07,0.22,0.0551,0
active_human,1181,139,181,1.3,0.88,0.08,0.27,0.096,0
active_human,686,266,385,2.49,0.84,0.07,0.26,0.049,0
active_human,1001,1312,1046,2.39,0.94,0.11,0.12,0.025,0
lurker_human,376,94,387,0.03,0.72,0.09,0.16,0.034,0
spambot,10,74,5933,34.52,0.39,0.74,0.91,0.0029,1
compromised_bot,1957,1450,5519,18.48,0.82,0.84,0.77,0.004,1
active_human,138,364,259,1.88,0.52,0.08,0.3,0.0536,0
active_human,407,282,383,2.46,0.89,0.08,0.17,0.0296,0
lurker_human,463,48,206,0.02,0.51,0.11,0.25,0.058,0
lurker_human,188,135,228,0.01,0.69,0.03,0.23,0.0108,0
active_human,349,239,314,2.37,0.91,0.24,0.39,0.0319,0
follow_bot,47,139,7805,1.15,0.43,0.92,0.68,0.0011,1
spambot,30,30,1788,36.32,0.14,0.73,0.87,0.001,1
active_human,368,270,191,1.89,0.7,0.09,0.2,0.069,0
follow_bot,20,159,3551,0.2,0.28,0.96,0.67,0.0015,1
active_human,528,152,209,1.89,0.89,0.05,0.22,0.0835,0
active_human,317,145,107,2.48,0.85,0.02,0.33,0.0277,0
spambot,2,49,5987,36.7,0.34,0.77,0.79,0.0014,1
spambot,14,39,3552,30.21,0.35,0.85,0.78,0.0004,1
active_human,864,174,158,2.39,0.89,0.03,0.28,0.074,0
follow_bot,11,116,7409,1.01,0.49,0.86,0.42,0.0016,1
lurker_human,645,115,310,0.11,0.69,0.07,0.22,0.0357,0
lurker_human,531,56,247,0.06,0.49,0.05,0.25,0.0502,0
active_human,2311,151,202,1.77,0.78,0.06,0.23,0.0814,0
spambot,5,60,6120,58.88,0.15,0.88,0.97,0.0003,1
active_human,362,101,96,2.16,0.79,0.16,0.32,0.1111,0
creator_human,1033,10710,986,4.14,0.93,0.24,0.19,0.1047,0
follow_bot,36,85,6909,0.66,0.6,0.86,0.62,0.0016,1
spambot,11,63,2414,35.27,0.22,0.87,0.93,0.0008,1
compromised_bot,2106,364,5810,24.39,0.54,0.68,0.84,0.0037,1
active_human,577,297,237,2.41,0.83,0.01,0.32,0.0401,0
active_human,369,216,298,0.26,0.87,0.1,0.33,0.096,0
active_human,433,62,102,0.61,0.95,0.38,0.27,0.0789,0
spambot,8,65,3804,51.15,0.16,0.93,0.9,0.0014,1
active_human,288,69,119,0.64,0.88,0.15,0.16,0.0825,0
compromised_bot,1956,1184,7699,36.47,0.79,0.79,0.77,0.0073,1
spambot,3,74,6813,28.19,0.26,0.71,0.92,0.0028,1
active_human,1501,128,121,0.36,0.73,0.03,0.24,0.0543,0
creator_human,896,16692,871,2.12,0.92,0.11,0.22,0.1228,0
lurker_human,479,49,89,0.13,0.6,0.04,0.19,0.0122,0
follow_bot,6,39,7214,0.32,0.4,0.91,0.73,0.0019,1
compromised_bot,1710,1409,7747,29.98,0.63,0.95,0.74,0.0057,1
lurker_human,604,82,203,0.12,0.68,0.05,0.07,0.0579,0
lurker_human,442,142,239,0.11,0.61,0.07,0.15,0.0575,0
follow_bot,33,23,4882,0.57,0.55,0.91,0.6,0.0012,1
active_human,442,552,525,0.45,0.74,0.07,0.23,0.1169,0
active_human,410,111,160,0.91,0.76,0.0,0.28,0.0793,0
active_human,263,170,181,0.84,0.7,0.16,0.38,0.0787,0
spambot,9,19,1603,62.5,0.32,0.87,0.91,0.0014,1
active_human,150,432,387,2.5,0.82,0.15,0.39,0.0468,0
lurker_human,861,67,371,0.01,0.68,0.05,0.11,0.0353,0
active_human,429,402,478,2.5,0.71,0.03,0.26,0.0755,0
spambot,1,7,6312,64.53,0.13,0.8,0.89,0.0011,1
lurker_human,980,94,279,0.09,0.74,0.08,0.07,0.0259,0
lurker_human,293,51,95,0.07,0.63,0.07,0.09,0.0288,0
follow_bot,38,151,7544,0.21,0.54,0.98,0.52,0.0007,1
active_human,657,155,240,2.08,0.62,0.13,0.36,0.0366,0
active_human,314,271,277,0.44,0.84,0.06,0.14,0.0289,0
spambot,4,8,2819,20.92,0.25,0.91,0.85,0.0015,1
compromised_bot,1108,345,6354,13.95,0.55,0.65,0.67,0.0056,1
spambot,9,67,5933,50.82,0.16,0.91,0.94,0.0013,1
active_human,521,264,279,0.28,0.98,0.05,0.18,0.0267,0
active_human,403,227,186,1.1,0.66,0.07,0.12,0.0267,0
follow_bot,38,175,4175,1.43,0.47,0.95,0.74,0.0014,1
creator_human,1190,26656,693,2.47,0.95,0.14,0.16,0.1063,0
spambot,3,71,1669,24.08,0.25,0.85,0.83,0.0015,1
spambot,19,9,7264,58.1,0.44,0.87,0.85,0.0007,1
active_human,366,491,431,0.51,0.85,0.01,0.38,0.0853,0
spambot,7,44,3658,47.89,0.42,0.97,0.86,0.0016,1
active_human,727,254,281,1.4,0.78,0.03,0.2,0.0328,0
lurker_human,386,104,273,0.11,0.7,0.05,0.08,0.0141,0
creator_human,1740,13297,592,4.22,1.0,0.09,0.26,0.0944,0
follow_bot,45,36,4048,1.05,0.36,0.99,0.42,0.0001,1
lurker_human,570,38,391,0.04,0.56,0.1,0.21,0.018,0
lurker_human,258,108,271,0.06,0.67,0.03,0.16,0.0169,0
active_human,619,57,78,0.46,0.72,0.06,0.13,0.0541,0
compromised_bot,945,929,5494,26.21,0.6,0.66,0.73,0.0051,1
active_human,369,76,114,1.46,0.79,0.17,0.33,0.0897,0
lurker_human,757,142,80,0.03,0.53,0.09,0.27,0.0261,0
creator_human,1733,3074,1198,4.38,0.9,0.2,0.3,0.0951,0
follow_bot,18,100,7092,0.82,0.24,0.86,0.42,0.0008,1
follow_bot,5,35,6459,0.51,0.23,0.97,0.46,0.0004,1
spambot,13,48,3206,62.72,0.21,0.79,0.8,0.0016,1
active_human,279,148,197,1.22,0.96,0.04,0.28,0.0284,0
spambot,3,19,3963,35.08,0.18,0.89,0.88,0.0005,1
follow_bot,32,44,8258,1.46,0.59,0.9,0.67,0.0003,1
follow_bot,26,50,6361,1.47,0.23,0.93,0.51,0.0009,1
active_human,764,87,135,1.01,0.88,0.1,0.17,0.0888,0
active_human,731,182,253,1.85,0.93,0.13,0.29,0.0938,0
compromised_bot,1086,332,4620,23.54,0.53,0.89,0.62,0.0034,1
active_human,292,295,384,1.9,0.61,0.09,0.35,0.0655,0
compromised_bot,882,1136,7841,14.38,0.8,0.82,0.65,0.002,1
lurker_human,320,137,178,0.13,0.43,0.1,0.22,0.0258,0
follow_bot,54,32,4472,0.28,0.56,0.91,0.63,0.0004,1
active_human,456,333,307,1.4,0.93,0.11,0.16,0.1034,0
active_human,178,420,463,2.22,0.75,0.06,0.35,0.0921,0
active_human,328,94,131,0.44,0.77,0.12,0.29,0.0772,0
active_human,294,550,603,0.69,0.74,0.31,0.38,0.0445,0
spambot,23,47,3366,46.66,0.32,0.72,0.76,0.0009,1
active_human,671,70,106,1.98,0.91,0.01,0.38,0.1009,0
active_human,911,300,293,0.82,0.87,0.07,0.35,0.0901,0
active_human,305,496,537,0.56,0.73,0.07,0.25,0.1061,0
active_human,338,124,156,0.22,0.78,0.11,0.17,0.0699,0
spambot,16,39,3269,43.56,0.4,0.81,0.76,0.0002,1
spambot,2,25,7448,57.97,0.21,0.98,0.82,0.0027,1
lurker_human,277,108,82,0.14,0.63,0.11,0.28,0.0565,0
spambot,13,75,6419,26.14,0.19,0.71,0.77,0.0009,1
active_human,1003,189,274,0.33,0.94,0.09,0.14,0.0462,0
follow_bot,56,122,6629,0.65,0.43,0.97,0.65,0.001,1
active_human,890,133,130,2.41,0.92,0.07,0.26,0.0937,0
lurker_human,481,84,211,0.09,0.57,0.1,0.09,0.0143,0
active_human,243,173,244,1.43,0.95,0.02,0.16,0.1035,0
spambot,7,58,1818,43.35,0.44,0.95,0.79,0.0002,1
lurker_human,215,114,198,0.07,0.64,0.01,0.27,0.0442,0
follow_bot,20,138,5258,0.48,0.52,0.88,0.44,0.0,1
active_human,197,225,160,1.58,0.9,0.15,0.27,0.1164,0
active_human,410,594,568,1.94,0.83,0.37,0.11,0.0865,0
creator_human,1551,5587,1136,4.28,0.94,0.07,0.24,0.0731,0
active_human,643,208,256,1.2,0.96,0.04,0.26,0.0568,0
spambot,39,52,2435,35.45,0.16,0.89,0.88,0.003,1
creator_human,2124,18015,429,1.89,1.0,0.22,0.33,0.1402,0
active_human,551,269,339,0.62,0.85,0.13,0.21,0.0705,0
creator_human,2137,27750,820,1.21,0.88,0.14,0.17,0.0499,0
compromised_bot,1719,411,7977,23.12,0.8,0.85,0.8,0.0055,1
lurker_human,781,55,369,0.11,0.64,0.02,0.17,0.0348,0
active_human,846,214,256,0.61,0.67,0.1,0.13,0.087,0
creator_human,1247,34321,1140,4.05,0.92,0.09,0.18,0.0469,0
spambot,8,48,5508,41.93,0.24,0.73,0.83,0.0025,1
follow_bot,51,56,5580,1.44,0.56,0.93,0.71,0.0006,1
creator_human,1166,10990,573,1.56,0.86,0.17,0.25,0.1001,0
active_human,506,394,442,0.37,0.97,0.1,0.34,0.0535,0
lurker_human,479,87,182,0.03,0.6,0.01,0.26,0.0203,0
spambot,2,44,7402,16.32,0.29,0.94,0.78,0.0001,1
follow_bot,41,47,8089,0.22,0.24,0.94,0.62,0.0006,1
lurker_human,418,20,192,0.07,0.65,0.05,0.27,0.0175,0
active_human,478,169,208,1.27,0.82,0.02,0.27,0.0669,0
active_human,396,322,441,2.07,0.84,0.09,0.21,0.0575,0
lurker_human,257,53,308,0.08,0.46,0.1,0.28,0.0333,0
creator_human,1449,82966,903,2.27,0.92,0.12,0.27,0.1002,0
active_human,341,47,91,0.26,0.88,0.05,0.16,0.0677,0
lurker_human,410,44,271,0.08,0.58,0.1,0.24,0.0368,0
active_human,157,137,166,1.41,0.93,0.03,0.15,0.0206,0
active_human,310,821,971,2.49,0.97,0.05,0.22,0.0525,0
lurker_human,322,133,324,0.06,0.54,0.11,0.22,0.0262,0
active_human,167,92,118,0.92,0.86,0.29,0.12,0.0319,0
lurker_human,595,79,247,0.04,0.74,0.1,0.12,0.0154,0
active_human,343,131,192,0.86,0.83,0.15,0.14,0.0626,0
compromised_bot,2099,1305,4431,43.48,0.57,0.77,0.84,0.0019,1
compromised_bot,2151,236,6591,39.33,0.77,0.66,0.72,0.0024,1
follow_bot,39,100,5074,1.0,0.2,0.85,0.47,0.0005,1
active_human,762,24,67,1.72,0.83,0.01,0.29,0.1078,0
active_human,365,104,86,1.89,0.89,0.04,0.38,0.0474,0
active_human,389,75,104,1.16,0.88,0.05,0.22,0.024,0
active_human,283,188,292,1.62,0.7,0.07,0.24,0.114,0
active_human,506,413,415,1.87,0.64,0.27,0.28,0.0457,0
active_human,471,160,178,1.64,0.91,0.01,0.3,0.0664,0
creator_human,1033,36010,616,2.1,0.93,0.15,0.24,0.092,0
active_human,614,242,242,0.66,0.58,0.01,0.4,0.0546,0
follow_bot,30,24,6951,1.28,0.48,0.86,0.48,0.0017,1
lurker_human,432,129,303,0.11,0.63,0.07,0.14,0.0251,0
lurker_human,544,147,334,0.12,0.54,0.06,0.27,0.0113,0
follow_bot,57,133,5406,0.56,0.44,0.95,0.46,0.0011,1
lurker_human,597,98,335,0.02,0.68,0.08,0.23,0.0246,0
spambot,5,69,2484,54.97,0.4,0.93,0.88,0.0019,1
creator_human,2121,10646,122,3.14,0.96,0.2,0.17,0.0566,0
compromised_bot,1405,489,5179,30.42,0.75,0.9,0.72,0.0056,1
active_human,633,316,354,2.21,0.75,0.14,0.15,0.0424,0
lurker_human,621,119,191,0.01,0.46,0.09,0.15,0.0502,0
lurker_human,753,91,101,0.08,0.61,0.02,0.14,0.0549,0
follow_bot,33,182,3713,0.92,0.24,0.89,0.47,0.0004,1
active_human,318,606,749,1.38,0.86,0.02,0.16,0.0208,0
active_human,579,183,261,0.64,0.93,0.01,0.27,0.1025,0
creator_human,1767,7606,995,3.68,0.94,0.14,0.15,0.0976,0
spambot,2,77,3630,49.53,0.28,0.95,0.85,0.0015,1
creator_human,2352,7013,928,3.64,0.85,0.09,0.32,0.1075,0
active_human,847,172,266,1.72,0.97,0.15,0.22,0.0244,0
lurker_human,860,40,398,0.14,0.6,0.05,0.23,0.027,0
active_human,425,110,107,1.54,0.8,0.06,0.28,0.0668,0
active_human,402,336,343,2.17,0.89,0.17,0.29,0.0859,0
spambot,7,74,2837,19.28,0.14,0.75,0.95,0.0028,1
active_human,625,271,279,0.53,0.64,0.31,0.34,0.1109,0
lurker_human,771,33,386,0.15,0.41,0.02,0.17,0.0269,0
spambot,16,60,7467,44.43,0.31,0.86,0.77,0.0012,1
compromised_bot,2040,305,6725,29.06,0.79,0.74,0.63,0.0027,1
creator_human,680,3396,878,1.52,0.88,0.19,0.27,0.1436,0
active_human,483,275,320,0.43,0.84,0.14,0.32,0.042,0
creator_human,1070,19240,639,2.09,1.0,0.15,0.34,0.052,0
active_human,561,304,277,2.09,0.83,0.16,0.28,0.0298,0
lurker_human,225,88,171,0.09,0.56,0.05,0.06,0.0578,0
lurker_human,287,68,317,0.14,0.69,0.03,0.12,0.043,0
creator_human,1111,34137,821,3.44,0.96,0.2,0.2,0.0484,0
compromised_bot,2172,855,5247,44.2,0.66,0.67,0.69,0.004,1
creator_human,1799,988,938,2.06,0.92,0.13,0.28,0.1303,0
spambot,10,11,2523,31.11,0.15,0.79,0.86,0.0013,1
spambot,42,69,2564,52.58,0.41,0.7,0.83,0.0004,1
active_human,1632,172,155,1.7,0.94,0.13,0.16,0.079,0
creator_human,1410,7002,514,3.62,1.0,0.07,0.31,0.0448,0
active_human,973,537,547,1.18,0.77,0.04,0.25,0.0304,0
active_human,436,592,866,1.5,0.78,0.27,0.14,0.1147,0
active_human,454,96,164,1.11,0.57,0.23,0.13,0.0282,0
lurker_human,274,84,61,0.01,0.65,0.03,0.23,0.0104,0
active_human,874,313,324,1.06,0.82,0.05,0.11,0.0497,0
active_human,374,158,230,2.41,0.8,0.03,0.18,0.0604,0
compromised_bot,2434,787,6929,18.06,0.73,0.89,0.86,0.0049,1
lurker_human,232,57,276,0.13,0.69,0.05,0.22,0.0514,0
active_human,677,1108,1348,0.96,0.82,0.09,0.34,0.0527,0
follow_bot,5,146,5189,0.96,0.56,0.91,0.5,0.0011,1
lurker_human,157,37,230,0.11,0.62,0.05,0.29,0.0273,0
creator_human,1383,26140,495,1.0,0.98,0.2,0.26,0.1185,0
active_human,389,249,246,0.24,0.7,0.1,0.23,0.0549,0
follow_bot,30,137,6087,0.39,0.42,0.95,0.66,0.0007,1
spambot,5,6,4026,15.01,0.44,0.82,0.83,0.0019,1
follow_bot,36,39,6777,0.77,0.51,0.88,0.54,0.0001,1
spambot,21,71,3583,41.91,0.36,0.78,0.9,0.0029,1
spambot,2,69,4092,18.63,0.34,0.88,0.96,0.0015,1
spambot,4,63,7252,53.1,0.11,0.85,0.98,0.0007,1
active_human,797,481,644,1.65,0.87,0.04,0.27,0.0273,0
lurker_human,128,142,200,0.1,0.54,0.11,0.28,0.0232,0
active_human,250,38,56,1.65,0.92,0.07,0.23,0.0609,0
follow_bot,48,154,6356,1.25,0.49,1.0,0.4,0.0018,1
creator_human,1387,63491,435,3.35,0.97,0.06,0.33,0.1197,0
lurker_human,466,87,188,0.05,0.6,0.03,0.11,0.0488,0
active_human,1092,543,615,1.77,0.9,0.02,0.25,0.1001,0
active_human,236,41,63,1.97,0.78,0.07,0.1,0.0307,0
creator_human,938,21062,1156,4.17,0.96,0.06,0.32,0.0364,0
spambot,18,77,5649,23.27,0.3,0.85,0.76,0.0019,1
active_human,88,169,213,2.19,0.6,0.17,0.22,0.1061,0
compromised_bot,2045,501,4782,37.79,0.57,0.83,0.8,0.0059,1
creator_human,737,27665,533,3.2,0.96,0.24,0.23,0.1147,0
follow_bot,34,196,6476,0.29,0.3,0.95,0.69,0.001,1
compromised_bot,890,1369,5119,11.62,0.56,0.85,0.64,0.0019,1
active_human,581,255,169,1.56,0.78,0.06,0.38,0.1186,0
follow_bot,36,25,3552,0.77,0.32,0.88,0.67,0.0001,1
spambot,1,71,1503,38.41,0.33,0.9,0.83,0.001,1
lurker_human,536,74,214,0.1,0.53,0.04,0.13,0.0423,0
lurker_human,1447,123,182,0.08,0.49,0.04,0.11,0.0373,0
active_human,396,69,86,2.0,0.78,0.07,0.24,0.1042,0
active_human,682,278,391,0.95,0.67,0.07,0.39,0.039,0
active_human,547,620,539,1.35,0.98,0.05,0.16,0.1022,0
spambot,7,75,2616,27.25,0.23,0.98,0.78,0.0002,1
lurker_human,245,67,312,0.02,0.44,0.05,0.19,0.0405,0
active_human,550,385,310,0.34,0.87,0.11,0.35,0.0742,0
follow_bot,12,192,6201,0.94,0.45,0.96,0.73,0.0013,1
compromised_bot,2173,519,4802,41.01,0.69,0.79,0.81,0.0032,1
follow_bot,15,170,7338,0.18,0.26,0.98,0.44,0.0005,1
active_human,197,525,374,1.43,0.95,0.06,0.24,0.0842,0
active_human,395,430,336,1.31,0.9,0.21,0.38,0.0913,0
active_human,353,317,328,1.7,0.54,0.15,0.27,0.0345,0
active_human,440,731,532,2.38,0.83,0.18,0.15,0.0792,0
lurker_human,116,22,206,0.15,0.47,0.08,0.18,0.0548,0
spambot,21,37,4433,37.68,0.12,0.95,0.89,0.002,1
lurker_human,348,84,292,0.12,0.46,0.05,0.07,0.051,0
active_human,222,59,111,0.72,0.87,0.11,0.18,0.0927,0
lurker_human,1165,25,350,0.06,0.67,0.04,0.29,0.03,0
spambot,16,33,1912,39.19,0.38,0.71,0.82,0.0019,1
lurker_human,917,120,323,0.11,0.46,0.08,0.16,0.0482,0
active_human,368,72,94,0.67,0.91,0.01,0.22,0.0331,0
follow_bot,16,164,3036,0.33,0.59,0.99,0.46,0.0005,1
follow_bot,27,66,8928,0.62,0.53,0.95,0.47,0.0006,1
active_human,229,250,218,2.26,0.85,0.1,0.16,0.1105,0
spambot,41,61,4490,26.07,0.17,0.76,0.86,0.0026,1
active_human,713,77,82,0.67,0.58,0.13,0.27,0.053,0
active_human,238,171,155,1.21,0.95,0.19,0.21,0.027,0
active_human,375,117,184,2.32,0.8,0.05,0.18,0.1109,0
follow_bot,43,66,4983,0.59,0.58,0.97,0.41,0.0012,1
active_human,550,161,154,1.96,0.78,0.11,0.19,0.1061,0
follow_bot,9,107,6406,0.11,0.24,0.87,0.66,0.0004,1
creator_human,1599,9820,716,4.49,0.89,0.18,0.33,0.1379,0
active_human,620,137,163,1.57,0.98,0.29,0.12,0.0781,0
active_human,1270,332,460,0.74,0.72,0.08,0.25,0.0288,0
active_human,357,644,777,0.38,0.47,0.05,0.24,0.1171,0
lurker_human,1654,142,375,0.14,0.47,0.04,0.18,0.0421,0
active_human,598,550,725,2.14,0.83,0.11,0.38,0.096,0
spambot,22,78,6158,16.11,0.19,0.97,0.82,0.0023,1
lurker_human,714,81,230,0.1,0.48,0.02,0.24,0.0134,0
spambot,13,74,4471,42.64,0.28,0.76,0.75,0.0021,1
compromised_bot,2097,1411,5876,12.52,0.69,0.68,0.87,0.0017,1
active_human,739,535,710,0.64,0.92,0.1,0.26,0.1165,0
creator_human,1392,129133,738,2.17,0.96,0.1,0.22,0.1,0
creator_human,1941,37642,903,2.75,0.98,0.08,0.24,0.1142,0
active_human,405,192,165,2.48,0.73,0.08,0.38,0.0913,0
compromised_bot,1886,1337,5920,11.34,0.5,0.81,0.9,0.0041,1
active_human,444,51,64,2.49,0.63,0.1,0.17,0.0336,0
active_human,278,460,396,0.56,0.8,0.22,0.32,0.0219,0
follow_bot,38,39,6758,0.89,0.37,0.89,0.58,0.0006,1
active_human,408,1653,2130,0.55,0.68,0.1,0.28,0.0339,0
active_human,552,435,616,1.67,0.98,0.14,0.26,0.0968,0
lurker_human,181,63,288,0.05,0.47,0.02,0.14,0.055,0
lurker_human,433,136,136,0.13,0.42,0.05,0.27,0.0305,0
active_human,182,414,501,1.98,0.72,0.15,0.1,0.0521,0
compromised_bot,969,823,7688,23.91,0.73,0.88,0.71,0.0051,1
active_human,795,371,520,1.33,0.92,0.21,0.39,0.0968,0
active_human,764,61,79,0.38,0.89,0.07,0.26,0.1008,0
active_human,877,309,422,2.1,0.77,0.27,0.32,0.0285,0
spambot,5,23,6340,62.43,0.43,0.74,0.76,0.0023,1
spambot,3,21,1718,15.77,0.32,0.93,0.9,0.0002,1
compromised_bot,1015,1447,4387,42.85,0.69,0.92,0.68,0.0033,1
follow_bot,42,83,6881,0.64,0.36,0.96,0.66,0.0,1
spambot,20,46,2381,44.34,0.34,0.92,0.77,0.0022,1
lurker_human,615,146,51,0.05,0.44,0.04,0.16,0.0347,0
active_human,364,123,169,2.19,0.92,0.0,0.15,0.029,0
active_human,661,163,160,0.85,0.87,0.12,0.32,0.0479,0
compromised_bot,1930,1125,6304,44.48,0.57,0.87,0.65,0.0058,1
compromised_bot,954,932,3536,18.45,0.72,0.87,0.63,0.0028,1
active_human,497,195,229,1.58,0.97,0.05,0.35,0.0514,0
active_human,555,614,506,1.88,0.74,0.05,0.32,0.094,0
active_human,652,270,386,1.36,0.92,0.05,0.27,0.0908,0
lurker_human,455,30,53,0.03,0.63,0.1,0.08,0.0133,0
lurker_human,278,144,97,0.15,0.7,0.08,0.25,0.0107,0
active_human,325,477,421,2.15,0.79,0.4,0.1,0.0605,0
active_human,379,56,87,0.55,0.97,0.18,0.19,0.0556,0
compromised_bot,1506,1253,4992,35.76,0.52,0.68,0.74,0.0054,1
active_human,627,65,92,1.88,0.92,0.04,0.24,0.0284,0
active_human,523,252,187,1.46,0.85,0.21,0.22,0.0713,0
lurker_human,992,101,249,0.08,0.56,0.1,0.24,0.0311,0
compromised_bot,2360,382,5611,11.29,0.79,0.88,0.81,0.0025,1
spambot,7,64,3188,24.98,0.18,0.97,0.87,0.0013,1
active_human,416,560,420,0.71,0.87,0.03,0.17,0.0994,0
compromised_bot,809,478,7511,17.73,0.58,0.87,0.89,0.0059,1
lurker_human,534,126,342,0.04,0.71,0.1,0.23,0.0429,0
lurker_human,597,141,171,0.05,0.45,0.11,0.15,0.0187,0
creator_human,1387,15286,932,4.24,0.94,0.18,0.2,0.0629,0
lurker_human,314,47,193,0.14,0.54,0.02,0.19,0.0413,0
compromised_bot,863,1411,6765,24.86,0.59,0.94,0.61,0.0049,1
active_human,306,156,118,1.6,0.7,0.05,0.18,0.0308,0
lurker_human,580,38,142,0.06,0.6,0.02,0.26,0.036,0
active_human,1063,287,205,0.36,0.65,0.17,0.14,0.0793,0
creator_human,821,4219,456,4.45,0.93,0.09,0.27,0.0423,0
follow_bot,16,142,4478,0.17,0.39,0.93,0.77,0.0009,1
creator_human,820,18075,1018,2.52,0.91,0.1,0.29,0.0307,0
lurker_human,203,103,224,0.01,0.73,0.06,0.22,0.0527,0
active_human,946,269,290,1.36,0.81,0.19,0.34,0.0564,0
active_human,419,482,540,1.99,0.73,0.31,0.35,0.0682,0
spambot,12,27,3227,59.44,0.44,0.8,0.83,0.0009,1
spambot,20,71,5677,19.42,0.33,0.78,0.77,0.0012,1
follow_bot,37,80,6957,0.57,0.56,0.86,0.48,0.0005,1
active_human,762,304,291,1.74,0.91,0.02,0.11,0.1055,0
active_human,339,2057,2762,1.08,0.89,0.18,0.1,0.044,0
lurker_human,831,106,76,0.15,0.56,0.12,0.08,0.0523,0
active_human,323,619,748,0.35,0.83,0.3,0.14,0.0828,0
active_human,225,202,157,2.13,0.94,0.01,0.38,0.0861,0
lurker_human,802,101,235,0.12,0.72,0.11,0.14,0.0295,0
follow_bot,44,171,8614,0.55,0.54,0.96,0.58,0.0014,1
spambot,13,20,6929,63.53,0.15,0.83,0.83,0.0028,1
active_human,504,71,87,1.58,0.85,0.03,0.39,0.0755,0
active_human,647,89,136,0.39,0.62,0.14,0.24,0.1057,0
active_human,281,37,74,1.33,0.95,0.1,0.13,0.0668,0
spambot,3,75,2843,19.63,0.18,0.92,0.96,0.0,1
active_human,389,92,149,0.53,0.72,0.15,0.24,0.1176,0
active_human,646,47,49,1.2,0.9,0.16,0.31,0.1068,0
follow_bot,22,149,5550,0.83,0.55,0.98,0.68,0.0009,1
active_human,1246,421,417,0.74,0.7,0.21,0.16,0.0335,0
lurker_human,507,39,97,0.1,0.63,0.1,0.06,0.0497,0
active_human,248,105,97,1.58,0.9,0.1,0.36,0.0879,0
compromised_bot,1858,1462,6136,18.35,0.58,0.74,0.8,0.0012,1
follow_bot,51,55,8078,0.26,0.52,0.92,0.57,0.0009,1
lurker_human,1614,43,349,0.04,0.74,0.04,0.21,0.0514,0
active_human,612,35,64,0.44,0.94,0.17,0.3,0.097,0
spambot,20,39,7326,45.44,0.31,0.95,0.85,0.0002,1
lurker_human,314,101,317,0.03,0.67,0.09,0.11,0.0376,0
spambot,1,37,3191,57.25,0.38,0.74,0.86,0.0009,1
lurker_human,508,66,133,0.04,0.73,0.02,0.06,0.0294,0
active_human,2203,100,150,0.96,0.82,0.15,0.16,0.1111,0
active_human,203,44,108,0.58,0.84,0.17,0.23,0.0902,0
spambot,9,47,5790,57.06,0.16,0.85,0.92,0.0019,1
creator_human,1983,9697,1050,3.44,0.94,0.23,0.28,0.0809,0
follow_bot,16,155,4994,0.23,0.24,0.9,0.69,0.0018,1
follow_bot,48,183,4553,0.37,0.58,0.98,0.45,0.0013,1
lurker_human,843,46,283,0.14,0.72,0.05,0.25,0.0349,0
compromised_bot,2354,935,4568,29.23,0.69,0.79,0.75,0.0072,1
active_human,498,675,544,0.65,0.94,0.0,0.25,0.0626,0
active_human,663,249,288,0.29,0.86,0.06,0.1,0.1096,0
spambot,6,64,1920,17.72,0.42,0.88,0.79,0.002,1
compromised_bot,1352,454,6024,38.5,0.76,0.68,0.88,0.0072,1
creator_human,654,13997,1019,3.27,0.99,0.21,0.31,0.0732,0
creator_human,1590,25369,661,4.3,0.98,0.06,0.23,0.1403,0
lurker_human,603,49,116,0.1,0.73,0.03,0.28,0.0195,0
follow_bot,33,70,5768,0.89,0.34,0.88,0.56,0.0003,1
spambot,3,28,5809,43.02,0.43,0.72,0.97,0.0006,1
follow_bot,41,34,4329,0.31,0.41,0.97,0.67,0.0016,1
spambot,2,16,5812,23.82,0.11,0.79,0.85,0.002,1
follow_bot,45,99,4553,1.45,0.32,0.86,0.59,0.0001,1
active_human,137,127,195,1.68,0.61,0.03,0.35,0.0321,0
active_human,472,273,382,1.19,0.86,0.21,0.38,0.0612,0
spambot,24,37,5059,59.41,0.24,0.77,0.77,0.002,1
active_human,686,496,382,1.89,0.71,0.06,0.28,0.1161,0
creator_human,1770,6315,1177,4.13,0.98,0.23,0.24,0.0846,0
follow_bot,24,139,3873,0.15,0.48,0.93,0.7,0.0016,1
compromised_bot,1375,709,5455,29.19,0.55,0.68,0.8,0.0061,1
follow_bot,20,124,5935,0.66,0.23,0.92,0.51,0.0007,1
active_human,138,220,307,0.6,0.79,0.04,0.35,0.1179,0
spambot,27,72,4264,56.42,0.23,0.8,0.76,0.0005,1
active_human,307,162,172,0.86,0.88,0.01,0.4,0.0485,0
follow_bot,9,20,7943,0.28,0.21,0.85,0.6,0.0015,1
creator_human,911,4980,888,3.34,0.91,0.1,0.26,0.0335,0
active_human,580,91,146,2.1,0.58,0.03,0.13,0.0595,0
lurker_human,675,25,203,0.13,0.42,0.06,0.15,0.0599,0
lurker_human,264,52,338,0.05,0.63,0.06,0.11,0.0559,0
compromised_bot,1278,365,5570,29.7,0.68,0.68,0.89,0.0034,1
active_human,888,99,145,1.27,0.79,0.23,0.15,0.0654,0
follow_bot,29,63,4094,1.34,0.3,0.96,0.62,0.0005,1
active_human,695,497,354,1.47,0.94,0.17,0.29,0.0804,0
lurker_human,649,44,138,0.05,0.54,0.08,0.29,0.0296,0
active_human,407,157,151,0.41,0.89,0.17,0.14,0.0998,0
compromised_bot,2075,1212,5816,39.44,0.78,0.7,0.71,0.0056,1
active_human,417,131,188,2.01,0.93,0.17,0.16,0.072,0
compromised_bot,1691,744,6933,13.9,0.81,0.93,0.65,0.0072,1
lurker_human,751,25,116,0.13,0.69,0.01,0.15,0.0428,0
follow_bot,50,195,6133,1.28,0.3,0.88,0.59,0.0019,1
spambot,9,46,7161,40.47,0.15,0.73,0.98,0.0015,1
compromised_bot,1985,805,4964,36.87,0.56,0.65,0.63,0.0043,1
active_human,565,327,445,2.07,0.68,0.01,0.1,0.0806,0
active_human,924,583,784,2.17,0.89,0.2,0.28,0.0205,0
active_human,382,133,110,1.83,0.96,0.06,0.26,0.1025,0
lurker_human,838,84,308,0.1,0.53,0.11,0.28,0.0412,0
active_human,459,247,293,0.41,0.63,0.1,0.1,0.107,0
active_human,521,138,120,0.24,0.9,0.1,0.22,0.0517,0
active_human,729,74,111,1.48,0.89,0.04,0.19,0.0535,0
lurker_human,575,134,369,0.08,0.57,0.11,0.18,0.049,0
active_human,906,68,131,0.87,0.87,0.18,0.14,0.0973,0
compromised_bot,1305,203,7154,18.87,0.81,0.75,0.76,0.0012,1
creator_human,1490,74451,199,4.46,0.98,0.12,0.33,0.1206,0
spambot,1,17,2567,17.93,0.2,0.93,0.86,0.0018,1
follow_bot,18,124,8466,0.77,0.42,0.99,0.41,0.002,1
compromised_bot,2439,746,7821,20.42,0.64,0.73,0.65,0.0035,1
active_human,413,480,450,1.96,0.82,0.08,0.27,0.0882,0
compromised_bot,1021,1433,4959,39.64,0.8,0.89,0.61,0.0056,1
active_human,435,416,485,0.65,0.79,0.06,0.14,0.0939,0
active_human,1194,357,471,1.02,0.85,0.19,0.13,0.0411,0
active_human,338,191,174,0.3,0.9,0.23,0.23,0.0781,0
active_human,402,1665,1688,0.71,0.97,0.01,0.28,0.0419,0
creator_human,1578,22507,1063,3.78,0.88,0.09,0.22,0.0477,0
active_human,388,78,110,0.58,0.73,0.01,0.25,0.0203,0
spambot,23,46,5560,45.13,0.2,0.88,0.78,0.0008,1
active_human,607,296,329,1.75,0.57,0.07,0.39,0.0505,0
follow_bot,13,50,3832,0.94,0.46,0.96,0.51,0.001,1
active_human,572,170,269,1.96,0.65,0.2,0.29,0.1047,0
spambot,131,47,4943,63.07,0.22,0.87,0.98,0.0006,1
follow_bot,38,40,6176,1.25,0.31,0.91,0.7,0.0002,1
follow_bot,32,74,6595,0.43,0.56,0.85,0.4,0.002,1
active_human,1141,755,565,0.29,0.88,0.07,0.29,0.0668,0
spambot,3,29,2443,57.87,0.36,0.86,0.88,0.0028,1
spambot,8,77,5112,24.82,0.43,0.89,0.98,0.0009,1
active_human,401,438,602,2.49,0.9,0.12,0.13,0.0364,0
creator_human,1587,14349,170,3.95,0.97,0.2,0.24,0.0767,0
active_human,395,137,153,0.3,0.67,0.23,0.34,0.0401,0
follow_bot,28,30,7235,0.49,0.49,0.91,0.51,0.0008,1
compromised_bot,2143,919,5476,14.54,0.82,0.76,0.68,0.0059,1
active_human,618,101,129,1.91,0.89,0.05,0.14,0.1044,0
active_human,239,306,282,2.46,0.8,0.01,0.26,0.0987,0
active_human,117,347,516,0.22,1.0,0.11,0.3,0.041,0
creator_human,1506,14557,224,1.99,0.87,0.14,0.33,0.0607,0
active_human,475,274,369,2.29,0.88,0.05,0.16,0.0431,0
active_human,336,228,279,0.48,0.76,0.07,0.29,0.0788,0
lurker_human,862,47,60,0.05,0.74,0.02,0.09,0.0339,0
active_human,856,426,409,2.5,0.91,0.29,0.13,0.0358,0
spambot,1,77,6574,55.56,0.11,0.7,0.92,0.0009,1
active_human,1133,235,198,1.51,0.81,0.04,0.26,0.0262,0
spambot,24,79,5993,26.97,0.37,0.83,0.76,0.0005,1
compromised_bot,1843,1477,6756,11.79,0.55,0.83,0.79,0.0037,1
active_human,459,79,83,0.56,0.75,0.04,0.22,0.061,0
follow_bot,6,34,6002,0.11,0.33,0.86,0.45,0.0005,1
active_human,421,144,173,2.22,0.6,0.0,0.31,0.081,0
compromised_bot,1974,1153,4404,44.71,0.83,0.82,0.69,0.0011,1
follow_bot,13,166,4699,1.2,0.54,0.89,0.73,0.0008,1
lurker_human,730,21,189,0.12,0.71,0.06,0.09,0.0244,0
active_human,248,115,166,0.51,0.9,0.01,0.13,0.0739,0
active_human,2168,79,80,0.26,0.72,0.11,0.15,0.0316,0
active_human,661,311,346,0.69,0.85,0.08,0.2,0.0224,0
active_human,395,598,432,1.53,0.7,0.07,0.34,0.0238,0
active_human,430,618,894,1.16,0.7,0.03,0.2,0.0328,0
spambot,11,44,5712,47.67,0.16,0.88,0.77,0.0012,1
creator_human,1765,15024,210,2.77,0.93,0.19,0.33,0.1023,0
compromised_bot,1492,1402,6300,28.68,0.52,0.65,0.63,0.0061,1
active_human,1061,152,140,1.84,0.76,0.09,0.14,0.0887,0
follow_bot,27,167,7878,0.3,0.24,0.95,0.63,0.0009,1
lurker_human,1114,28,212,0.04,0.54,0.04,0.05,0.0296,0
spambot,8,33,6409,52.15,0.35,0.81,0.76,0.0026,1
creator_human,731,87081,459,2.35,0.96,0.09,0.29,0.0515,0
spambot,35,42,6005,38.02,0.22,0.84,0.98,0.0012,1
creator_human,1266,53881,1002,2.04,1.0,0.15,0.23,0.0503,0
active_human,633,1045,909,0.28,0.72,0.02,0.26,0.1059,0
spambot,51,23,4181,38.07,0.32,0.83,0.85,0.001,1
follow_bot,36,120,5908,0.8,0.27,0.91,0.67,0.0018,1
active_human,1072,1773,1670,0.9,0.77,0.13,0.21,0.0906,0
lurker_human,241,107,384,0.09,0.6,0.09,0.18,0.0208,0
active_human,1425,49,60,2.27,0.88,0.1,0.31,0.0671,0
active_human,957,142,209,1.27,0.6,0.06,0.33,0.0683,0
active_human,338,1143,978,1.85,0.78,0.04,0.18,0.1093,0
lurker_human,500,85,69,0.02,0.69,0.1,0.28,0.0159,0
creator_human,1003,3448,221,1.4,0.9,0.06,0.25,0.0656,0
creator_human,645,10185,834,3.22,0.85,0.25,0.28,0.0549,0
follow_bot,29,171,7436,0.14,0.58,0.86,0.66,0.0007,1
active_human,425,497,445,1.49,0.8,0.07,0.4,0.1037,0
follow_bot,23,149,6392,0.36,0.26,0.94,0.47,0.001,1
creator_human,949,6537,158,2.26,0.95,0.18,0.19,0.0457,0
lurker_human,373,48,366,0.05,0.73,0.05,0.2,0.0105,0
follow_bot,12,133,3216,1.35,0.39,0.96,0.6,0.0009,1
lurker_human,1056,123,112,0.03,0.67,0.03,0.05,0.0238,0
active_human,342,186,180,1.28,0.92,0.15,0.32,0.0536,0
lurker_human,515,120,165,0.13,0.43,0.1,0.09,0.0236,0
compromised_bot,1767,674,4265,37.21,0.74,0.76,0.76,0.0014,1
lurker_human,627,43,213,0.04,0.7,0.07,0.2,0.0381,0
active_human,394,222,276,0.66,0.77,0.18,0.35,0.0786,0
follow_bot,24,98,5639,0.77,0.57,0.92,0.56,0.0012,1
compromised_bot,808,1328,7689,19.85,0.7,0.89,0.76,0.0014,1
active_human,239,486,628,1.62,0.76,0.07,0.23,0.0342,0
active_human,671,630,462,0.37,0.82,0.07,0.35,0.0983,0
follow_bot,16,149,5512,1.15,0.33,0.88,0.5,0.0011,1
active_human,147,246,366,1.06,0.87,0.08,0.36,0.0353,0
follow_bot,35,115,3356,1.13,0.41,0.92,0.4,0.002,1
follow_bot,58,92,4121,0.17,0.59,0.89,0.59,0.0012,1
active_human,414,694,905,2.25,0.95,0.08,0.28,0.0972,0
active_human,877,285,290,1.7,0.67,0.05,0.19,0.0265,0
active_human,319,313,351,1.97,0.41,0.1,0.13,0.0593,0
active_human,768,119,161,0.51,0.72,0.09,0.31,0.0925,0
follow_bot,42,40,5628,1.03,0.58,0.96,0.43,0.0015,1
active_human,761,49,90,0.65,0.97,0.05,0.35,0.05,0
creator_human,1743,33659,997,2.83,0.91,0.23,0.33,0.1164,0
spambot,19,41,4201,64.85,0.36,0.96,0.85,0.003,1
creator_human,739,16518,590,4.29,0.89,0.21,0.23,0.1097,0
spambot,6,33,3229,20.26,0.45,0.79,0.8,0.0004,1
follow_bot,27,55,7379,1.01,0.34,0.98,0.51,0.0006,1
active_human,344,120,150,1.97,0.78,0.29,0.27,0.0657,0
follow_bot,18,120,5088,0.36,0.41,0.85,0.71,0.0001,1
follow_bot,6,49,8503,0.23,0.47,0.9,0.44,0.0006,1
compromised_bot,2354,972,6207,30.92,0.64,0.79,0.83,0.0044,1
active_human,441,1409,1307,1.51,0.58,0.12,0.25,0.0403,0
creator_human,1235,6229,376,2.64,0.85,0.24,0.21,0.1397,0
spambot,13,62,4444,63.51,0.38,0.81,0.87,0.0014,1
active_human,1394,474,475,0.74,0.87,0.06,0.18,0.0855,0
follow_bot,34,178,7178,0.48,0.41,0.91,0.79,0.001,1
compromised_bot,2094,1378,5561,32.16,0.82,0.9,0.62,0.0078,1
active_human,205,553,355,1.77,0.75,0.1,0.25,0.0297,0
spambot,53,29,4301,27.66,0.14,0.76,0.82,0.0006,1
spambot,1,42,3882,49.39,0.28,0.83,0.91,0.0009,1
active_human,441,39,54,0.25,0.85,0.01,0.22,0.0803,0
active_human,412,349,375,2.34,0.9,0.08,0.27,0.0316,0
follow_bot,55,168,6237,0.81,0.49,0.86,0.73,0.0004,1
lurker_human,847,87,263,0.15,0.73,0.11,0.13,0.0334,0
active_human,694,1127,1335,0.5,0.79,0.08,0.31,0.0645,0
active_human,409,93,125,1.68,0.69,0.02,0.38,0.0793,0
active_human,566,106,116,2.29,0.77,0.42,0.21,0.0463,0
follow_bot,40,110,8194,1.3,0.37,0.92,0.79,0.0016,1
spambot,14,31,3554,59.73,0.38,0.84,0.81,0.0004,1
creator_human,803,5435,172,2.0,0.9,0.19,0.29,0.0841,0
active_human,182,546,752,1.99,0.89,0.08,0.14,0.08,0
spambot,43,17,1850,29.47,0.19,0.73,0.79,0.0022,1
active_human,1307,156,218,1.93,0.8,0.02,0.32,0.0696,0
active_human,178,186,219,2.28,0.98,0.12,0.14,0.0413,0
active_human,726,229,335,1.84,0.98,0.15,0.26,0.0475,0
creator_human,1230,77813,547,2.28,0.87,0.1,0.19,0.12,0
lurker_human,513,25,114,0.1,0.67,0.1,0.12,0.0293,0
active_human,982,139,207,1.04,0.4,0.03,0.38,0.0281,0
active_human,755,283,306,1.22,0.78,0.09,0.36,0.1134,0
creator_human,1560,43200,663,3.33,0.94,0.19,0.31,0.1246,0
follow_bot,8,75,3487,0.79,0.48,0.95,0.7,0.0017,1
compromised_bot,1042,1264,7291,20.75,0.6,0.73,0.67,0.0053,1
active_human,486,375,364,1.44,0.72,0.01,0.23,0.0938,0
active_human,624,1684,2023,1.4,0.93,0.12,0.22,0.0268,0
lurker_human,578,69,145,0.06,0.46,0.09,0.14,0.039,0
spambot,1,78,6241,61.63,0.4,0.98,0.76,0.0019,1
compromised_bot,1410,831,5448,33.04,0.6,0.89,0.79,0.0039,1
lurker_human,600,100,184,0.06,0.51,0.09,0.19,0.0465,0
creator_human,638,5198,563,3.66,0.88,0.14,0.16,0.0426,0
active_human,203,205,239,0.85,0.91,0.06,0.35,0.0419,0
active_human,210,445,328,0.41,0.77,0.11,0.14,0.0835,0
compromised_bot,2453,1418,4675,43.55,0.67,0.79,0.76,0.0012,1
active_human,604,258,217,2.1,0.63,0.08,0.25,0.0962,0
active_human,208,881,1196,0.58,0.94,0.03,0.28,0.0685,0
compromised_bot,1584,281,4749,31.77,0.57,0.86,0.79,0.0037,1
active_human,872,183,277,0.29,0.85,0.02,0.25,0.0827,0
creator_human,751,34808,391,3.22,0.96,0.21,0.17,0.1136,0
active_human,1034,1962,1608,0.5,0.69,0.12,0.22,0.0705,0
spambot,11,38,7419,36.98,0.41,0.8,0.89,0.0019,1
compromised_bot,1861,1439,5557,26.17,0.82,0.66,0.68,0.003,1
active_human,1341,141,210,2.03,0.7,0.13,0.16,0.1174,0
active_human,218,652,866,1.87,0.51,0.08,0.2,0.1013,0
lurker_human,608,58,330,0.13,0.7,0.1,0.27,0.033,0
compromised_bot,2070,419,6209,42.04,0.66,0.88,0.61,0.0069,1
active_human,327,136,128,0.95,0.89,0.35,0.23,0.0948,0
spambot,25,72,1685,61.77,0.39,0.93,0.86,0.0024,1
creator_human,2138,13606,353,4.01,0.98,0.14,0.24,0.0813,0
compromised_bot,2222,924,6645,13.85,0.59,0.83,0.78,0.0049,1
active_human,823,540,401,2.29,0.7,0.05,0.37,0.0306,0
active_human,372,128,123,0.55,0.66,0.09,0.24,0.1198,0
lurker_human,925,83,194,0.14,0.66,0.05,0.14,0.0252,0
creator_human,1759,13149,619,3.13,0.97,0.08,0.2,0.1347,0
follow_bot,10,122,5265,0.38,0.26,0.88,0.57,0.0002,1
follow_bot,18,66,4717,0.31,0.55,0.91,0.48,0.0003,1
lurker_human,173,81,104,0.13,0.6,0.09,0.21,0.032,0
active_human,908,206,317,0.62,0.8,0.2,0.21,0.1197,0
active_human,344,365,385,1.6,0.73,0.14,0.32,0.0234,0
spambot,35,55,6672,24.66,0.36,0.84,0.9,0.0012,1
active_human,217,173,238,1.95,0.96,0.14,0.26,0.0638,0
active_human,610,435,495,0.21,0.37,0.01,0.35,0.0305,0
spambot,5,47,4424,48.76,0.35,0.87,0.83,0.002,1
lurker_human,604,81,145,0.07,0.53,0.11,0.09,0.024,0
active_human,993,470,346,1.07,0.74,0.2,0.28,0.0771,0
spambot,25,47,4525,21.36,0.16,0.71,0.93,0.0027,1
spambot,4,77,3622,60.8,0.31,0.98,0.89,0.0024,1
active_human,227,283,327,0.92,0.9,0.05,0.27,0.0877,0
active_human,398,468,536,0.44,0.78,0.05,0.24,0.0453,0
active_human,470,47,110,2.49,0.77,0.06,0.15,0.1053,0
creator_human,1034,5267,612,3.77,0.88,0.14,0.17,0.0709,0
spambot,1,30,4783,46.49,0.43,0.77,0.79,0.0006,1
active_human,544,245,214,0.56,0.94,0.14,0.17,0.0285,0
lurker_human,731,85,363,0.03,0.54,0.11,0.14,0.0402,0
follow_bot,43,54,4240,0.22,0.34,0.96,0.74,0.0014,1
active_human,648,154,199,2.47,0.82,0.02,0.28,0.0944,0
lurker_human,443,111,316,0.07,0.43,0.11,0.07,0.0346,0
spambot,32,37,1742,49.13,0.35,0.7,0.98,0.0011,1
active_human,838,449,537,1.77,0.86,0.01,0.22,0.052,0
creator_human,446,12350,309,1.67,0.91,0.23,0.16,0.1127,0
compromised_bot,2436,1470,7773,35.02,0.73,0.66,0.76,0.0043,1
lurker_human,617,55,307,0.13,0.44,0.07,0.29,0.0399,0
follow_bot,32,108,8787,0.13,0.57,0.9,0.55,0.0015,1
lurker_human,824,96,167,0.09,0.48,0.09,0.25,0.0345,0
active_human,455,312,403,1.83,0.85,0.17,0.31,0.116,0
active_human,684,122,142,1.11,0.65,0.07,0.25,0.0437,0
spambot,3,14,2585,23.21,0.17,0.92,0.9,0.0022,1
active_human,279,182,181,0.88,0.86,0.04,0.25,0.0513,0
active_human,294,137,197,0.72,0.95,0.08,0.23,0.0367,0
active_human,287,554,466,1.12,0.64,0.18,0.35,0.0594,0
lurker_human,393,68,125,0.12,0.66,0.06,0.16,0.019,0
creator_human,1315,19669,1167,3.67,0.88,0.23,0.23,0.0463,0
active_human,690,288,420,2.05,0.89,0.03,0.22,0.0429,0
creator_human,798,10933,677,2.52,0.98,0.11,0.32,0.1456,0
active_human,211,220,186,2.38,0.81,0.03,0.3,0.1024,0
active_human,732,395,567,0.57,0.77,0.13,0.28,0.0937,0
active_human,262,286,352,1.87,0.79,0.09,0.22,0.1003,0
compromised_bot,1298,1198,6814,14.1,0.8,0.75,0.65,0.0011,1
active_human,988,522,595,0.6,0.77,0.03,0.34,0.093,0
compromised_bot,1258,1039,3791,31.74,0.71,0.86,0.69,0.0037,1
active_human,676,638,634,2.05,0.74,0.26,0.39,0.085,0
active_human,838,357,430,2.01,0.87,0.07,0.34,0.0702,0
compromised_bot,1019,365,7534,34.48,0.71,0.94,0.64,0.0043,1
spambot,7,12,6437,57.63,0.41,0.87,0.86,0.0011,1
active_human,971,51,49,2.47,0.71,0.05,0.39,0.0906,0
follow_bot,30,148,6806,0.7,0.23,0.96,0.54,0.0004,1
active_human,526,126,129,1.07,0.77,0.06,0.37,0.1113,0
spambot,39,34,3373,22.78,0.2,0.94,0.83,0.0025,1
active_human,683,332,489,1.0,0.8,0.13,0.21,0.11,0
active_human,839,611,490,1.57,0.7,0.06,0.32,0.0967,0
active_human,1331,179,200,1.32,0.72,0.07,0.17,0.0337,0
lurker_human,258,77,334,0.13,0.46,0.08,0.11,0.0513,0
spambot,3,55,6077,34.76,0.22,0.78,0.86,0.0024,1
compromised_bot,2037,1214,7256,32.14,0.84,0.82,0.84,0.0011,1
spambot,3,47,2934,26.08,0.3,0.89,0.97,0.0027,1
compromised_bot,2409,1138,5799,43.02,0.61,0.91,0.6,0.0074,1
follow_bot,14,73,3845,0.62,0.39,0.86,0.49,0.0019,1
lurker_human,502,117,107,0.12,0.53,0.07,0.06,0.0219,0
spambot,24,30,4706,34.73,0.42,0.85,0.9,0.0005,1
follow_bot,51,133,4724,0.13,0.58,0.85,0.65,0.0009,1
spambot,2,61,1526,19.64,0.42,0.92,0.88,0.0013,1
spambot,7,7,4987,38.14,0.12,0.73,0.87,0.0011,1
lurker_human,251,143,319,0.08,0.66,0.09,0.06,0.0405,0
follow_bot,56,82,4780,0.84,0.4,0.97,0.66,0.0004,1
lurker_human,519,51,124,0.05,0.56,0.1,0.11,0.0504,0
follow_bot,44,114,3461,0.87,0.45,0.97,0.66,0.0015,1
lurker_human,216,99,264,0.13,0.42,0.01,0.11,0.0442,0
active_human,712,84,76,2.44,0.85,0.09,0.27,0.0974,0
spambot,11,62,6587,59.49,0.19,0.85,0.87,0.0022,1
compromised_bot,1619,1112,7217,17.91,0.56,0.66,0.85,0.0038,1
active_human,574,257,291,1.04,0.65,0.05,0.24,0.1057,0
active_human,828,67,79,2.46,0.88,0.06,0.34,0.0864,0
active_human,687,274,300,1.98,0.77,0.26,0.29,0.0251,0
active_human,611,190,238,0.83,0.86,0.06,0.22,0.1003,0
active_human,408,616,789,1.33,0.79,0.18,0.35,0.084,0
active_human,828,73,130,1.65,0.87,0.01,0.37,0.0769,0
active_human,944,1730,1930,0.98,0.6,0.26,0.21,0.0427,0
spambot,5,54,4451,64.34,0.34,0.93,0.98,0.0029,1
active_human,820,251,368,0.85,0.78,0.04,0.17,0.0572,0
active_human,141,92,146,1.76,0.6,0.21,0.22,0.0316,0
active_human,510,91,148,0.35,0.92,0.05,0.17,0.0271,0
active_human,366,160,176,0.91,0.82,0.08,0.13,0.041,0
lurker_human,609,132,123,0.06,0.71,0.11,0.21,0.0262,0
active_human,398,543,720,0.26,0.37,0.07,0.27,0.1067,0
spambot,23,46,3993,22.34,0.33,0.85,0.94,0.0003,1
creator_human,1898,12759,1042,1.98,0.94,0.2,0.27,0.076,0
creator_human,1286,14354,1166,3.35,0.99,0.15,0.17,0.1069,0
creator_human,1046,7823,872,1.49,0.99,0.14,0.16,0.0481,0
active_human,914,499,606,0.37,0.81,0.03,0.28,0.0501,0
spambot,30,46,3581,42.97,0.42,0.71,0.8,0.001,1
spambot,28,26,7022,52.28,0.25,0.93,0.85,0.0028,1
active_human,397,192,308,1.95,0.79,0.23,0.13,0.0319,0
active_human,819,926,1019,2.41,0.92,0.12,0.34,0.0272,0
active_human,609,62,101,1.08,0.83,0.08,0.28,0.0679,0
active_human,1415,186,216,0.65,0.96,0.08,0.38,0.0253,0
spambot,3,63,4797,25.6,0.13,0.81,0.85,0.0003,1
active_human,828,183,212,0.52,0.93,0.06,0.16,0.1046,0
active_human,667,162,156,1.05,0.85,0.17,0.27,0.1072,0
spambot,13,49,1714,24.07,0.19,0.83,0.94,0.0026,1
active_human,202,185,243,0.27,0.9,0.07,0.24,0.1153,0
active_human,487,294,410,1.05,0.73,0.27,0.21,0.0866,0
active_human,186,271,335,0.91,0.68,0.04,0.26,0.1198,0
spambot,4,38,2420,22.45,0.1,0.92,0.89,0.002,1
active_human,513,1108,1448,1.8,0.86,0.2,0.21,0.0445,0
creator_human,1545,180939,463,2.85,0.9,0.13,0.18,0.1182,0
compromised_bot,1858,789,4347,24.68,0.69,0.85,0.64,0.0065,1
active_human,504,25,37,2.26,0.69,0.05,0.23,0.0272,0
spambot,11,58,2766,58.8,0.11,0.87,0.84,0.0001,1
active_human,245,624,640,2.31,0.61,0.13,0.18,0.0661,0
spambot,55,57,4201,43.29,0.4,0.96,0.77,0.0024,1
compromised_bot,1743,1138,7871,44.02,0.66,0.74,0.69,0.0071,1
spambot,14,26,7089,16.25,0.31,0.93,0.88,0.0028,1
follow_bot,54,127,8220,0.8,0.23,0.97,0.59,0.0012,1
lurker_human,351,106,250,0.11,0.6,0.03,0.15,0.0271,0
spambot,4,16,7213,60.13,0.39,0.8,0.79,0.0011,1
active_human,383,254,286,1.87,0.85,0.1,0.34,0.0822,0
active_human,698,432,293,0.21,0.73,0.08,0.17,0.0377,0
active_human,366,448,612,0.22,0.89,0.06,0.26,0.1136,0
active_human,841,235,262,0.95,0.68,0.09,0.22,0.0508,0
active_human,1011,935,1295,2.09,0.87,0.05,0.32,0.0622,0
active_human,720,196,208,0.29,0.71,0.08,0.14,0.0766,0
compromised_bot,2162,580,4948,16.62,0.82,0.73,0.88,0.0079,1
spambot,1,27,3533,38.07,0.16,0.81,0.88,0.0007,1
active_human,836,99,98,0.98,0.96,0.04,0.32,0.0396,0
lurker_human,531,31,250,0.05,0.52,0.03,0.29,0.0124,0
lurker_human,826,89,236,0.03,0.56,0.11,0.21,0.0304,0
active_human,312,525,579,1.24,0.75,0.21,0.28,0.0312,0
active_human,930,195,252,1.21,0.97,0.14,0.34,0.0665,0
lurker_human,517,96,375,0.03,0.51,0.09,0.18,0.0246,0
spambot,23,30,4310,19.29,0.3,0.81,0.96,0.0001,1
creator_human,1848,10005,247,2.47,0.98,0.09,0.19,0.1165,0
compromised_bot,1615,606,5036,18.89,0.52,0.7,0.63,0.0045,1
compromised_bot,1981,365,5161,27.03,0.72,0.76,0.65,0.0051,1
lurker_human,317,21,252,0.12,0.43,0.09,0.3,0.0429,0
spambot,59,33,1815,34.98,0.25,0.88,0.81,0.003,1
active_human,440,131,153,1.66,0.5,0.03,0.39,0.1124,0
creator_human,1237,9267,201,2.07,0.95,0.05,0.31,0.1292,0
active_human,681,267,227,1.16,0.59,0.14,0.11,0.1085,0
lurker_human,505,52,69,0.02,0.45,0.09,0.25,0.0521,0
active_human,814,110,119,1.9,0.84,0.06,0.11,0.0966,0
lurker_human,689,80,93,0.06,0.6,0.03,0.22,0.0274,0
active_human,314,288,263,0.67,0.55,0.15,0.17,0.1122,0
active_human,202,121,139,1.77,0.95,0.2,0.22,0.0615,0
spambot,13,71,1529,30.89,0.32,0.95,0.77,0.0021,1
spambot,24,44,3210,39.75,0.17,0.81,0.84,0.0017,1
active_human,479,391,464,0.25,0.9,0.21,0.29,0.1184,0
creator_human,781,108104,393,1.52,0.89,0.15,0.18,0.125,0
active_human,597,48,95,1.67,0.77,0.11,0.27,0.0929,0
active_human,286,241,206,0.61,0.94,0.25,0.13,0.0954,0
lurker_human,378,104,393,0.1,0.56,0.1,0.15,0.0509,0
creator_human,1761,3672,846,3.2,0.96,0.09,0.18,0.0357,0
active_human,886,736,940,0.9,0.93,0.13,0.23,0.0831,0
spambot,45,49,2111,18.97,0.33,0.8,0.83,0.0025,1
active_human,701,63,89,1.92,0.86,0.01,0.19,0.0911,0
active_human,317,100,111,2.21,0.76,0.08,0.27,0.1046,0
spambot,12,66,6260,21.34,0.12,0.97,0.79,0.0008,1
creator_human,1080,19107,571,1.57,0.91,0.19,0.27,0.0404,0
active_human,654,486,434,0.22,0.95,0.18,0.37,0.0948,0
spambot,4,55,3511,41.64,0.24,0.81,0.83,0.0019,1
lurker_human,413,32,54,0.01,0.55,0.03,0.07,0.0536,0
spambot,8,78,4414,15.99,0.3,0.76,0.96,0.0018,1
creator_human,669,13693,354,2.12,0.97,0.07,0.31,0.0644,0
active_human,118,279,326,1.09,0.78,0.08,0.24,0.066,0
compromised_bot,1766,789,7532,31.53,0.64,0.81,0.63,0.0072,1
creator_human,2114,9481,1170,1.64,0.89,0.17,0.27,0.0966,0
spambot,26,49,5738,25.06,0.2,0.97,0.78,0.0026,1
active_human,329,185,142,1.02,0.64,0.17,0.25,0.0764,0
active_human,422,462,370,0.63,0.91,0.05,0.19,0.0732,0
spambot,1,18,3593,23.27,0.23,0.83,0.76,0.0016,1
follow_bot,10,57,5917,0.31,0.29,0.91,0.79,0.0007,1
compromised_bot,1958,371,6386,22.96,0.62,0.84,0.67,0.0035,1
follow_bot,36,27,3687,0.93,0.52,0.98,0.7,0.0013,1
lurker_human,237,86,110,0.03,0.64,0.11,0.28,0.0517,0
active_human,631,289,422,0.85,0.91,0.16,0.14,0.1057,0
spambot,2,73,2762,41.06,0.18,0.96,0.8,0.0005,1
compromised_bot,1868,744,6677,24.14,0.81,0.82,0.66,0.0014,1
creator_human,1625,9349,1100,2.87,0.91,0.09,0.17,0.0548,0
spambot,18,19,6338,60.38,0.26,0.91,0.91,0.0028,1
spambot,3,50,3693,51.52,0.33,0.94,0.85,0.0019,1
compromised_bot,1200,315,4623,40.92,0.67,0.77,0.62,0.0031,1
active_human,993,160,206,2.04,0.75,0.02,0.34,0.0584,0
lurker_human,624,110,128,0.12,0.6,0.09,0.23,0.034,0
active_human,352,79,105,0.28,0.95,0.1,0.39,0.0223,0
follow_bot,38,23,5549,0.83,0.37,0.98,0.8,0.0001,1
spambot,7,60,1758,18.68,0.42,0.85,0.77,0.0012,1
active_human,497,172,254,0.53,0.89,0.1,0.18,0.0583,0
active_human,880,123,113,1.28,0.9,0.06,0.16,0.1186,0
follow_bot,28,155,3012,0.45,0.38,0.96,0.61,0.0,1
active_human,521,551,676,2.48,0.76,0.16,0.16,0.1134,0
follow_bot,24,180,8866,0.15,0.26,0.99,0.67,0.0018,1
spambot,51,10,4666,31.81,0.23,0.83,0.82,0.0017,1
creator_human,599,3896,487,4.42,0.93,0.12,0.21,0.0709,0
active_human,361,212,265,1.18,0.9,0.15,0.14,0.0913,0
compromised_bot,1840,788,7950,26.96,0.66,0.77,0.68,0.0012,1
spambot,35,11,5913,26.86,0.34,0.97,0.81,0.0015,1
active_human,945,182,127,1.5,0.71,0.08,0.14,0.0752,0
active_human,1381,242,196,0.2,0.89,0.02,0.11,0.1184,0
lurker_human,783,114,232,0.12,0.57,0.08,0.09,0.0434,0
active_human,462,176,281,1.42,0.72,0.14,0.12,0.0591,0
follow_bot,40,41,6103,0.23,0.42,0.87,0.73,0.0013,1
creator_human,1118,10407,1133,3.3,0.98,0.21,0.18,0.1253,0
spambot,27,34,6306,32.38,0.33,0.89,0.86,0.0026,1
follow_bot,48,123,3659,1.01,0.54,0.86,0.5,0.002,1
lurker_human,149,98,226,0.11,0.46,0.04,0.07,0.0524,0
spambot,9,30,6410,23.32,0.23,0.95,0.78,0.0023,1
active_human,678,210,268,0.59,0.8,0.05,0.11,0.1188,0
lurker_human,395,81,128,0.04,0.52,0.08,0.07,0.0487,0
spambot,26,29,7267,49.45,0.36,0.86,0.8,0.0002,1
active_human,740,137,193,1.66,0.86,0.05,0.36,0.1039,0
spambot,11,16,6207,37.8,0.33,0.72,0.98,0.0003,1
active_human,448,153,211,0.42,0.9,0.1,0.22,0.087,0
active_human,450,496,517,2.21,0.71,0.05,0.37,0.0454,0
active_human,1401,156,206,1.16,0.87,0.12,0.27,0.089,0
active_human,452,497,368,2.01,0.8,0.07,0.35,0.113,0
spambot,34,6,6996,48.89,0.44,0.87,0.85,0.0008,1
active_human,755,114,181,1.02,0.94,0.16,0.21,0.0623,0
creator_human,1654,20206,966,1.22,0.91,0.17,0.28,0.0923,0
compromised_bot,889,977,5023,18.81,0.61,0.76,0.69,0.0016,1
active_human,391,617,740,0.89,0.78,0.02,0.3,0.1055,0
active_human,219,612,604,0.34,0.88,0.38,0.38,0.0964,0
spambot,14,14,6229,33.07,0.24,0.91,0.79,0.0025,1
lurker_human,356,148,289,0.05,0.61,0.06,0.12,0.0305,0
compromised_bot,1800,1339,5300,10.65,0.71,0.65,0.74,0.007,1
active_human,537,73,101,1.01,0.82,0.18,0.17,0.0444,0
active_human,529,434,541,1.36,0.86,0.04,0.31,0.109,0
active_human,494,483,563,2.49,0.9,0.21,0.11,0.0892,0
active_human,249,196,234,1.36,0.74,0.22,0.39,0.0879,0
spambot,2,50,6452,19.89,0.44,0.82,0.76,0.0024,1
lurker_human,551,142,114,0.04,0.64,0.05,0.24,0.0312,0
active_human,401,511,413,2.49,0.83,0.04,0.13,0.1168,0
lurker_human,962,31,81,0.13,0.67,0.04,0.29,0.056,0
creator_human,613,75346,610,1.54,0.9,0.05,0.35,0.1268,0
compromised_bot,2117,759,3527,36.16,0.54,0.88,0.79,0.0079,1
active_human,576,129,222,2.44,0.78,0.22,0.35,0.0318,0
spambot,9,65,1692,43.95,0.2,0.73,0.75,0.0013,1
active_human,734,250,300,0.34,0.87,0.03,0.14,0.0793,0
compromised_bot,1903,1495,6655,13.67,0.83,0.67,0.83,0.0079,1
active_human,873,740,1032,1.04,0.87,0.06,0.3,0.0673,0
follow_bot,19,51,3185,0.21,0.5,0.98,0.48,0.0001,1
spambot,16,17,2414,36.43,0.44,0.92,0.85,0.0027,1
compromised_bot,2480,1157,6375,38.7,0.54,0.84,0.65,0.002,1
lurker_human,991,87,146,0.09,0.56,0.09,0.18,0.0375,0
compromised_bot,2012,1399,5856,41.27,0.57,0.85,0.63,0.0048,1
spambot,17,66,6221,50.64,0.13,0.72,0.83,0.0001,1
active_human,801,369,474,2.4,0.66,0.0,0.38,0.0468,0
lurker_human,1305,125,182,0.05,0.5,0.03,0.26,0.0233,0
spambot,2,5,3343,34.16,0.4,0.87,0.86,0.0024,1
compromised_bot,1571,678,7113,26.2,0.6,0.85,0.75,0.0045,1
active_human,522,162,228,0.25,0.82,0.02,0.22,0.068,0
active_human,501,140,224,0.91,0.95,0.14,0.29,0.0729,0
creator_human,1395,80365,1153,3.08,0.86,0.11,0.27,0.0856,0
active_human,442,458,489,0.61,0.91,0.19,0.25,0.0321,0
active_human,369,321,419,1.16,0.71,0.33,0.19,0.0889,0
lurker_human,207,80,390,0.07,0.59,0.04,0.13,0.0427,0
active_human,305,545,664,0.74,0.59,0.14,0.23,0.0238,0
creator_human,1272,37082,709,3.8,0.95,0.13,0.31,0.0452,0
active_human,911,263,307,1.91,0.83,0.2,0.13,0.0882,0
active_human,1171,346,396,0.62,0.83,0.06,0.37,0.0805,0
active_human,525,415,554,1.79,0.76,0.02,0.18,0.0274,0
active_human,436,368,350,1.88,0.83,0.12,0.35,0.0801,0
lurker_human,384,130,380,0.04,0.71,0.12,0.09,0.0248,0
spambot,2,79,3637,48.22,0.23,0.94,0.86,0.0016,1
follow_bot,56,112,5267,0.12,0.46,0.92,0.75,0.0001,1
follow_bot,9,98,4761,1.12,0.28,0.88,0.67,0.0003,1
lurker_human,758,76,223,0.11,0.73,0.11,0.26,0.0122,0
spambot,10,23,5676,17.06,0.15,0.78,0.77,0.0027,1
active_human,718,595,734,2.14,0.85,0.11,0.33,0.0418,0
lurker_human,1388,22,209,0.11,0.5,0.11,0.19,0.0333,0
creator_human,1381,8348,1109,1.14,0.97,0.11,0.23,0.1049,0
compromised_bot,968,794,7545,41.59,0.58,0.89,0.82,0.0039,1
lurker_human,1138,133,385,0.04,0.73,0.12,0.19,0.0194,0
creator_human,1130,25662,959,1.0,0.98,0.18,0.19,0.0304,0
compromised_bot,1039,824,4306,25.15,0.69,0.87,0.65,0.0024,1
active_human,149,877,981,0.24,0.79,0.17,0.17,0.0531,0
active_human,913,162,156,0.25,0.94,0.02,0.23,0.0295,0
spambot,35,32,3217,37.78,0.28,0.97,0.76,0.0019,1
compromised_bot,1248,1062,7767,44.37,0.5,0.74,0.89,0.0021,1
spambot,13,31,3392,58.66,0.3,0.86,0.79,0.0002,1
spambot,15,39,5177,22.9,0.36,0.89,0.78,0.0002,1
lurker_human,318,143,279,0.04,0.54,0.03,0.29,0.0222,0
active_human,362,1407,1947,2.37,0.8,0.13,0.3,0.0871,0
follow_bot,41,96,6163,0.54,0.59,0.9,0.5,0.0016,1
lurker_human,394,80,310,0.05,0.64,0.09,0.1,0.022,0
active_human,282,520,632,2.23,0.87,0.05,0.36,0.0423,0
creator_human,1140,14339,463,4.21,0.87,0.09,0.24,0.1198,0
spambot,6,55,3413,27.88,0.17,0.77,0.84,0.0022,1
lurker_human,363,68,321,0.03,0.47,0.02,0.29,0.054,0
creator_human,918,7778,115,1.23,0.92,0.07,0.33,0.1295,0
creator_human,559,1720,1147,1.52,0.99,0.22,0.33,0.045,0
compromised_bot,1914,1448,6027,42.7,0.81,0.9,0.89,0.003,1
active_human,891,55,83,1.75,0.79,0.13,0.18,0.0915,0
spambot,27,26,7438,38.62,0.17,0.91,0.97,0.0024,1
active_human,763,442,363,1.86,0.78,0.36,0.14,0.0414,0
active_human,962,509,471,2.17,0.84,0.02,0.11,0.1101,0
active_human,1453,464,575,1.19,0.94,0.11,0.19,0.079,0
lurker_human,1458,109,317,0.04,0.48,0.08,0.17,0.0387,0
lurker_human,673,124,150,0.04,0.63,0.01,0.12,0.048,0
lurker_human,510,30,59,0.01,0.62,0.03,0.09,0.0401,0
lurker_human,949,44,263,0.05,0.43,0.05,0.13,0.0489,0
compromised_bot,2148,407,4621,38.17,0.69,0.78,0.74,0.001,1
active_human,578,317,270,1.7,0.98,0.26,0.2,0.1197,0
follow_bot,27,178,4438,0.39,0.36,0.93,0.44,0.0016,1
compromised_bot,843,1384,3822,37.22,0.53,0.66,0.64,0.0069,1
active_human,1720,268,384,1.16,0.95,0.28,0.18,0.0868,0
creator_human,650,10388,789,1.24,0.92,0.11,0.21,0.0745,0
active_human,710,215,284,1.33,0.63,0.29,0.3,0.1156,0
spambot,9,31,2621,63.29,0.14,0.94,0.99,0.003,1
spambot,10,57,2580,45.52,0.21,0.87,0.78,0.0019,1
follow_bot,56,49,4590,0.84,0.43,0.85,0.54,0.0015,1
compromised_bot,2223,1457,7167,22.68,0.61,0.83,0.78,0.0016,1
active_human,973,374,463,2.07,0.72,0.01,0.13,0.0833,0
spambot,30,11,6054,47.67,0.33,0.71,0.86,0.0017,1
spambot,6,74,3475,34.79,0.35,0.75,0.82,0.0028,1
spambot,35,9,6382,58.25,0.33,0.85,0.77,0.0025,1
active_human,546,157,201,1.7,0.78,0.12,0.32,0.0966,0
active_human,692,1460,1856,2.46,0.95,0.38,0.19,0.1071,0
lurker_human,1407,59,179,0.07,0.71,0.07,0.15,0.0227,0
lurker_human,331,33,201,0.02,0.68,0.08,0.22,0.0213,0
active_human,461,194,255,1.29,0.88,0.03,0.14,0.1106,0
active_human,415,465,684,1.1,0.75,0.02,0.3,0.0321,0
lurker_human,219,37,372,0.15,0.59,0.1,0.14,0.0142,0
active_human,170,398,469,0.36,0.94,0.04,0.18,0.0266,0
compromised_bot,2291,1054,5624,13.75,0.68,0.89,0.69,0.0028,1
active_human,554,104,141,0.38,0.87,0.07,0.19,0.0537,0
creator_human,1411,11000,369,2.94,0.86,0.15,0.24,0.0568,0
follow_bot,5,33,7888,1.24,0.58,0.97,0.78,0.0015,1
active_human,851,152,154,0.54,0.64,0.18,0.2,0.0734,0
spambot,9,7,5484,15.43,0.43,0.92,0.99,0.0028,1
follow_bot,9,84,7752,1.38,0.45,0.88,0.7,0.0002,1
active_human,1091,546,757,2.32,0.59,0.17,0.25,0.0422,0
spambot,8,41,1983,27.01,0.38,0.96,0.93,0.0001,1
spambot,5,75,6566,53.04,0.2,0.74,0.79,0.002,1
lurker_human,1479,110,367,0.08,0.71,0.09,0.2,0.0575,0
spambot,8,5,6268,63.91,0.28,0.7,0.92,0.0017,1
active_human,358,353,395,2.13,0.78,0.17,0.39,0.0877,0
compromised_bot,2213,356,5476,30.78,0.77,0.66,0.63,0.0075,1
follow_bot,39,154,5932,1.1,0.6,0.91,0.74,0.0002,1
lurker_human,613,54,230,0.02,0.56,0.06,0.13,0.0574,0
active_human,152,97,102,2.5,0.77,0.02,0.34,0.0997,0
active_human,266,156,230,2.24,0.8,0.05,0.28,0.0739,0
compromised_bot,2468,509,7022,40.46,0.83,0.76,0.89,0.0034,1
creator_human,1038,20100,775,3.16,0.87,0.25,0.2,0.0327,0
active_human,179,420,322,2.03,0.8,0.1,0.15,0.0275,0
follow_bot,55,40,3680,0.32,0.59,0.85,0.6,0.0001,1
follow_bot,57,49,7555,0.29,0.28,0.86,0.49,0.0001,1
follow_bot,16,25,5745,1.39,0.34,0.88,0.52,0.0002,1
follow_bot,45,130,8745,0.25,0.34,0.89,0.46,0.0016,1
active_human,533,268,234,1.2,0.87,0.17,0.24,0.0623,0
active_human,816,333,404,1.22,0.57,0.22,0.1,0.1062,0
lurker_human,255,124,390,0.11,0.51,0.07,0.13,0.0422,0
follow_bot,52,169,5138,1.09,0.3,0.91,0.46,0.0001,1
creator_human,754,7642,114,1.95,0.99,0.09,0.2,0.1322,0
creator_human,1276,5091,317,1.27,0.99,0.15,0.3,0.1146,0
active_human,454,348,367,1.68,0.78,0.13,0.21,0.046,0
follow_bot,17,167,7678,0.84,0.45,0.98,0.46,0.0009,1
active_human,253,193,264,1.63,0.53,0.07,0.24,0.1152,0
active_human,429,94,129,0.69,0.76,0.08,0.17,0.0364,0
active_human,227,371,437,1.38,0.88,0.07,0.16,0.0983,0
follow_bot,48,185,6301,1.01,0.24,0.93,0.54,0.0004,1
spambot,33,17,5115,49.71,0.32,0.96,0.83,0.001,1
spambot,3,9,6444,15.77,0.31,0.92,0.8,0.0009,1
active_human,152,666,956,2.43,0.76,0.17,0.21,0.0817,0
active_human,721,499,518,1.64,0.6,0.07,0.22,0.1104,0
follow_bot,39,29,4613,0.69,0.23,0.96,0.62,0.0019,1
active_human,1227,468,321,0.81,0.73,0.02,0.26,0.1111,0
compromised_bot,2174,496,7680,30.48,0.67,0.88,0.84,0.0057,1
follow_bot,45,60,4312,1.19,0.57,0.96,0.75,0.0,1
compromised_bot,1918,866,5023,24.0,0.52,0.71,0.74,0.0077,1
creator_human,725,25206,833,3.65,0.92,0.23,0.29,0.0467,0
active_human,677,688,947,1.93,0.65,0.56,0.39,0.0557,0
follow_bot,10,83,3918,1.1,0.5,0.86,0.46,0.0005,1
compromised_bot,1032,951,5584,43.72,0.74,0.86,0.87,0.0031,1
active_human,348,166,226,2.03,0.78,0.12,0.23,0.1048,0
follow_bot,48,116,4761,1.18,0.5,0.95,0.52,0.0016,1
creator_human,846,51600,765,3.13,0.99,0.09,0.23,0.14,0
spambot,3,16,4705,52.8,0.33,0.74,0.76,0.002,1
creator_human,930,4178,229,4.37,0.88,0.11,0.29,0.0933,0
active_human,429,70,80,1.03,0.88,0.02,0.24,0.1035,0
active_human,839,366,437,1.08,0.79,0.06,0.25,0.1073,0
spambot,4,49,7063,30.29,0.35,0.97,0.82,0.0018,1
compromised_bot,880,510,6587,14.27,0.77,0.69,0.87,0.0043,1
follow_bot,34,85,7669,1.08,0.45,0.87,0.47,0.0013,1
spambot,15,65,4117,52.3,0.19,0.9,0.85,0.002,1
active_human,705,160,211,1.42,0.78,0.01,0.12,0.0977,0
creator_human,1886,34345,530,2.77,0.9,0.17,0.31,0.0526,0
creator_human,1900,8776,669,2.57,0.87,0.13,0.18,0.1451,0
compromised_bot,1315,1495,7965,23.11,0.81,0.74,0.79,0.0023,1
follow_bot,7,90,4486,1.44,0.22,0.94,0.43,0.0013,1
active_human,258,299,317,1.88,0.62,0.07,0.27,0.0628,0
active_human,739,756,724,2.49,0.79,0.1,0.3,0.0459,0
active_human,501,119,151,1.84,0.76,0.05,0.21,0.0634,0
follow_bot,56,91,7826,1.44,0.26,0.97,0.48,0.0018,1
active_human,457,84,126,0.97,0.5,0.05,0.25,0.0277,0
compromised_bot,2424,221,4180,10.48,0.52,0.8,0.62,0.0041,1
active_human,258,81,63,0.84,0.79,0.09,0.31,0.0798,0
lurker_human,617,109,60,0.03,0.74,0.03,0.25,0.0232,0
active_human,960,198,276,0.68,0.83,0.21,0.35,0.1002,0
compromised_bot,2100,1331,6498,17.59,0.63,0.84,0.69,0.0019,1
spambot,2,7,6438,41.35,0.15,0.9,0.94,0.0022,1
lurker_human,1504,121,113,0.14,0.59,0.02,0.08,0.0288,0
lurker_human,687,29,362,0.14,0.56,0.06,0.16,0.0315,0
lurker_human,176,144,313,0.05,0.61,0.09,0.11,0.0274,0
active_human,540,422,503,2.46,0.74,0.26,0.35,0.0873,0
compromised_bot,1455,268,6753,19.23,0.65,0.74,0.9,0.0023,1
active_human,425,317,410,2.09,0.84,0.1,0.33,0.0798,0
active_human,675,465,586,0.44,0.69,0.24,0.35,0.0513,0
follow_bot,16,80,7523,1.24,0.51,0.88,0.68,0.0013,1
active_human,691,494,381,1.55,0.93,0.12,0.11,0.0644,0
creator_human,843,2474,539,1.36,0.93,0.17,0.34,0.0639,0
active_human,785,171,147,1.69,0.98,0.27,0.36,0.0965,0
active_human,266,101,143,0.58,0.89,0.17,0.15,0.051,0
active_human,405,169,129,1.87,0.93,0.48,0.39,0.0372,0
active_human,1150,477,681,1.25,0.81,0.01,0.14,0.064,0
creator_human,957,9487,111,1.02,0.96,0.12,0.27,0.0551,0
spambot,12,24,5214,15.31,0.25,0.75,0.97,0.0003,1
spambot,7,45,5093,21.65,0.37,0.97,0.98,0.0008,1
active_human,439,108,88,1.78,0.9,0.12,0.16,0.0671,0
active_human,272,124,144,0.65,0.88,0.19,0.19,0.0352,0
lurker_human,616,99,178,0.08,0.49,0.12,0.14,0.029,0
lurker_human,449,120,204,0.12,0.66,0.07,0.21,0.0382,0
follow_bot,48,57,3751,1.29,0.56,0.97,0.76,0.002,1
lurker_human,630,88,113,0.07,0.73,0.06,0.16,0.0379,0
active_human,286,221,267,2.29,0.82,0.07,0.31,0.0488,0
active_human,819,331,325,1.08,0.78,0.08,0.22,0.0731,0
lurker_human,365,71,304,0.13,0.68,0.1,0.26,0.0137,0
creator_human,693,11647,678,2.66,0.89,0.09,0.26,0.0555,0
creator_human,1466,5967,765,1.85,0.89,0.13,0.15,0.1297,0
active_human,565,303,325,0.58,0.82,0.13,0.3,0.0813,0
creator_human,552,21011,253,2.35,0.95,0.1,0.31,0.1476,0
spambot,11,69,4509,64.11,0.2,0.86,0.86,0.0006,1
spambot,2,20,4890,25.57,0.29,0.94,0.96,0.0016,1
active_human,1146,114,110,0.8,0.71,0.06,0.25,0.12,0
follow_bot,5,179,8767,1.29,0.47,0.87,0.64,0.0013,1
spambot,2,17,3920,45.23,0.4,0.75,0.76,0.0024,1
active_human,880,190,194,1.67,0.77,0.13,0.31,0.0661,0
active_human,716,142,128,0.94,0.68,0.02,0.13,0.0527,0
active_human,419,384,469,1.11,0.84,0.14,0.31,0.0741,0
compromised_bot,1234,389,5287,21.89,0.76,0.75,0.63,0.0055,1
active_human,255,582,484,1.92,0.98,0.02,0.13,0.092,0
creator_human,1598,7024,838,2.7,1.0,0.12,0.2,0.1456,0
creator_human,810,4871,477,2.26,0.96,0.13,0.17,0.117,0
active_human,541,49,50,0.35,0.94,0.02,0.31,0.1085,0
lurker_human,849,48,244,0.12,0.74,0.1,0.14,0.0423,0
follow_bot,56,97,6833,1.4,0.38,1.0,0.78,0.0,1
lurker_human,674,67,389,0.14,0.43,0.01,0.29,0.0442,0
active_human,994,130,143,2.06,0.78,0.03,0.18,0.056,0
compromised_bot,1455,1039,6148,40.78,0.6,0.75,0.8,0.0034,1
compromised_bot,1544,1142,4211,37.83,0.57,0.84,0.79,0.0066,1
lurker_human,630,68,210,0.04,0.57,0.08,0.17,0.0297,0
compromised_bot,1044,451,3874,31.68,0.75,0.86,0.82,0.0069,1
active_human,129,345,489,0.57,0.74,0.02,0.18,0.0525,0
compromised_bot,2108,1379,4725,17.85,0.75,0.85,0.89,0.0042,1
active_human,643,182,176,1.99,0.6,0.19,0.32,0.0228,0
compromised_bot,2229,1124,6512,12.06,0.52,0.66,0.76,0.0069,1
active_human,237,233,303,1.11,0.85,0.06,0.12,0.0532,0
active_human,1093,915,769,0.31,0.7,0.04,0.21,0.0304,0
active_human,590,163,204,0.61,0.96,0.02,0.27,0.1023,0
creator_human,1402,40424,203,3.5,0.94,0.07,0.33,0.115,0
creator_human,1444,10773,626,3.26,0.86,0.19,0.25,0.0901,0
active_human,612,482,470,2.12,0.94,0.03,0.35,0.0861,0
active_human,744,367,513,0.93,0.59,0.15,0.13,0.0514,0
active_human,503,183,243,0.82,0.64,0.12,0.27,0.0812,0
compromised_bot,1739,356,5149,39.86,0.79,0.84,0.69,0.0029,1
active_human,563,563,809,0.59,0.74,0.07,0.31,0.0726,0
lurker_human,376,36,66,0.11,0.68,0.11,0.25,0.0273,0
lurker_human,585,84,319,0.03,0.64,0.08,0.25,0.0382,0
active_human,1128,169,175,2.07,0.87,0.07,0.28,0.0732,0
active_human,222,314,408,0.73,0.58,0.06,0.26,0.059,0
creator_human,1149,7685,330,4.17,0.97,0.16,0.32,0.0362,0
lurker_human,1152,85,346,0.12,0.52,0.08,0.3,0.0523,0
creator_human,1892,9511,525,3.61,0.97,0.06,0.16,0.1478,0
lurker_human,637,102,185,0.15,0.46,0.08,0.07,0.0357,0
lurker_human,409,143,82,0.09,0.71,0.09,0.26,0.0299,0
spambot,2,38,6381,46.47,0.4,0.84,0.76,0.0015,1
spambot,2,56,3870,17.72,0.14,0.87,0.96,0.0014,1
follow_bot,48,44,5125,0.32,0.43,0.93,0.44,0.0005,1
lurker_human,194,93,133,0.11,0.5,0.02,0.18,0.0272,0
creator_human,634,3345,268,1.47,0.91,0.2,0.26,0.0852,0
compromised_bot,1174,1079,6096,29.18,0.54,0.73,0.76,0.0024,1
follow_bot,56,92,6631,0.79,0.57,0.96,0.42,0.0004,1
active_human,442,117,113,2.02,0.68,0.07,0.17,0.027,0
creator_human,1379,17816,118,2.13,0.94,0.16,0.26,0.1227,0
active_human,882,883,694,1.37,0.84,0.21,0.15,0.0606,0
active_human,425,158,167,1.6,0.93,0.02,0.22,0.0969,0
spambot,5,35,6320,20.16,0.39,0.81,0.95,0.0016,1
active_human,695,990,703,2.37,0.85,0.04,0.35,0.0847,0
spambot,8,42,7070,59.54,0.11,0.8,0.77,0.0007,1
compromised_bot,803,638,4460,30.48,0.74,0.79,0.88,0.0061,1
follow_bot,17,147,6878,0.52,0.53,0.95,0.57,0.001,1
active_human,1154,97,138,1.96,0.63,0.05,0.1,0.0275,0
active_human,390,159,238,1.3,0.93,0.12,0.39,0.1077,0
spambot,9,54,2362,17.17,0.23,0.76,0.83,0.0012,1
active_human,201,608,864,0.71,0.87,0.19,0.36,0.0604,0
creator_human,587,11039,678,2.85,0.98,0.22,0.19,0.1377,0
compromised_bot,2228,218,7470,12.21,0.72,0.78,0.68,0.0032,1
compromised_bot,1821,1222,4166,42.13,0.71,0.86,0.7,0.0027,1
lurker_human,669,143,50,0.06,0.6,0.04,0.07,0.0381,0
active_human,494,67,82,1.24,0.84,0.05,0.11,0.0303,0
active_human,343,755,921,1.55,0.88,0.19,0.38,0.0312,0
spambot,5,69,5484,25.02,0.15,0.82,0.87,0.0025,1
spambot,6,38,4355,51.88,0.44,0.9,0.98,0.0028,1
lurker_human,230,55,192,0.08,0.74,0.02,0.18,0.0366,0
active_human,546,74,104,1.35,0.71,0.21,0.23,0.093,0
active_human,346,346,297,2.25,0.96,0.16,0.2,0.1101,0
active_human,564,130,123,0.79,0.92,0.15,0.2,0.0203,0
spambot,3,42,1679,64.93,0.2,0.73,0.94,0.0004,1
active_human,454,277,397,1.83,0.78,0.14,0.15,0.0306,0
active_human,391,531,401,0.81,0.9,0.13,0.25,0.0958,0
active_human,860,251,291,1.18,0.87,0.05,0.22,0.1149,0
active_human,711,443,343,0.55,0.84,0.15,0.19,0.1141,0
lurker_human,661,59,107,0.13,0.75,0.01,0.17,0.0223,0
compromised_bot,1546,1468,7817,43.62,0.73,0.81,0.65,0.0054,1
creator_human,1688,17297,494,2.1,0.89,0.09,0.31,0.1138,0
active_human,558,232,202,0.76,0.69,0.16,0.4,0.0494,0
active_human,436,351,370,2.37,0.84,0.04,0.12,0.1035,0
active_human,394,155,134,2.18,0.87,0.16,0.31,0.0684,0
active_human,290,534,419,1.29,0.97,0.13,0.33,0.041,0
spambot,17,32,6651,27.22,0.2,0.92,0.84,0.0028,1
active_human,424,171,249,1.26,0.9,0.01,0.17,0.0322,0
follow_bot,13,31,5359,0.43,0.24,0.91,0.42,0.0018,1
lurker_human,521,37,360,0.03,0.73,0.1,0.11,0.0246,0
active_human,736,134,145,1.8,0.84,0.16,0.25,0.0411,0
follow_bot,12,114,7242,0.2,0.39,0.92,0.52,0.0007,1
compromised_bot,1469,350,4453,34.27,0.71,0.69,0.85,0.0053,1
spambot,23,71,7231,26.94,0.36,0.77,0.99,0.0004,1
lurker_human,367,87,117,0.02,0.48,0.07,0.25,0.0444,0
lurker_human,765,87,297,0.06,0.7,0.07,0.28,0.0227,0
compromised_bot,1557,1451,6106,43.78,0.51,0.79,0.71,0.0021,1
spambot,35,15,6643,49.82,0.3,0.73,0.78,0.0004,1
compromised_bot,1902,514,7053,44.6,0.5,0.88,0.85,0.0056,1
compromised_bot,1552,352,5794,29.51,0.81,0.71,0.85,0.0029,1
spambot,5,9,5071,61.5,0.44,0.96,0.92,0.0015,1
active_human,319,274,412,2.38,0.94,0.11,0.15,0.0496,0
active_human,434,235,256,1.14,0.94,0.08,0.39,0.0202,0
active_human,667,603,569,2.2,0.76,0.15,0.23,0.1032,0
spambot,4,40,5508,28.99,0.28,0.85,0.88,0.0001,1
spambot,20,22,4889,47.29,0.37,0.91,0.83,0.0017,1
creator_human,961,30570,351,1.65,0.94,0.14,0.35,0.1214,0
active_human,433,436,284,2.45,0.75,0.1,0.31,0.1073,0
lurker_human,607,139,252,0.03,0.68,0.03,0.05,0.0565,0
lurker_human,1572,84,235,0.03,0.63,0.07,0.26,0.0123,0
lurker_human,263,32,85,0.12,0.49,0.06,0.16,0.0477,0
creator_human,1293,30378,395,3.9,0.98,0.07,0.34,0.0926,0
active_human,680,576,750,0.62,0.8,0.07,0.31,0.0272,0
creator_human,984,18412,991,4.39,0.97,0.2,0.24,0.0428,0
creator_human,2937,5722,821,2.25,0.89,0.17,0.19,0.1223,0
lurker_human,276,50,206,0.05,0.43,0.07,0.13,0.0164,0
lurker_human,423,114,264,0.12,0.56,0.11,0.25,0.0316,0
active_human,434,51,75,0.58,0.84,0.04,0.3,0.1195,0
active_human,582,393,291,0.45,0.5,0.17,0.32,0.0551,0
compromised_bot,1618,1022,6464,39.76,0.6,0.68,0.63,0.0035,1
lurker_human,873,54,181,0.09,0.6,0.02,0.08,0.0544,0
spambot,18,34,3855,35.77,0.19,0.89,0.8,0.0021,1
active_human,656,162,166,0.38,0.92,0.08,0.25,0.0499,0
spambot,11,51,1756,28.27,0.27,0.73,0.96,0.0027,1
active_human,808,572,665,1.06,0.83,0.12,0.1,0.036,0
spambot,53,6,1704,57.66,0.38,0.78,0.93,0.0023,1
active_human,312,103,150,0.91,0.52,0.25,0.26,0.0724,0
compromised_bot,1353,1472,6193,15.05,0.6,0.73,0.81,0.0021,1
spambot,19,11,1965,42.16,0.23,0.8,0.75,0.0026,1
active_human,766,172,156,1.06,0.88,0.32,0.11,0.0285,0
active_human,690,447,501,1.04,0.86,0.04,0.37,0.1172,0
active_human,896,98,127,0.68,0.94,0.13,0.32,0.0712,0
active_human,416,639,577,1.12,0.94,0.06,0.38,0.0657,0
lurker_human,195,81,82,0.04,0.58,0.09,0.09,0.0171,0
active_human,790,418,613,0.98,0.87,0.35,0.31,0.0569,0
lurker_human,338,97,77,0.09,0.65,0.04,0.2,0.0568,0
active_human,686,489,460,2.4,0.73,0.08,0.13,0.0348,0
compromised_bot,1108,1049,7454,13.67,0.75,0.77,0.7,0.0043,1
spambot,9,30,5811,46.52,0.37,0.79,0.8,0.0019,1
active_human,597,307,434,0.3,0.87,0.07,0.16,0.049,0
compromised_bot,1188,280,6203,36.71,0.65,0.84,0.86,0.002,1
active_human,400,407,413,0.48,0.7,0.02,0.37,0.025,0
active_human,308,199,199,2.04,0.92,0.09,0.13,0.0658,0
active_human,384,587,626,1.99,0.45,0.05,0.17,0.0611,0
creator_human,1364,170229,379,1.63,0.88,0.15,0.28,0.0989,0
active_human,627,219,277,1.66,0.8,0.02,0.19,0.0234,0
active_human,691,310,286,0.82,0.83,0.04,0.22,0.0236,0
active_human,533,109,135,1.71,0.8,0.21,0.39,0.0429,0
active_human,323,229,323,1.11,0.88,0.29,0.26,0.1065,0
active_human,347,142,203,1.76,0.55,0.23,0.21,0.0634,0
active_human,361,152,192,0.78,0.73,0.22,0.2,0.0775,0
creator_human,1991,14469,214,4.15,0.97,0.19,0.33,0.0945,0
follow_bot,39,63,5048,0.73,0.51,0.88,0.57,0.0004,1
spambot,19,22,4734,38.86,0.26,0.92,0.91,0.0002,1
active_human,652,264,257,1.91,0.73,0.06,0.19,0.0518,0
spambot,19,71,1602,29.12,0.29,0.86,0.79,0.0028,1
active_human,298,209,316,0.71,0.81,0.21,0.17,0.0686,0
active_human,1832,366,367,0.94,0.78,0.11,0.37,0.0962,0
lurker_human,1169,137,137,0.12,0.52,0.03,0.11,0.0233,0
active_human,333,135,223,1.8,0.7,0.01,0.12,0.0211,0
compromised_bot,1723,659,6251,41.04,0.56,0.71,0.71,0.0045,1
lurker_human,1053,141,150,0.01,0.61,0.09,0.1,0.0402,0
active_human,183,82,143,0.32,0.93,0.11,0.17,0.1157,0
compromised_bot,2348,1010,5935,31.65,0.77,0.68,0.61,0.0046,1
active_human,944,385,263,0.42,0.58,0.07,0.31,0.0657,0
active_human,664,130,142,1.53,0.93,0.03,0.22,0.039,0
active_human,594,147,231,1.1,0.79,0.08,0.39,0.0937,0
follow_bot,6,29,5300,0.84,0.28,0.99,0.5,0.0012,1
creator_human,811,9782,202,2.51,0.89,0.15,0.23,0.0515,0
spambot,3,58,7247,55.23,0.27,0.95,0.85,0.0029,1
active_human,649,470,442,1.48,0.96,0.12,0.21,0.1084,0
active_human,626,971,853,0.29,0.85,0.02,0.26,0.0723,0
active_human,319,107,132,0.22,0.66,0.03,0.13,0.0552,0
follow_bot,38,56,8432,1.49,0.35,0.89,0.56,0.0006,1
follow_bot,50,34,6818,0.92,0.56,0.93,0.56,0.0012,1
spambot,22,64,6307,61.41,0.43,0.75,0.87,0.0006,1
lurker_human,240,95,346,0.15,0.62,0.1,0.15,0.0136,0
lurker_human,462,39,87,0.05,0.43,0.07,0.16,0.0585,0
creator_human,1388,20184,645,3.93,0.92,0.09,0.24,0.1309,0
spambot,14,62,1803,58.31,0.44,0.81,0.79,0.0008,1
spambot,2,27,3914,47.09,0.11,0.74,0.95,0.0019,1
active_human,368,147,234,0.82,0.77,0.1,0.12,0.0233,0
creator_human,1051,9550,416,1.66,0.86,0.17,0.19,0.0879,0
spambot,14,41,2772,31.99,0.4,0.82,0.76,0.0019,1
active_human,202,160,229,2.2,0.74,0.04,0.24,0.1133,0
creator_human,1749,27239,1030,1.44,0.96,0.2,0.16,0.0701,0
active_human,389,43,87,2.32,0.52,0.02,0.14,0.0624,0
active_human,589,227,255,1.39,0.9,0.02,0.39,0.0492,0
active_human,898,861,815,0.23,0.66,0.19,0.19,0.0566,0
lurker_human,564,30,148,0.07,0.67,0.04,0.07,0.0547,0
active_human,538,461,341,0.24,0.86,0.09,0.39,0.0285,0
active_human,1068,594,788,1.78,0.72,0.15,0.12,0.0707,0
active_human,221,137,201,2.49,0.52,0.07,0.33,0.0791,0
active_human,382,104,181,1.81,0.73,0.42,0.25,0.0263,0
active_human,246,273,232,0.88,0.89,0.17,0.39,0.0875,0
active_human,237,363,478,1.55,0.96,0.11,0.26,0.07,0
active_human,411,209,170,2.08,0.86,0.14,0.22,0.1039,0
spambot,31,46,3487,56.47,0.13,0.82,0.91,0.0008,1
active_human,943,940,1348,0.74,0.98,0.01,0.34,0.1055,0
compromised_bot,1555,646,4279,19.18,0.66,0.76,0.86,0.0067,1
lurker_human,980,72,200,0.07,0.47,0.03,0.12,0.0239,0
spambot,14,60,4036,46.06,0.39,0.92,0.78,0.001,1
lurker_human,369,113,163,0.09,0.74,0.03,0.19,0.055,0
active_human,221,242,284,2.12,0.55,0.07,0.35,0.0504,0
active_human,715,369,400,2.49,0.58,0.08,0.22,0.07,0
creator_human,1615,32488,522,1.92,0.91,0.14,0.29,0.1118,0
active_human,482,280,273,2.33,0.83,0.05,0.31,0.0397,0
lurker_human,774,28,99,0.05,0.6,0.1,0.29,0.0444,0
compromised_bot,1709,797,7237,31.6,0.73,0.74,0.68,0.0023,1
active_human,1422,450,615,0.58,0.99,0.04,0.14,0.1061,0
active_human,251,84,109,2.24,0.87,0.07,0.36,0.1062,0
spambot,2,58,5536,27.27,0.29,0.86,0.89,0.0017,1
active_human,680,118,129,0.6,0.93,0.14,0.39,0.0604,0
active_human,669,681,906,1.26,0.75,0.04,0.37,0.023,0
spambot,15,60,5790,29.55,0.34,0.91,0.91,0.0016,1
spambot,1,49,4139,25.15,0.3,0.76,0.79,0.001,1
compromised_bot,990,636,5701,40.88,0.65,0.84,0.87,0.0063,1
spambot,10,69,3140,63.19,0.41,0.87,0.77,0.0029,1
active_human,259,210,301,1.9,0.85,0.06,0.15,0.0829,0
active_human,575,324,327,0.42,0.92,0.14,0.23,0.0381,0
spambot,7,24,2127,52.15,0.14,0.75,0.98,0.0021,1
active_human,595,311,322,1.88,0.75,0.25,0.25,0.0898,0
active_human,152,258,301,2.31,0.88,0.13,0.31,0.0923,0
active_human,458,295,413,2.46,0.78,0.08,0.29,0.0955,0
lurker_human,473,74,223,0.13,0.64,0.05,0.17,0.0336,0
active_human,353,256,212,2.11,0.63,0.09,0.32,0.0911,0
spambot,14,9,7311,22.54,0.25,0.84,0.96,0.0012,1
follow_bot,53,108,6065,1.01,0.49,0.92,0.79,0.0006,1
compromised_bot,1468,1300,5696,34.93,0.66,0.84,0.62,0.0051,1
spambot,2,40,6582,38.7,0.27,0.9,0.86,0.0007,1
active_human,473,272,316,2.14,0.89,0.07,0.21,0.0624,0
active_human,126,470,559,2.16,0.94,0.05,0.18,0.0423,0
active_human,646,1159,1413,0.57,0.88,0.08,0.18,0.0894,0
follow_bot,26,78,3822,0.62,0.29,0.85,0.55,0.0004,1
active_human,210,277,305,0.31,0.76,0.16,0.27,0.1125,0
active_human,131,79,146,2.22,0.89,0.24,0.19,0.1151,0
creator_human,1535,6908,781,3.78,0.93,0.18,0.33,0.0654,0
lurker_human,163,29,254,0.1,0.57,0.09,0.3,0.0141,0
spambot,13,46,6009,16.14,0.43,0.72,0.82,0.0009,1
spambot,17,34,3733,22.49,0.21,0.9,0.97,0.0009,1
lurker_human,843,95,152,0.1,0.67,0.01,0.18,0.0419,0
lurker_human,425,133,169,0.08,0.45,0.02,0.09,0.0133,0
active_human,170,98,115,2.01,0.93,0.26,0.4,0.0695,0
active_human,583,27,34,2.27,0.98,0.07,0.26,0.0295,0
follow_bot,42,92,7029,1.08,0.47,1.0,0.42,0.0009,1
compromised_bot,2161,685,3847,35.84,0.61,0.86,0.86,0.0058,1
spambot,13,58,2697,60.19,0.39,0.75,0.79,0.0001,1
active_human,202,351,396,1.23,0.96,0.09,0.1,0.0482,0
compromised_bot,1119,376,3976,10.39,0.71,0.76,0.9,0.0065,1
active_human,367,572,671,0.96,0.84,0.1,0.21,0.1119,0
active_human,719,164,174,2.03,0.73,0.12,0.17,0.0221,0
active_human,578,43,90,1.73,0.67,0.12,0.33,0.0313,0
active_human,517,516,604,1.2,0.63,0.14,0.28,0.0526,0
active_human,233,239,298,1.25,0.52,0.09,0.17,0.0739,0
spambot,60,13,7389,47.56,0.14,0.78,0.96,0.0004,1
spambot,5,56,2320,39.93,0.4,0.91,0.83,0.0019,1
active_human,609,270,300,1.98,0.59,0.17,0.28,0.109,0
lurker_human,306,138,312,0.05,0.59,0.03,0.24,0.033,0
active_human,356,1298,1063,2.22,0.47,0.02,0.31,0.1092,0
compromised_bot,2443,398,6950,11.81,0.6,0.91,0.84,0.008,1
lurker_human,541,87,309,0.11,0.45,0.09,0.09,0.0427,0
active_human,601,242,364,2.41,0.67,0.12,0.27,0.0885,0
creator_human,521,4807,356,2.66,0.94,0.22,0.2,0.1112,0
creator_human,971,29180,920,1.14,0.85,0.22,0.2,0.0584,0
lurker_human,385,67,58,0.03,0.41,0.09,0.2,0.0257,0
active_human,335,494,490,2.24,0.64,0.15,0.31,0.102,0
active_human,921,61,101,1.51,0.49,0.02,0.39,0.0325,0
creator_human,1302,23820,397,3.5,0.99,0.12,0.22,0.0424,0
spambot,3,79,7119,30.79,0.33,0.83,0.8,0.0014,1
active_human,539,126,131,2.05,0.82,0.29,0.39,0.0995,0
active_human,273,211,305,1.77,0.86,0.07,0.32,0.0967,0
compromised_bot,2336,726,6649,21.92,0.77,0.83,0.63,0.0047,1
active_human,829,701,813,1.04,0.8,0.35,0.38,0.1178,0
spambot,43,33,4482,20.33,0.27,0.8,0.76,0.0014,1
active_human,864,72,107,2.39,0.86,0.09,0.39,0.0934,0
spambot,9,65,1967,32.05,0.12,0.75,0.86,0.0005,1
spambot,24,47,2611,40.61,0.44,0.92,0.89,0.0018,1
active_human,461,1225,1319,0.72,0.95,0.12,0.16,0.0419,0
spambot,27,54,2710,41.87,0.33,0.85,0.84,0.0021,1
spambot,16,6,5812,27.11,0.42,0.8,0.97,0.0023,1
spambot,25,17,3446,55.73,0.19,0.98,0.95,0.003,1
compromised_bot,854,320,4141,38.65,0.63,0.71,0.87,0.0017,1
active_human,344,316,357,2.16,0.87,0.12,0.24,0.0312,0
follow_bot,43,26,3086,0.65,0.31,0.93,0.6,0.0013,1
active_human,829,99,132,1.89,0.95,0.11,0.18,0.0932,0
creator_human,1664,25891,452,3.06,0.96,0.12,0.29,0.1071,0
compromised_bot,1164,1337,7533,29.83,0.7,0.69,0.71,0.0036,1
creator_human,717,33954,201,3.85,0.98,0.07,0.26,0.1496,0
active_human,385,62,102,1.94,0.82,0.27,0.2,0.0863,0
lurker_human,315,83,173,0.02,0.53,0.08,0.27,0.0498,0
spambot,40,37,5553,63.98,0.22,0.91,0.82,0.0012,1
follow_bot,37,173,6276,0.5,0.34,0.93,0.64,0.0016,1
active_human,547,75,119,1.93,0.92,0.01,0.1,0.0489,0
spambot,5,75,7187,49.93,0.43,0.71,0.91,0.0016,1
active_human,845,164,115,1.25,0.83,0.08,0.18,0.0902,0
lurker_human,738,108,260,0.08,0.42,0.1,0.27,0.0439,0
active_human,1793,149,163,1.51,0.81,0.17,0.28,0.065,0
active_human,898,78,83,0.54,0.84,0.08,0.2,0.0721,0
spambot,15,52,5005,50.57,0.33,0.7,0.94,0.0015,1
follow_bot,53,91,6908,1.02,0.37,0.86,0.7,0.0018,1
creator_human,783,1464,563,4.03,0.98,0.19,0.34,0.1018,0
active_human,764,301,264,1.31,0.97,0.06,0.33,0.1054,0
active_human,435,91,91,2.46,0.62,0.04,0.18,0.0939,0
active_human,781,65,97,0.31,0.8,0.2,0.31,0.1138,0
spambot,1,29,2166,32.39,0.3,0.82,0.82,0.002,1
active_human,421,493,640,1.55,0.98,0.14,0.23,0.0289,0
active_human,500,681,980,0.93,0.97,0.08,0.2,0.0331,0
active_human,305,1028,1038,0.92,0.86,0.27,0.15,0.0946,0
creator_human,1218,13897,364,1.88,0.94,0.2,0.29,0.0645,0
active_human,565,169,217,2.17,0.62,0.13,0.11,0.0571,0
active_human,328,153,147,2.34,0.91,0.03,0.3,0.0365,0
compromised_bot,1093,1467,7828,18.22,0.5,0.72,0.79,0.0078,1
lurker_human,1050,78,356,0.14,0.59,0.08,0.23,0.0364,0
follow_bot,32,31,5408,0.13,0.57,0.97,0.49,0.0007,1
spambot,7,43,4679,41.44,0.35,0.87,0.97,0.0027,1
follow_bot,26,197,8906,0.15,0.38,0.99,0.6,0.0001,1
active_human,535,377,527,0.85,0.66,0.09,0.29,0.0527,0
lurker_human,784,37,213,0.04,0.45,0.03,0.28,0.0456,0
compromised_bot,842,274,5598,11.21,0.55,0.88,0.66,0.0017,1
follow_bot,15,169,4138,1.36,0.48,0.92,0.75,0.0015,1
follow_bot,25,129,3409,1.23,0.52,0.85,0.43,0.0014,1
active_human,1038,399,485,0.55,0.93,0.06,0.36,0.1163,0
active_human,323,976,1220,1.12,0.42,0.15,0.1,0.0395,0
creator_human,1440,44645,1127,2.63,0.98,0.15,0.33,0.0597,0
lurker_human,433,94,232,0.1,0.53,0.02,0.1,0.0465,0
compromised_bot,1397,1081,6127,44.99,0.51,0.77,0.66,0.0078,1
spambot,9,77,1545,54.71,0.35,0.96,0.81,0.0,1
compromised_bot,1762,669,3976,35.42,0.61,0.74,0.79,0.0013,1
spambot,12,65,6133,61.78,0.19,0.77,0.86,0.0004,1
creator_human,1036,20916,949,1.53,0.95,0.2,0.3,0.1421,0
creator_human,1339,507,1037,3.64,0.88,0.16,0.24,0.0893,0
active_human,663,36,66,1.21,0.66,0.26,0.33,0.0542,0
spambot,12,75,4877,50.34,0.15,0.72,0.88,0.0011,1
active_human,404,649,574,1.69,0.91,0.14,0.31,0.0674,0
compromised_bot,1094,537,5774,23.7,0.57,0.88,0.64,0.0016,1
spambot,4,51,4180,40.04,0.38,0.86,0.86,0.0007,1
compromised_bot,1133,355,6102,14.94,0.65,0.94,0.83,0.0072,1
active_human,485,156,159,0.31,0.87,0.03,0.14,0.1066,0
lurker_human,171,42,386,0.05,0.51,0.06,0.12,0.0504,0
active_human,720,59,74,0.68,0.79,0.32,0.14,0.0675,0
creator_human,2511,25329,497,1.37,0.92,0.09,0.22,0.1433,0
creator_human,587,22178,217,2.72,0.91,0.06,0.26,0.0464,0
lurker_human,304,108,74,0.14,0.52,0.12,0.15,0.0186,0
spambot,9,40,2462,63.32,0.31,0.87,0.99,0.0025,1
active_human,649,223,168,1.11,0.67,0.21,0.25,0.1129,0
compromised_bot,1951,686,4695,20.84,0.85,0.78,0.82,0.0052,1
active_human,337,244,277,1.95,0.96,0.17,0.35,0.0794,0
lurker_human,405,29,300,0.08,0.47,0.04,0.2,0.04,0
follow_bot,42,85,7882,1.0,0.39,0.99,0.46,0.0003,1
spambot,13,11,6551,56.02,0.43,0.85,0.89,0.0002,1
lurker_human,506,62,263,0.14,0.5,0.02,0.26,0.0158,0
lurker_human,444,134,208,0.06,0.71,0.02,0.23,0.0143,0
active_human,740,105,106,2.09,0.78,0.05,0.17,0.094,0
active_human,177,358,504,0.54,0.69,0.0,0.39,0.107,0
active_human,348,412,447,2.17,0.96,0.01,0.33,0.0414,0
creator_human,794,3442,1137,3.0,1.0,0.08,0.24,0.054,0
active_human,722,363,527,1.01,0.83,0.12,0.21,0.1032,0
follow_bot,25,60,4930,0.89,0.34,0.89,0.78,0.0009,1
follow_bot,30,134,8538,1.35,0.36,0.89,0.51,0.0007,1
active_human,529,569,806,1.55,0.84,0.05,0.21,0.0725,0
active_human,1254,71,103,2.47,0.69,0.07,0.19,0.0241,0
active_human,374,103,137,1.14,0.95,0.22,0.19,0.0216,0
active_human,485,172,186,0.77,0.68,0.1,0.22,0.0415,0
compromised_bot,1290,581,7191,28.35,0.74,0.87,0.68,0.007,1
lurker_human,212,27,195,0.11,0.75,0.08,0.23,0.0491,0
follow_bot,37,89,3398,0.45,0.47,0.86,0.41,0.0011,1
spambot,10,56,6214,59.37,0.24,0.9,0.83,0.0016,1
compromised_bot,974,1243,7868,25.34,0.77,0.77,0.9,0.0063,1
active_human,623,416,294,0.48,0.92,0.04,0.25,0.1199,0
follow_bot,45,78,6783,1.25,0.33,0.96,0.56,0.0009,1
follow_bot,32,169,3640,1.4,0.48,0.86,0.45,0.0012,1
spambot,24,34,2684,27.93,0.38,0.96,0.86,0.0004,1
creator_human,2583,4227,374,3.19,0.92,0.22,0.22,0.0486,0
lurker_human,649,115,317,0.05,0.48,0.06,0.21,0.0563,0
creator_human,1480,31729,817,2.22,0.9,0.22,0.21,0.1339,0
active_human,865,384,537,2.05,0.92,0.09,0.15,0.0781,0
lurker_human,1247,60,145,0.14,0.5,0.05,0.1,0.0567,0
follow_bot,28,110,6633,1.37,0.59,0.86,0.64,0.0019,1
spambot,11,40,2233,52.0,0.45,0.88,0.87,0.0005,1
follow_bot,43,176,4883,0.48,0.52,0.92,0.52,0.0019,1
active_human,283,481,564,1.72,0.74,0.08,0.31,0.0633,0
active_human,306,111,144,1.13,0.85,0.02,0.37,0.0984,0
lurker_human,355,134,350,0.04,0.59,0.07,0.24,0.0217,0
compromised_bot,2203,587,5196,21.73,0.54,0.7,0.9,0.0034,1
active_human,283,214,179,0.35,0.91,0.07,0.26,0.0771,0
compromised_bot,1854,598,7565,21.77,0.54,0.75,0.83,0.0053,1
spambot,2,45,6131,33.59,0.23,0.81,0.94,0.0021,1
active_human,1032,96,141,1.71,0.69,0.07,0.26,0.0239,0
active_human,830,233,261,0.36,0.67,0.12,0.39,0.0429,0
lurker_human,851,78,210,0.06,0.58,0.02,0.15,0.0416,0
active_human,792,56,103,0.84,0.54,0.16,0.27,0.0295,0
compromised_bot,963,854,7910,37.33,0.5,0.68,0.74,0.0078,1
active_human,416,540,748,1.13,0.82,0.14,0.1,0.0833,0
spambot,7,54,2191,52.14,0.31,0.9,0.93,0.0016,1
active_human,362,617,864,0.3,0.63,0.03,0.21,0.0988,0
lurker_human,332,41,335,0.13,0.75,0.09,0.29,0.0348,0
creator_human,1247,36996,546,1.64,0.87,0.2,0.29,0.0882,0
active_human,1012,225,200,1.75,0.81,0.13,0.25,0.0998,0
active_human,438,232,213,1.68,0.76,0.21,0.37,0.1062,0
spambot,7,36,3867,23.72,0.28,0.88,0.91,0.0023,1
lurker_human,364,22,370,0.1,0.57,0.06,0.07,0.0445,0
follow_bot,21,26,8460,0.12,0.4,0.99,0.5,0.0015,1
active_human,279,233,296,1.14,0.94,0.03,0.24,0.0687,0
creator_human,1398,14542,461,3.59,0.85,0.14,0.23,0.1422,0
spambot,19,32,5286,50.17,0.15,0.95,0.95,0.0007,1
active_human,297,635,484,0.59,0.77,0.05,0.18,0.0278,0
spambot,23,72,5722,59.45,0.3,0.94,0.93,0.0016,1
active_human,454,930,828,0.78,0.98,0.12,0.32,0.0679,0
lurker_human,509,41,147,0.02,0.55,0.06,0.08,0.0523,0
active_human,592,235,309,0.27,0.69,0.07,0.28,0.0896,0
active_human,504,279,340,1.81,0.81,0.13,0.26,0.0462,0
creator_human,945,9275,1034,2.96,0.95,0.18,0.35,0.0731,0
spambot,14,6,6671,22.42,0.36,0.81,0.78,0.0,1
active_human,935,475,361,2.25,0.89,0.06,0.25,0.0336,0
lurker_human,870,30,128,0.01,0.46,0.11,0.18,0.048,0
lurker_human,182,111,353,0.11,0.7,0.04,0.14,0.0395,0
follow_bot,36,85,8983,1.02,0.55,0.88,0.73,0.0005,1
creator_human,1226,28204,728,2.92,0.99,0.21,0.34,0.0598,0
compromised_bot,1790,818,4990,44.8,0.65,0.71,0.77,0.0028,1
lurker_human,393,32,64,0.03,0.56,0.08,0.23,0.0264,0
creator_human,731,2718,426,1.06,0.92,0.07,0.18,0.0302,0
spambot,5,40,3813,17.35,0.1,0.92,0.91,0.0011,1
active_human,624,254,201,1.17,0.71,0.03,0.19,0.0647,0
active_human,407,109,108,1.25,0.72,0.11,0.29,0.1113,0
spambot,14,20,3383,59.16,0.23,0.89,0.86,0.0027,1
lurker_human,212,117,151,0.1,0.51,0.08,0.23,0.0412,0
lurker_human,892,141,223,0.14,0.44,0.11,0.12,0.0382,0
compromised_bot,1892,795,3840,19.12,0.6,0.74,0.68,0.0069,1
active_human,779,72,102,0.6,0.84,0.26,0.27,0.1106,0
lurker_human,253,89,295,0.08,0.55,0.04,0.2,0.0225,0
active_human,719,275,227,0.57,0.8,0.2,0.17,0.1152,0
active_human,329,218,201,0.6,0.87,0.08,0.14,0.0662,0
active_human,256,206,240,1.63,0.8,0.03,0.24,0.0923,0
active_human,545,106,99,2.08,0.88,0.04,0.28,0.1118,0
lurker_human,758,91,87,0.05,0.6,0.1,0.24,0.0443,0
compromised_bot,1994,549,7913,34.81,0.69,0.82,0.81,0.008,1
active_human,746,121,115,1.34,0.84,0.18,0.22,0.1094,0
follow_bot,37,46,3092,0.79,0.23,0.94,0.69,0.0005,1
active_human,791,85,121,0.65,0.51,0.18,0.37,0.0202,0
lurker_human,366,97,190,0.02,0.53,0.08,0.26,0.0235,0
active_human,349,185,236,2.49,0.88,0.04,0.28,0.077,0
active_human,814,96,152,0.86,0.9,0.15,0.32,0.025,0
active_human,920,289,394,0.47,0.99,0.16,0.16,0.0754,0
active_human,876,21,27,2.01,0.8,0.06,0.3,0.1042,0
active_human,370,467,516,2.25,0.94,0.02,0.16,0.0898,0
follow_bot,48,30,8775,0.12,0.52,0.98,0.59,0.001,1
spambot,19,72,7055,22.96,0.25,0.9,0.94,0.0003,1
creator_human,1965,22300,310,4.47,0.94,0.09,0.33,0.055,0
active_human,896,308,302,2.42,0.75,0.11,0.19,0.0425,0
active_human,897,99,133,2.49,0.9,0.25,0.13,0.0226,0
follow_bot,5,162,5950,1.47,0.24,0.91,0.77,0.0,1
spambot,8,29,6003,44.85,0.4,0.7,0.79,0.0024,1
creator_human,1882,74447,264,2.62,0.86,0.19,0.21,0.0411,0
follow_bot,35,176,3900,1.36,0.33,0.91,0.45,0.0013,1
lurker_human,906,62,140,0.02,0.63,0.06,0.19,0.0547,0
active_human,813,1908,2217,0.33,0.95,0.47,0.2,0.0881,0
follow_bot,31,141,6475,0.28,0.22,0.92,0.63,0.0,1
spambot,11,16,3745,25.05,0.23,0.97,0.94,0.0012,1
spambot,5,21,4110,44.17,0.19,0.85,0.77,0.0025,1
active_human,624,255,368,1.02,0.75,0.27,0.35,0.1146,0
creator_human,1942,8061,855,1.82,0.94,0.15,0.24,0.1123,0
active_human,554,868,831,2.08,0.77,0.09,0.37,0.034,0
active_human,110,168,158,0.89,0.89,0.28,0.14,0.0857,0
active_human,457,46,78,1.16,0.83,0.13,0.19,0.0638,0
creator_human,1350,24905,887,3.46,0.87,0.21,0.26,0.0585,0
follow_bot,13,45,6072,0.74,0.43,0.94,0.59,0.0014,1
active_human,801,430,305,0.99,0.84,0.03,0.23,0.1054,0
active_human,985,1166,1414,0.38,0.71,0.04,0.35,0.0704,0
follow_bot,32,59,8738,1.01,0.47,0.93,0.75,0.0007,1
lurker_human,680,131,192,0.05,0.5,0.09,0.05,0.0426,0
active_human,299,382,473,0.89,0.83,0.02,0.32,0.0746,0
spambot,23,5,5400,23.92,0.1,0.79,0.78,0.0023,1
compromised_bot,1593,659,7360,41.59,0.75,0.91,0.88,0.0039,1
spambot,19,23,6458,31.29,0.39,0.92,0.86,0.0013,1
active_human,410,454,459,1.1,0.85,0.11,0.16,0.0976,0
active_human,947,229,347,1.54,0.91,0.05,0.35,0.0907,0
active_human,1275,347,503,1.5,0.92,0.09,0.39,0.1102,0
active_human,647,553,677,0.24,0.88,0.21,0.13,0.0485,0
compromised_bot,2196,1407,5032,29.17,0.5,0.65,0.63,0.0066,1
active_human,492,297,330,2.02,0.61,0.01,0.26,0.0245,0
spambot,1,7,5468,39.66,0.34,0.82,0.97,0.0028,1
lurker_human,495,38,261,0.03,0.42,0.07,0.26,0.0479,0
creator_human,1184,14217,1003,1.56,0.91,0.14,0.17,0.0327,0
lurker_human,249,47,94,0.06,0.53,0.06,0.2,0.0538,0
active_human,202,243,307,1.33,0.78,0.27,0.39,0.0371,0
lurker_human,490,73,199,0.02,0.75,0.08,0.29,0.0549,0
creator_human,1247,17094,178,2.56,0.92,0.05,0.16,0.0816,0
active_human,414,568,616,2.06,0.84,0.09,0.32,0.0792,0
spambot,5,14,5471,18.19,0.4,0.83,0.97,0.0012,1
lurker_human,770,84,61,0.1,0.65,0.05,0.27,0.029,0
creator_human,733,3758,641,2.33,0.92,0.19,0.3,0.0812,0
active_human,453,571,514,0.92,0.89,0.1,0.24,0.1067,0
lurker_human,988,124,202,0.05,0.7,0.11,0.26,0.0154,0
spambot,9,17,2251,18.09,0.34,0.81,0.84,0.0006,1
creator_human,1608,62580,1052,1.17,0.85,0.16,0.16,0.1273,0
follow_bot,17,138,5198,0.48,0.55,0.86,0.5,0.0015,1
active_human,190,334,393,1.68,0.98,0.08,0.35,0.0598,0
lurker_human,197,27,350,0.04,0.46,0.07,0.1,0.0201,0
creator_human,1679,8199,1003,1.08,0.92,0.16,0.22,0.1103,0
follow_bot,21,34,4683,0.25,0.45,0.91,0.53,0.001,1
follow_bot,21,129,7227,0.92,0.57,0.92,0.73,0.0017,1
lurker_human,250,51,285,0.06,0.57,0.02,0.13,0.0172,0
active_human,467,363,448,2.44,0.89,0.1,0.26,0.0477,0
lurker_human,566,58,81,0.08,0.42,0.07,0.06,0.0276,0
active_human,700,313,406,2.02,0.72,0.03,0.23,0.118,0
active_human,433,176,128,1.13,0.75,0.33,0.31,0.0332,0
spambot,3,45,2816,33.87,0.19,0.87,0.94,0.0003,1
lurker_human,678,112,222,0.01,0.63,0.08,0.18,0.018,0
spambot,8,70,1806,30.35,0.17,0.79,0.79,0.0023,1
active_human,343,367,336,0.52,0.76,0.05,0.31,0.0437,0
creator_human,1777,10032,221,3.1,0.93,0.1,0.29,0.1494,0
active_human,375,510,442,0.29,0.81,0.17,0.21,0.069,0
spambot,10,12,5459,38.14,0.35,0.95,0.96,0.0005,1
creator_human,1207,2150,227,3.45,0.91,0.19,0.2,0.0933,0
follow_bot,15,65,4438,0.99,0.28,0.95,0.7,0.0004,1
spambot,41,20,4284,21.75,0.22,0.75,0.94,0.0004,1
active_human,977,149,179,1.69,0.89,0.15,0.14,0.0503,0
spambot,41,62,7455,15.43,0.4,0.73,0.95,0.0001,1
compromised_bot,1569,816,6226,31.22,0.6,0.68,0.68,0.0069,1
active_human,997,41,41,1.9,0.82,0.15,0.16,0.1135,0
lurker_human,407,41,265,0.08,0.68,0.05,0.24,0.0303,0
spambot,19,78,6858,17.76,0.23,0.92,0.97,0.002,1
compromised_bot,2129,989,6824,21.48,0.74,0.77,0.8,0.0059,1
creator_human,1139,9041,559,1.58,0.86,0.23,0.26,0.1133,0
active_human,465,205,219,1.38,0.8,0.15,0.37,0.06,0
active_human,499,248,249,0.45,0.81,0.15,0.36,0.0703,0
active_human,398,179,271,2.16,0.74,0.15,0.32,0.1144,0
active_human,271,506,602,2.46,0.66,0.13,0.2,0.1117,0
compromised_bot,2078,744,5859,11.03,0.82,0.77,0.84,0.0046,1
follow_bot,39,192,8772,1.31,0.32,0.94,0.42,0.0006,1
active_human,955,1149,1333,0.48,0.73,0.17,0.33,0.0671,0
spambot,17,60,4662,19.56,0.16,0.72,0.89,0.0029,1
spambot,21,78,4863,19.33,0.12,0.79,0.95,0.0018,1
lurker_human,486,48,280,0.08,0.75,0.02,0.11,0.0327,0
creator_human,1024,5484,494,1.7,0.95,0.08,0.33,0.1198,0
active_human,287,92,87,0.72,0.66,0.13,0.3,0.0703,0
active_human,793,319,221,1.58,0.49,0.22,0.34,0.1178,0
spambot,5,53,2949,34.64,0.35,0.87,0.79,0.0029,1
compromised_bot,1184,913,7364,17.97,0.85,0.75,0.87,0.004,1
spambot,36,6,7163,61.5,0.24,0.72,0.8,0.0028,1
lurker_human,256,52,315,0.11,0.49,0.07,0.26,0.0527,0
active_human,583,83,121,2.47,0.91,0.13,0.29,0.0588,0
active_human,314,123,147,2.25,0.53,0.21,0.26,0.0714,0
active_human,872,100,115,0.98,0.62,0.07,0.18,0.085,0
spambot,13,48,5354,29.65,0.37,0.96,0.87,0.0004,1
creator_human,841,2185,594,3.82,0.86,0.07,0.27,0.1407,0
spambot,19,17,5450,49.81,0.28,0.76,0.91,0.0015,1
active_human,149,329,346,0.24,0.7,0.01,0.4,0.0718,0
follow_bot,55,23,5496,0.32,0.57,0.92,0.74,0.0015,1
spambot,21,77,7215,53.92,0.33,0.93,0.91,0.0024,1
creator_human,977,35956,257,1.22,0.97,0.1,0.26,0.095,0
compromised_bot,804,1312,7355,19.74,0.68,0.73,0.73,0.0037,1
active_human,563,190,161,0.77,0.68,0.22,0.14,0.111,0
active_human,195,241,360,2.5,0.74,0.04,0.35,0.0298,0
lurker_human,761,100,225,0.15,0.57,0.1,0.26,0.0117,0
creator_human,1392,24417,209,4.25,0.99,0.17,0.22,0.0743,0
lurker_human,706,102,362,0.02,0.42,0.11,0.24,0.0271,0
active_human,189,165,191,2.47,0.92,0.04,0.23,0.0511,0
active_human,259,61,99,1.0,0.88,0.1,0.15,0.1174,0
lurker_human,457,46,182,0.11,0.44,0.08,0.09,0.0456,0
compromised_bot,1044,800,5883,10.33,0.8,0.7,0.67,0.0024,1
compromised_bot,1468,819,4397,33.17,0.77,0.81,0.83,0.0061,1
lurker_human,421,64,252,0.08,0.51,0.04,0.19,0.0265,0
follow_bot,30,89,8451,1.15,0.49,0.88,0.58,0.0002,1
creator_human,1702,33073,299,2.33,0.97,0.08,0.26,0.0961,0
follow_bot,55,92,5899,1.41,0.55,0.94,0.44,0.0011,1
compromised_bot,1379,1205,7142,41.7,0.8,0.81,0.86,0.0014,1
lurker_human,374,72,375,0.15,0.73,0.07,0.18,0.0554,0
spambot,2,46,2441,24.37,0.36,0.95,0.8,0.0008,1
follow_bot,45,135,6375,0.77,0.45,0.9,0.48,0.0006,1
active_human,1141,175,173,2.18,0.92,0.06,0.27,0.0391,0
spambot,2,34,7403,19.95,0.25,0.9,0.79,0.0023,1
compromised_bot,1373,436,3818,38.41,0.58,0.76,0.78,0.008,1
spambot,1,43,2098,53.79,0.19,0.94,0.82,0.0012,1
active_human,364,334,254,1.23,0.81,0.03,0.16,0.0723,0
creator_human,1216,11303,759,3.39,0.9,0.24,0.22,0.1177,0
spambot,3,15,2913,43.71,0.17,0.73,0.88,0.0005,1
spambot,30,12,5004,50.15,0.36,0.72,0.89,0.0019,1
lurker_human,276,111,193,0.12,0.53,0.02,0.16,0.0344,0
active_human,820,658,462,0.59,0.74,0.11,0.13,0.0714,0
active_human,344,70,96,1.13,0.71,0.06,0.17,0.1143,0
active_human,613,204,299,0.72,0.75,0.09,0.38,0.0754,0
lurker_human,535,125,336,0.09,0.54,0.01,0.08,0.0424,0
creator_human,1653,5170,701,4.41,0.94,0.19,0.2,0.0749,0
active_human,751,542,548,0.52,0.76,0.18,0.33,0.0715,0
follow_bot,27,23,7766,0.1,0.55,0.87,0.78,0.001,1
compromised_bot,2068,324,7323,39.25,0.63,0.91,0.87,0.003,1
compromised_bot,851,1304,6380,35.12,0.84,0.67,0.66,0.0035,1
active_human,189,794,1010,1.82,0.94,0.28,0.25,0.0983,0
spambot,11,35,5599,26.96,0.12,0.75,0.75,0.002,1
creator_human,1117,6134,147,1.33,0.96,0.05,0.24,0.0483,0
spambot,4,63,2993,57.68,0.42,0.96,0.98,0.0015,1
follow_bot,35,159,7853,0.59,0.44,0.92,0.76,0.0001,1
compromised_bot,1620,736,6824,38.97,0.73,0.94,0.76,0.0049,1
compromised_bot,1958,1416,3839,40.95,0.73,0.69,0.85,0.0032,1
spambot,11,16,7258,41.38,0.42,0.84,0.76,0.0014,1
compromised_bot,830,864,5938,11.26,0.6,0.84,0.6,0.0015,1
lurker_human,806,81,131,0.15,0.55,0.03,0.07,0.031,0
follow_bot,52,117,5278,0.56,0.5,0.97,0.51,0.0014,1
active_human,333,397,452,1.69,0.55,0.17,0.19,0.0436,0
spambot,24,61,4817,26.36,0.23,0.84,0.86,0.0,1
active_human,212,184,174,1.79,0.53,0.04,0.15,0.0974,0
compromised_bot,1805,908,5599,38.44,0.75,0.69,0.82,0.0044,1
follow_bot,51,65,8833,1.09,0.35,0.97,0.64,0.001,1
active_human,295,58,127,1.44,0.69,0.02,0.27,0.0689,0
active_human,505,252,184,1.61,0.68,0.07,0.13,0.0351,0
active_human,261,450,498,1.28,0.8,0.12,0.35,0.0569,0
spambot,22,49,4110,54.51,0.34,0.8,0.95,0.0019,1
active_human,170,94,168,1.42,0.76,0.19,0.35,0.073,0
creator_human,1966,38275,685,1.26,0.92,0.18,0.3,0.0332,0
active_human,329,145,211,1.03,0.9,0.0,0.18,0.0371,0
active_human,1556,234,214,2.32,0.75,0.11,0.25,0.0595,0
compromised_bot,1637,1112,5783,44.89,0.83,0.83,0.83,0.0018,1
spambot,10,43,3736,47.54,0.42,0.97,0.87,0.0013,1
active_human,1015,262,272,1.48,0.48,0.21,0.34,0.1036,0
active_human,265,285,290,1.29,0.7,0.09,0.39,0.1123,0
spambot,21,11,6162,49.35,0.38,0.8,0.8,0.001,1
active_human,489,126,138,1.97,0.73,0.11,0.36,0.0889,0
follow_bot,42,167,6798,1.44,0.26,0.92,0.78,0.0004,1
creator_human,761,14713,168,1.49,0.98,0.18,0.3,0.1189,0
spambot,39,23,5412,26.7,0.12,0.95,0.94,0.0021,1
active_human,413,110,129,1.8,0.9,0.15,0.23,0.0891,0
compromised_bot,1121,384,6623,41.79,0.81,0.67,0.78,0.0017,1
active_human,1093,122,130,0.99,0.88,0.16,0.24,0.0994,0
active_human,951,77,132,1.64,0.59,0.2,0.4,0.1197,0
active_human,534,415,542,0.53,0.91,0.32,0.12,0.0726,0
active_human,259,46,88,1.39,0.79,0.02,0.26,0.0804,0
active_human,487,225,244,2.45,0.74,0.01,0.28,0.1103,0
lurker_human,630,140,97,0.05,0.52,0.1,0.26,0.0209,0
lurker_human,414,147,53,0.09,0.65,0.02,0.3,0.0566,0
active_human,812,91,75,0.96,0.72,0.02,0.26,0.1059,0
active_human,194,28,61,1.1,0.7,0.19,0.25,0.0265,0
active_human,367,861,772,0.71,0.82,0.15,0.26,0.0272,0
spambot,12,23,4225,32.09,0.25,0.96,0.8,0.0001,1
compromised_bot,1004,1107,5857,20.01,0.68,0.68,0.69,0.0028,1
active_human,552,38,61,1.75,0.68,0.08,0.39,0.0394,0
creator_human,946,202074,125,3.31,0.98,0.16,0.23,0.0554,0
active_human,399,1013,1329,0.88,0.61,0.01,0.34,0.0275,0
follow_bot,34,141,5331,0.75,0.29,0.96,0.75,0.0017,1
active_human,180,175,172,1.65,0.7,0.15,0.14,0.0874,0
active_human,505,131,172,2.16,0.71,0.02,0.11,0.0682,0
spambot,4,44,3569,25.14,0.23,0.96,0.93,0.0011,1
active_human,342,296,296,1.61,0.92,0.03,0.1,0.0762,0
compromised_bot,1385,937,6306,42.01,0.79,0.85,0.82,0.0014,1
spambot,21,49,4814,54.49,0.32,0.86,0.87,0.0015,1
active_human,868,235,185,1.67,0.8,0.06,0.13,0.105,0
active_human,704,113,104,1.57,0.74,0.06,0.24,0.0907,0
active_human,700,182,276,1.63,0.88,0.11,0.35,0.101,0
lurker_human,681,117,109,0.07,0.4,0.11,0.08,0.0248,0
spambot,1,64,3171,62.34,0.21,0.73,0.96,0.0026,1
follow_bot,32,128,7133,0.22,0.54,0.95,0.45,0.0005,1
follow_bot,11,88,8988,0.71,0.29,0.89,0.6,0.0003,1
spambot,1,26,6385,40.51,0.19,0.83,0.88,0.0009,1
follow_bot,20,58,4389,0.81,0.42,0.94,0.72,0.0017,1
active_human,252,397,335,1.59,0.7,0.17,0.34,0.114,0
active_human,218,162,223,0.22,0.86,0.04,0.19,0.0654,0
active_human,670,57,77,2.04,0.87,0.02,0.32,0.0974,0
active_human,430,134,150,0.56,0.4,0.13,0.16,0.0716,0
active_human,909,289,285,1.87,0.93,0.06,0.26,0.0603,0
active_human,837,281,268,0.28,0.93,0.12,0.33,0.0526,0
lurker_human,543,44,93,0.12,0.48,0.04,0.13,0.018,0
active_human,817,91,90,1.38,0.7,0.12,0.39,0.0987,0
lurker_human,288,67,380,0.14,0.48,0.12,0.16,0.017,0
spambot,27,47,3007,63.35,0.29,0.71,0.83,0.0023,1
active_human,254,72,104,1.97,0.82,0.04,0.12,0.0677,0
compromised_bot,946,267,7738,24.09,0.58,0.81,0.75,0.0079,1
spambot,42,58,3331,51.89,0.41,0.71,0.97,0.0006,1
spambot,23,32,6453,61.33,0.33,0.74,0.89,0.001,1
compromised_bot,1639,1142,6568,38.02,0.65,0.79,0.89,0.0061,1
lurker_human,995,94,161,0.05,0.62,0.02,0.12,0.054,0
spambot,2,58,3198,22.08,0.42,0.85,0.97,0.0029,1
spambot,6,66,5269,43.67,0.22,0.83,0.85,0.0028,1
follow_bot,50,153,6396,0.2,0.44,0.97,0.61,0.0011,1
active_human,198,195,197,1.4,0.9,0.11,0.26,0.1177,0
follow_bot,39,46,4470,0.92,0.26,0.86,0.5,0.0003,1
active_human,611,811,624,0.34,0.91,0.1,0.12,0.0265,0
follow_bot,27,101,5717,1.02,0.3,0.85,0.67,0.0001,1
active_human,409,1132,851,1.7,0.85,0.05,0.12,0.1093,0
active_human,319,128,113,1.31,0.8,0.29,0.22,0.0327,0
active_human,349,461,587,0.84,0.91,0.07,0.17,0.105,0
active_human,393,1830,2043,0.93,0.91,0.26,0.13,0.0601,0
active_human,432,126,161,0.33,0.65,0.13,0.38,0.0647,0
active_human,482,214,200,0.56,0.75,0.08,0.31,0.0669,0
compromised_bot,993,838,3858,13.44,0.75,0.72,0.83,0.0073,1
active_human,448,737,640,0.28,0.63,0.04,0.29,0.0639,0
active_human,506,100,87,1.59,0.85,0.22,0.17,0.0499,0
compromised_bot,2323,558,6589,19.97,0.52,0.83,0.87,0.0079,1
active_human,509,344,311,2.16,0.89,0.03,0.21,0.0388,0
creator_human,1206,40165,511,2.22,0.92,0.21,0.26,0.0756,0
active_human,566,77,117,2.2,0.89,0.06,0.37,0.0786,0
follow_bot,24,188,6723,1.02,0.37,0.88,0.5,0.0005,1
spambot,7,35,1563,59.3,0.11,0.91,0.98,0.0019,1
lurker_human,524,115,165,0.03,0.58,0.1,0.21,0.034,0
follow_bot,22,125,6177,1.1,0.26,0.96,0.58,0.0003,1
creator_human,911,6094,1162,2.68,0.86,0.06,0.18,0.0855,0
compromised_bot,925,1229,6095,25.65,0.59,0.79,0.83,0.0041,1
lurker_human,291,140,377,0.05,0.73,0.01,0.2,0.0189,0
active_human,372,370,390,0.72,0.95,0.06,0.34,0.091,0
creator_human,1231,6523,1041,1.59,0.87,0.16,0.21,0.1225,0
active_human,882,61,114,1.14,0.86,0.21,0.26,0.1172,0
active_human,852,83,62,0.62,0.76,0.04,0.3,0.1065,0
spambot,7,61,4207,30.11,0.34,0.96,0.76,0.0002,1
lurker_human,457,26,283,0.12,0.67,0.09,0.13,0.0109,0
follow_bot,58,93,7440,0.12,0.48,0.87,0.77,0.0005,1
active_human,558,130,141,1.19,0.9,0.32,0.37,0.0993,0
creator_human,645,90599,567,2.62,0.97,0.2,0.15,0.0482,0
active_human,279,434,465,1.57,0.7,0.14,0.38,0.1163,0
active_human,1352,300,388,0.24,0.8,0.13,0.25,0.0774,0
creator_human,1253,47074,130,3.81,0.99,0.16,0.16,0.1154,0
compromised_bot,1863,1200,7927,24.35,0.59,0.93,0.78,0.0066,1
creator_human,764,3416,993,1.49,0.9,0.21,0.19,0.1369,0
creator_human,953,6323,274,3.35,0.99,0.21,0.16,0.0667,0
active_human,469,180,166,2.09,0.58,0.03,0.13,0.0739,0
spambot,33,25,7340,37.0,0.43,0.88,0.89,0.0026,1
active_human,1157,306,311,1.62,0.95,0.03,0.37,0.0679,0
follow_bot,6,111,6836,1.3,0.55,0.91,0.64,0.001,1
active_human,1243,232,281,1.07,0.9,0.26,0.29,0.0442,0
spambot,27,32,5393,20.21,0.21,0.89,0.97,0.0018,1
active_human,389,891,801,0.75,0.67,0.17,0.13,0.0286,0
lurker_human,509,93,240,0.11,0.61,0.1,0.22,0.0194,0
active_human,834,492,391,0.31,0.96,0.09,0.26,0.1135,0
follow_bot,47,124,4461,1.17,0.47,0.96,0.54,0.0,1
active_human,462,586,683,0.31,0.54,0.1,0.2,0.0956,0
active_human,925,190,160,0.82,0.93,0.1,0.28,0.1174,0
spambot,33,61,5677,18.04,0.37,0.83,0.95,0.0014,1
active_human,443,288,242,0.54,0.78,0.22,0.22,0.0927,0
creator_human,2940,5096,645,3.72,0.94,0.11,0.19,0.0434,0
creator_human,1713,41881,1023,3.49,0.99,0.12,0.24,0.0643,0
active_human,420,110,135,2.04,0.93,0.23,0.17,0.0803,0
lurker_human,1788,103,158,0.02,0.75,0.07,0.28,0.0304,0
creator_human,927,13845,1192,3.84,0.89,0.21,0.28,0.0443,0
creator_human,1077,23861,1136,3.92,0.88,0.17,0.25,0.0958,0
active_human,1447,637,745,1.85,0.95,0.12,0.13,0.0557,0
follow_bot,56,20,8536,1.42,0.53,0.9,0.41,0.0011,1
creator_human,784,50705,814,2.88,0.86,0.1,0.3,0.0765,0
creator_human,1717,14100,723,1.55,0.91,0.15,0.15,0.1211,0
follow_bot,35,30,8500,0.76,0.39,0.94,0.79,0.0011,1
active_human,164,860,743,2.04,0.91,0.12,0.13,0.1152,0
active_human,864,201,157,1.74,0.82,0.1,0.35,0.1147,0
active_human,761,134,174,2.17,0.8,0.05,0.23,0.0624,0
follow_bot,28,96,4776,0.67,0.22,0.89,0.67,0.0001,1
follow_bot,54,96,7852,1.38,0.37,0.91,0.58,0.0015,1
creator_human,1761,6231,108,1.48,0.91,0.16,0.29,0.0775,0
creator_human,2275,7348,406,1.99,0.95,0.07,0.19,0.1193,0
active_human,538,163,243,1.18,0.76,0.12,0.33,0.0826,0
active_human,639,122,126,0.26,0.85,0.19,0.38,0.0782,0
active_human,125,46,52,0.6,0.87,0.3,0.2,0.0962,0
active_human,308,69,71,1.24,0.8,0.11,0.29,0.0651,0
spambot,14,67,1887,64.85,0.25,0.86,0.85,0.0003,1
follow_bot,51,110,8313,0.78,0.52,0.97,0.53,0.0,1
follow_bot,30,134,8604,1.1,0.38,0.98,0.43,0.0008,1
active_human,291,672,630,1.83,0.76,0.17,0.17,0.0382,0
active_human,239,295,260,1.61,0.85,0.05,0.16,0.044,0
follow_bot,29,43,5499,0.22,0.5,0.94,0.6,0.0001,1
active_human,611,396,494,1.25,0.51,0.05,0.11,0.0729,0
spambot,15,73,6089,55.82,0.34,0.87,0.83,0.0026,1
spambot,35,57,4489,40.42,0.15,0.85,0.91,0.0015,1
creator_human,1707,9740,673,1.68,0.9,0.15,0.3,0.0661,0
spambot,30,51,2829,47.87,0.4,0.9,0.77,0.0005,1
active_human,449,260,275,0.75,0.68,0.21,0.31,0.0694,0
active_human,449,360,306,1.37,0.75,0.29,0.24,0.0837,0
active_human,877,39,66,1.07,0.84,0.24,0.37,0.0326,0
compromised_bot,1336,273,4810,44.15,0.56,0.67,0.79,0.0017,1
lurker_human,725,38,385,0.11,0.44,0.05,0.25,0.0164,0
active_human,706,60,76,1.67,0.83,0.05,0.18,0.0553,0
creator_human,1073,20869,140,4.43,0.97,0.09,0.19,0.0313,0
follow_bot,11,189,7903,0.7,0.41,0.96,0.45,0.0007,1
creator_human,773,18564,1163,3.3,0.99,0.24,0.32,0.1223,0
lurker_human,597,125,329,0.15,0.41,0.06,0.1,0.0403,0
creator_human,1129,22834,1037,2.87,0.89,0.12,0.34,0.0521,0
follow_bot,34,78,6853,0.97,0.37,0.92,0.72,0.0016,1
creator_human,1577,23923,247,1.34,0.95,0.17,0.17,0.0385,0
active_human,248,214,292,2.19,0.74,0.21,0.31,0.0788,0
creator_human,1087,48817,623,1.53,0.99,0.22,0.28,0.0863,0
lurker_human,633,44,351,0.08,0.73,0.09,0.15,0.0416,0
creator_human,495,79655,823,3.03,0.88,0.24,0.28,0.0887,0
follow_bot,18,75,3163,0.82,0.25,0.99,0.45,0.0019,1
active_human,628,1453,958,2.35,0.94,0.02,0.24,0.0655,0
active_human,1139,225,209,2.4,0.51,0.03,0.33,0.0627,0
active_human,286,78,87,1.38,0.84,0.07,0.26,0.0733,0
active_human,395,225,307,1.23,0.94,0.13,0.28,0.03,0
spambot,46,76,5384,50.63,0.15,0.72,0.95,0.0021,1
compromised_bot,1221,466,6880,22.16,0.7,0.9,0.66,0.0028,1
lurker_human,686,88,357,0.05,0.57,0.12,0.14,0.046,0
spambot,31,26,6334,59.38,0.34,0.75,0.91,0.0005,1
active_human,1503,152,198,2.24,0.85,0.04,0.29,0.0972,0
spambot,3,27,4020,42.51,0.33,0.93,0.92,0.0004,1
active_human,1205,230,231,0.38,0.48,0.09,0.25,0.0317,0
lurker_human,499,70,72,0.08,0.58,0.03,0.06,0.0572,0
active_human,1026,313,328,1.33,0.85,0.02,0.26,0.1096,0
compromised_bot,918,810,4419,22.04,0.52,0.88,0.64,0.0071,1
lurker_human,526,125,312,0.12,0.57,0.05,0.06,0.0339,0
follow_bot,41,27,6604,0.86,0.57,0.91,0.44,0.0014,1
lurker_human,179,91,298,0.09,0.62,0.11,0.06,0.0231,0
follow_bot,22,148,8286,1.34,0.58,0.9,0.52,0.0019,1
creator_human,954,6197,1150,2.07,0.94,0.15,0.34,0.0966,0
active_human,455,270,302,0.51,0.84,0.01,0.33,0.1083,0
active_human,337,312,349,1.35,0.89,0.1,0.13,0.0765,0
active_human,495,56,98,2.25,0.87,0.21,0.3,0.0566,0
active_human,409,364,314,2.04,0.85,0.17,0.33,0.0265,0
creator_human,1500,69811,432,1.44,0.97,0.18,0.31,0.07,0
lurker_human,976,98,349,0.01,0.67,0.05,0.12,0.0331,0
active_human,360,498,477,0.32,0.78,0.07,0.3,0.1083,0
compromised_bot,2169,283,5947,25.07,0.55,0.89,0.83,0.0078,1
active_human,851,181,217,1.14,0.96,0.13,0.38,0.0654,0
lurker_human,568,60,273,0.09,0.52,0.02,0.14,0.0187,0
lurker_human,123,148,129,0.06,0.67,0.03,0.25,0.0496,0
active_human,989,288,245,0.63,0.81,0.18,0.27,0.0325,0
follow_bot,15,42,6454,1.04,0.24,0.99,0.45,0.0013,1
creator_human,1706,1826,922,3.08,0.87,0.2,0.26,0.1464,0
active_human,279,311,313,1.18,0.81,0.01,0.14,0.036,0
active_human,408,243,290,0.5,0.93,0.11,0.25,0.0957,0
follow_bot,57,98,3724,1.42,0.53,0.9,0.54,0.0007,1
creator_human,1757,6484,144,1.61,0.98,0.09,0.21,0.1117,0
spambot,9,57,2421,23.94,0.15,0.94,0.81,0.0008,1
lurker_human,491,84,227,0.11,0.57,0.11,0.3,0.0364,0
compromised_bot,1074,809,6513,22.31,0.71,0.8,0.82,0.0079,1
lurker_human,289,138,120,0.12,0.61,0.06,0.28,0.0369,0
spambot,16,10,5152,64.45,0.23,0.75,0.93,0.0026,1
active_human,420,393,507,0.54,0.64,0.11,0.23,0.0937,0
active_human,316,46,76,1.37,0.86,0.14,0.26,0.0788,0
active_human,206,226,294,1.54,0.79,0.23,0.13,0.0612,0
follow_bot,45,150,5695,0.24,0.25,0.87,0.4,0.0003,1
active_human,371,253,262,0.43,0.95,0.11,0.38,0.0754,0
active_human,419,459,295,1.51,0.92,0.08,0.24,0.1151,0
active_human,691,144,144,1.13,0.66,0.07,0.35,0.0232,0
spambot,5,14,2208,24.52,0.35,0.74,0.93,0.0015,1
follow_bot,52,67,6240,0.9,0.39,0.87,0.49,0.0016,1
active_human,777,234,231,2.05,0.75,0.16,0.36,0.1066,0
active_human,146,246,310,1.59,0.76,0.07,0.15,0.1123,0
active_human,748,413,561,1.96,0.64,0.05,0.18,0.1075,0
lurker_human,155,32,348,0.13,0.61,0.11,0.11,0.0464,0
active_human,203,463,548,0.56,0.97,0.05,0.39,0.0716,0
lurker_human,484,36,214,0.14,0.58,0.04,0.13,0.0103,0
compromised_bot,1527,545,6783,39.85,0.62,0.71,0.73,0.0075,1
follow_bot,37,193,7432,0.79,0.36,0.9,0.63,0.0006,1
follow_bot,36,133,6094,0.68,0.55,0.99,0.56,0.001,1
active_human,576,189,166,0.48,0.86,0.25,0.14,0.0247,0
creator_human,767,9177,260,1.63,0.93,0.08,0.19,0.059,0
spambot,18,41,2855,61.04,0.42,0.94,0.86,0.003,1
active_human,742,350,371,0.55,0.92,0.01,0.27,0.0691,0
creator_human,985,16750,707,1.49,0.98,0.16,0.18,0.1078,0
active_human,550,219,196,1.47,0.83,0.18,0.36,0.0627,0
active_human,1007,79,76,2.41,0.44,0.09,0.39,0.0903,0
spambot,9,70,2807,59.25,0.32,0.77,0.79,0.0022,1
active_human,834,301,350,1.22,0.69,0.02,0.12,0.0694,0
active_human,378,90,103,1.58,0.77,0.12,0.28,0.067,0
lurker_human,462,94,330,0.09,0.45,0.08,0.07,0.0172,0
active_human,1123,549,730,1.14,0.81,0.09,0.12,0.0554,0
active_human,501,279,375,1.49,0.55,0.03,0.2,0.0331,0
follow_bot,51,56,6533,0.8,0.42,0.88,0.69,0.0005,1
active_human,1051,429,329,2.43,0.84,0.07,0.21,0.0615,0
creator_human,935,10132,127,3.0,0.99,0.16,0.29,0.0528,0
compromised_bot,1401,548,4362,43.14,0.66,0.92,0.78,0.007,1
spambot,14,35,3037,21.05,0.29,0.82,0.85,0.0008,1
follow_bot,55,42,6656,0.47,0.32,0.97,0.55,0.0005,1
follow_bot,18,102,5866,0.9,0.43,0.86,0.7,0.0006,1
active_human,472,183,221,1.86,0.56,0.19,0.16,0.0613,0
follow_bot,12,73,5660,0.24,0.25,0.88,0.47,0.002,1
active_human,465,194,220,0.27,0.8,0.03,0.2,0.0542,0
active_human,829,437,437,2.32,0.61,0.14,0.23,0.0236,0
creator_human,1814,25577,845,1.53,0.96,0.09,0.29,0.1263,0
active_human,817,720,816,0.39,0.84,0.23,0.25,0.0577,0
spambot,13,54,4274,24.1,0.2,0.88,0.98,0.0026,1
active_human,560,188,219,1.56,0.8,0.18,0.3,0.0629,0
follow_bot,41,196,8870,0.94,0.5,0.87,0.61,0.0009,1
lurker_human,696,102,227,0.15,0.57,0.1,0.07,0.0377,0
active_human,366,233,271,1.08,0.92,0.01,0.4,0.037,0
active_human,901,171,262,2.35,0.75,0.09,0.14,0.0995,0
active_human,527,47,86,2.44,0.88,0.24,0.39,0.1,0
lurker_human,683,132,375,0.12,0.71,0.08,0.15,0.0278,0
active_human,1276,231,156,0.62,0.93,0.07,0.16,0.0429,0
compromised_bot,1498,733,7465,29.42,0.54,0.66,0.76,0.0018,1
active_human,142,237,352,2.15,0.84,0.11,0.22,0.0781,0
compromised_bot,2101,1473,6374,23.46,0.57,0.73,0.86,0.0021,1
active_human,587,615,801,1.02,0.67,0.12,0.37,0.0267,0
compromised_bot,1062,1241,4206,20.91,0.64,0.84,0.78,0.0022,1
compromised_bot,1274,719,7078,31.66,0.81,0.78,0.62,0.001,1
active_human,343,361,424,1.25,0.87,0.18,0.26,0.0307,0
creator_human,1246,31220,301,4.16,0.97,0.21,0.26,0.0776,0
active_human,826,131,176,1.48,0.78,0.06,0.24,0.0461,0
follow_bot,35,147,7446,0.72,0.5,0.97,0.48,0.0004,1
creator_human,2186,4268,1013,3.86,0.94,0.18,0.34,0.0375,0
active_human,315,503,498,1.03,0.77,0.23,0.33,0.0321,0
compromised_bot,1296,1131,6598,42.29,0.66,0.88,0.82,0.007,1
active_human,368,292,224,1.88,0.81,0.13,0.31,0.0272,0
active_human,803,307,379,1.62,0.99,0.12,0.1,0.1116,0
active_human,420,189,188,0.94,0.79,0.09,0.11,0.1111,0
active_human,208,430,328,1.53,0.6,0.26,0.11,0.0457,0
spambot,29,10,5468,23.26,0.38,0.9,0.89,0.0014,1
follow_bot,21,50,3605,0.44,0.23,0.96,0.63,0.0004,1
compromised_bot,1241,1487,6596,41.2,0.75,0.68,0.63,0.0043,1
active_human,234,160,258,0.61,0.83,0.18,0.37,0.1091,0
spambot,26,42,6661,58.42,0.26,0.76,0.97,0.0014,1
creator_human,1649,10608,1115,3.2,0.94,0.11,0.2,0.0503,0
follow_bot,58,100,3447,1.31,0.54,0.99,0.66,0.0005,1
follow_bot,25,189,3769,0.62,0.39,0.91,0.55,0.0013,1
active_human,371,108,174,1.43,0.57,0.02,0.29,0.0406,0
active_human,776,216,173,0.45,0.96,0.11,0.22,0.0228,0
active_human,677,318,296,0.44,0.72,0.13,0.4,0.0785,0
compromised_bot,2399,342,3725,13.84,0.76,0.67,0.63,0.0054,1
lurker_human,524,52,167,0.08,0.57,0.02,0.06,0.0439,0
lurker_human,227,26,133,0.08,0.51,0.1,0.22,0.0228,0
lurker_human,808,28,375,0.02,0.73,0.01,0.17,0.0244,0
compromised_bot,1069,964,7934,44.56,0.51,0.67,0.82,0.0013,1
active_human,1198,1806,1148,1.79,0.79,0.13,0.21,0.0684,0
lurker_human,544,77,130,0.14,0.49,0.11,0.07,0.0419,0
creator_human,1067,7689,568,4.31,0.97,0.25,0.19,0.0325,0
compromised_bot,1060,312,6813,10.14,0.73,0.86,0.7,0.0043,1
active_human,506,359,328,0.64,0.83,0.02,0.2,0.104,0
creator_human,825,37698,1134,3.55,0.99,0.2,0.26,0.1005,0
active_human,262,75,77,1.26,0.91,0.07,0.23,0.0748,0
creator_human,709,5767,199,1.36,0.91,0.07,0.2,0.1274,0
active_human,885,388,486,2.44,0.88,0.05,0.23,0.0716,0
lurker_human,1137,107,130,0.06,0.59,0.02,0.27,0.0538,0
creator_human,1026,68429,905,2.24,0.99,0.17,0.35,0.0819,0
active_human,904,84,134,0.94,0.57,0.02,0.37,0.0726,0
spambot,22,32,2487,54.66,0.2,0.71,0.85,0.0005,1
active_human,704,131,182,1.92,0.76,0.19,0.22,0.0492,0
compromised_bot,1716,519,6494,26.79,0.66,0.65,0.64,0.004,1
compromised_bot,1790,723,6031,17.53,0.51,0.73,0.7,0.0071,1
active_human,305,235,239,1.73,0.76,0.15,0.24,0.1046,0
lurker_human,493,108,145,0.05,0.42,0.05,0.06,0.0516,0
creator_human,969,4564,881,1.94,0.96,0.13,0.28,0.1056,0
follow_bot,7,31,5749,0.21,0.44,0.97,0.66,0.0012,1
spambot,19,41,3088,17.2,0.31,0.76,0.81,0.002,1
lurker_human,177,127,392,0.02,0.46,0.05,0.23,0.0175,0
active_human,1557,608,575,1.51,0.84,0.23,0.28,0.0473,0
lurker_human,225,91,237,0.03,0.57,0.03,0.27,0.0449,0
active_human,478,335,388,0.69,0.8,0.06,0.23,0.0787,0
compromised_bot,2454,261,6343,15.87,0.5,0.86,0.61,0.002,1
creator_human,1078,8548,1082,4.18,0.96,0.22,0.31,0.0626,0
follow_bot,23,36,4978,0.96,0.35,0.95,0.49,0.0005,1
follow_bot,59,40,8395,0.59,0.46,0.96,0.6,0.0005,1
spambot,2,42,6080,42.41,0.4,0.75,0.96,0.0016,1
creator_human,965,82699,175,3.37,0.86,0.07,0.25,0.0616,0
lurker_human,324,75,273,0.14,0.65,0.08,0.07,0.035,0
follow_bot,31,128,7090,1.15,0.55,0.89,0.61,0.0018,1
follow_bot,25,36,5885,0.66,0.49,0.92,0.54,0.0016,1
spambot,7,12,6072,63.25,0.37,0.97,0.79,0.0026,1
compromised_bot,2255,1291,7208,32.39,0.73,0.79,0.77,0.0069,1
active_human,598,160,163,0.77,0.76,0.07,0.18,0.0329,0
active_human,407,62,83,0.82,0.7,0.02,0.36,0.0717,0
creator_human,849,36014,290,1.46,0.98,0.15,0.19,0.0536,0
lurker_human,714,97,54,0.1,0.45,0.06,0.08,0.0351,0
active_human,717,271,203,1.87,0.67,0.12,0.14,0.0841,0
spambot,2,30,2794,34.27,0.4,0.98,0.93,0.0,1
compromised_bot,2433,955,5840,20.96,0.69,0.87,0.89,0.0074,1
active_human,779,263,224,1.07,0.69,0.21,0.38,0.0582,0
spambot,13,72,6962,39.98,0.29,0.83,0.78,0.0027,1
follow_bot,14,119,5973,0.6,0.21,0.86,0.61,0.0001,1
active_human,711,209,192,2.39,0.47,0.05,0.37,0.1175,0
lurker_human,958,124,249,0.14,0.66,0.03,0.27,0.011,0
creator_human,1791,3836,1150,2.66,0.96,0.1,0.32,0.1185,0
active_human,543,105,105,1.23,0.7,0.3,0.16,0.0916,0
compromised_bot,1414,689,3769,14.35,0.84,0.76,0.77,0.0078,1
lurker_human,901,110,174,0.08,0.47,0.09,0.12,0.0516,0
active_human,371,467,348,0.43,0.89,0.32,0.14,0.0985,0
active_human,190,275,265,2.02,0.82,0.15,0.16,0.0412,0
lurker_human,944,62,297,0.05,0.61,0.12,0.28,0.0463,0
active_human,464,783,893,0.92,0.87,0.17,0.18,0.0238,0
spambot,46,5,7319,45.91,0.38,0.93,0.93,0.0,1
compromised_bot,978,846,4286,29.43,0.83,0.92,0.61,0.0035,1
spambot,1,67,6046,19.33,0.25,0.84,0.84,0.0014,1
follow_bot,37,129,3800,1.19,0.24,0.91,0.41,0.0014,1
spambot,17,36,6279,64.37,0.19,0.93,0.77,0.0006,1
spambot,1,10,5863,45.78,0.34,0.9,0.96,0.001,1
active_human,225,150,141,2.32,0.77,0.18,0.15,0.1057,0
active_human,300,255,237,2.11,0.84,0.08,0.35,0.0337,0
active_human,652,467,331,1.93,0.77,0.09,0.18,0.0836,0
follow_bot,42,55,4983,0.39,0.31,0.98,0.77,0.0003,1
spambot,1,16,3695,56.22,0.31,0.74,0.97,0.0004,1
active_human,515,25,42,0.8,0.56,0.07,0.21,0.0608,0
active_human,546,630,749,1.5,0.46,0.16,0.36,0.1104,0
active_human,1427,68,86,1.17,0.96,0.03,0.39,0.0453,0
active_human,260,168,156,1.25,0.73,0.01,0.26,0.0441,0
lurker_human,1366,24,253,0.15,0.69,0.11,0.26,0.0415,0
follow_bot,36,155,6542,0.27,0.59,0.86,0.57,0.001,1
spambot,26,24,7477,16.44,0.45,0.88,0.95,0.0012,1
active_human,1363,139,204,1.06,0.82,0.0,0.16,0.0234,0
follow_bot,26,106,6636,1.43,0.23,0.9,0.47,0.002,1
lurker_human,640,94,245,0.1,0.46,0.07,0.28,0.0565,0
active_human,232,260,277,1.17,0.83,0.16,0.33,0.0984,0
active_human,1397,308,296,0.38,0.88,0.06,0.35,0.0471,0
active_human,553,601,805,1.95,0.94,0.09,0.15,0.0873,0
active_human,489,78,82,1.04,0.91,0.04,0.18,0.066,0
lurker_human,533,78,145,0.04,0.49,0.09,0.13,0.0186,0
lurker_human,454,101,225,0.05,0.66,0.02,0.23,0.0231,0
spambot,27,72,5623,23.35,0.36,0.75,0.75,0.0002,1
active_human,314,279,303,0.94,0.65,0.04,0.37,0.027,0
active_human,314,408,398,1.44,0.93,0.09,0.3,0.0883,0
compromised_bot,2261,1114,6596,26.48,0.6,0.7,0.82,0.0041,1
active_human,634,50,99,0.57,0.94,0.07,0.32,0.0481,0
active_human,538,409,480,2.04,0.74,0.05,0.15,0.0233,0
active_human,637,725,519,0.43,0.71,0.01,0.32,0.0463,0
spambot,2,43,3751,50.95,0.44,0.88,0.96,0.0001,1
lurker_human,790,135,168,0.05,0.58,0.08,0.08,0.025,0
active_human,717,241,352,0.59,0.96,0.11,0.2,0.0274,0
creator_human,513,4468,1098,1.18,0.96,0.16,0.29,0.0681,0
active_human,288,1103,890,0.57,0.63,0.32,0.2,0.0203,0
active_human,386,1096,881,2.33,0.88,0.05,0.12,0.0957,0
creator_human,1443,51612,1051,1.5,0.9,0.05,0.23,0.0409,0
spambot,37,10,5216,32.28,0.26,0.75,0.86,0.0022,1
compromised_bot,1344,303,7469,25.22,0.51,0.81,0.84,0.0013,1
lurker_human,532,23,192,0.03,0.74,0.04,0.09,0.0291,0
active_human,539,432,446,1.49,0.66,0.29,0.26,0.098,0
spambot,7,16,6460,36.69,0.34,0.93,0.98,0.0012,1
spambot,13,60,4667,30.28,0.4,0.93,0.95,0.0001,1
compromised_bot,2153,339,5663,14.61,0.58,0.93,0.66,0.0034,1
active_human,716,353,336,0.51,0.94,0.13,0.28,0.0969,0
spambot,56,28,2503,28.65,0.17,0.79,0.93,0.002,1
active_human,664,280,397,0.74,0.68,0.01,0.36,0.0666,0
spambot,27,7,6255,45.11,0.2,0.85,0.93,0.0025,1
active_human,298,335,431,0.78,0.61,0.07,0.19,0.0591,0
active_human,227,281,214,1.94,0.89,0.23,0.34,0.0793,0
active_human,374,577,589,1.04,0.92,0.05,0.13,0.0756,0
compromised_bot,2418,1284,4784,41.82,0.76,0.81,0.76,0.0078,1
active_human,319,98,124,0.86,0.74,0.12,0.38,0.0403,0
lurker_human,266,131,99,0.04,0.71,0.1,0.16,0.022,0
active_human,364,227,244,2.07,0.88,0.09,0.29,0.1045,0
spambot,13,37,1705,39.89,0.27,0.8,0.95,0.0009,1
active_human,749,102,173,0.5,0.8,0.2,0.35,0.0456,0
active_human,247,145,170,2.01,0.72,0.01,0.35,0.0407,0
lurker_human,108,64,131,0.11,0.56,0.11,0.18,0.0594,0
spambot,33,16,5606,17.27,0.31,0.91,0.96,0.0025,1
follow_bot,47,171,3723,1.46,0.51,0.94,0.58,0.0002,1
active_human,675,233,231,1.15,0.78,0.15,0.14,0.0746,0
creator_human,1133,2378,585,4.18,0.86,0.23,0.21,0.0898,0
creator_human,1361,41189,574,1.46,0.89,0.13,0.24,0.1075,0
creator_human,1257,14542,855,2.42,0.92,0.17,0.16,0.0337,0
active_human,650,155,204,0.76,0.76,0.21,0.27,0.0499,0
active_human,925,666,513,0.94,0.92,0.13,0.21,0.0838,0
active_human,467,253,299,0.97,0.92,0.05,0.24,0.0296,0
active_human,598,427,493,2.4,0.93,0.11,0.4,0.0918,0
compromised_bot,1756,612,4201,15.96,0.66,0.66,0.86,0.0076,1
spambot,13,14,6098,28.36,0.35,0.85,0.78,0.0028,1
creator_human,1114,6136,189,1.02,0.88,0.11,0.15,0.1114,0
lurker_human,271,66,238,0.03,0.52,0.09,0.21,0.06,0
active_human,1243,148,140,1.71,0.75,0.15,0.14,0.0324,0
spambot,2,67,7136,15.16,0.38,0.85,0.77,0.0021,1
spambot,18,45,4846,54.19,0.37,0.84,0.77,0.002,1
creator_human,3192,5382,497,1.17,0.99,0.15,0.25,0.0734,0
compromised_bot,1487,862,4216,18.14,0.71,0.83,0.79,0.0034,1
active_human,651,27,65,0.63,0.83,0.2,0.32,0.0996,0
creator_human,499,11198,336,3.41,0.99,0.12,0.24,0.072,0
active_human,271,129,163,1.47,0.75,0.21,0.12,0.035,0
spambot,32,40,5207,24.69,0.36,0.71,0.92,0.0024,1
active_human,1164,270,350,1.75,0.87,0.02,0.12,0.0746,0
lurker_human,396,44,352,0.02,0.43,0.1,0.19,0.02,0
lurker_human,265,46,217,0.08,0.58,0.05,0.06,0.0562,0
creator_human,512,10501,608,2.95,0.93,0.09,0.16,0.0553,0
active_human,312,489,566,1.7,0.71,0.01,0.36,0.1026,0
active_human,252,184,248,0.41,0.93,0.09,0.21,0.0322,0
active_human,330,267,289,0.84,0.59,0.07,0.39,0.0915,0
compromised_bot,2245,1111,6667,43.21,0.59,0.84,0.89,0.0026,1
compromised_bot,1678,484,7494,13.01,0.69,0.93,0.65,0.0029,1
active_human,614,191,243,1.61,0.85,0.04,0.21,0.0275,0
lurker_human,514,128,268,0.1,0.45,0.11,0.19,0.0445,0
creator_human,1283,13248,949,4.13,0.87,0.12,0.19,0.0503,0
lurker_human,430,58,144,0.08,0.65,0.02,0.24,0.0238,0
spambot,6,8,2267,44.91,0.17,0.82,0.92,0.003,1
creator_human,941,2316,708,4.4,0.92,0.18,0.18,0.0571,0
creator_human,903,6691,1126,3.49,0.85,0.23,0.17,0.0488,0
active_human,872,571,503,1.02,0.25,0.05,0.35,0.0933,0
compromised_bot,1167,418,4972,38.13,0.7,0.73,0.73,0.0075,1
spambot,12,18,7499,16.53,0.41,0.91,0.94,0.0016,1
spambot,16,38,2108,35.94,0.21,0.92,0.8,0.0005,1
active_human,240,437,417,0.48,0.95,0.07,0.13,0.0244,0
active_human,1062,201,167,1.76,0.67,0.16,0.11,0.0734,0
follow_bot,30,124,8696,0.46,0.5,0.98,0.73,0.0009,1
active_human,235,124,129,1.32,0.57,0.45,0.15,0.0494,0
active_human,275,524,618,1.93,0.74,0.17,0.38,0.119,0
active_human,1179,503,388,0.9,0.9,0.08,0.24,0.1,0
compromised_bot,994,415,7789,20.59,0.63,0.89,0.64,0.007,1
active_human,237,160,227,2.06,0.61,0.03,0.29,0.0986,0
lurker_human,664,81,312,0.12,0.43,0.08,0.08,0.0424,0
active_human,473,498,667,2.34,0.99,0.16,0.35,0.0525,0
lurker_human,983,82,171,0.13,0.73,0.08,0.25,0.0202,0
active_human,590,293,369,1.87,0.65,0.11,0.15,0.1176,0
creator_human,1252,159608,862,4.03,0.86,0.13,0.3,0.1199,0
active_human,676,1125,1395,2.0,0.98,0.23,0.32,0.0299,0
lurker_human,391,138,117,0.07,0.59,0.04,0.26,0.0557,0
lurker_human,171,145,225,0.04,0.55,0.12,0.22,0.0566,0
active_human,364,57,101,0.54,0.98,0.05,0.26,0.033,0
active_human,1097,120,159,1.76,0.71,0.02,0.19,0.0433,0
lurker_human,1194,146,52,0.05,0.43,0.01,0.18,0.0468,0
active_human,936,508,537,0.32,0.75,0.05,0.27,0.0858,0
spambot,7,32,5344,29.88,0.38,0.75,0.87,0.0019,1
lurker_human,986,81,247,0.11,0.54,0.06,0.21,0.0441,0
lurker_human,581,28,283,0.11,0.56,0.04,0.08,0.0112,0
creator_human,3103,15400,883,3.23,0.99,0.22,0.21,0.1442,0
active_human,508,229,319,2.46,0.66,0.09,0.19,0.0905,0
follow_bot,56,147,8299,0.57,0.26,0.96,0.6,0.0003,1
active_human,360,751,560,1.18,0.73,0.03,0.18,0.0219,0
lurker_human,313,45,69,0.11,0.67,0.07,0.06,0.0163,0
compromised_bot,1081,1363,5992,31.17,0.82,0.89,0.85,0.0041,1
active_human,132,243,282,0.4,0.85,0.19,0.31,0.0331,0
compromised_bot,1657,477,5444,22.95,0.53,0.95,0.63,0.0016,1
active_human,449,820,1013,1.42,0.96,0.05,0.35,0.1091,0
compromised_bot,1229,304,6282,11.17,0.77,0.71,0.88,0.0068,1
spambot,18,41,3150,54.89,0.39,0.73,0.83,0.0009,1
active_human,275,980,934,0.91,0.94,0.06,0.14,0.0836,0
active_human,362,208,245,0.98,0.65,0.21,0.16,0.0388,0
active_human,519,1850,2285,2.45,0.87,0.05,0.25,0.097,0
compromised_bot,1102,337,6105,20.98,0.61,0.81,0.85,0.0071,1
active_human,551,592,592,2.0,0.51,0.21,0.34,0.0358,0
compromised_bot,1432,1025,3847,31.91,0.78,0.66,0.73,0.0052,1
active_human,356,135,154,1.45,0.91,0.05,0.29,0.1159,0
compromised_bot,2178,464,3569,38.73,0.7,0.87,0.66,0.0062,1
active_human,999,113,112,0.94,0.58,0.35,0.37,0.067,0
spambot,5,52,1552,51.3,0.21,0.97,0.8,0.0016,1
active_human,573,248,206,1.75,0.59,0.19,0.27,0.102,0
follow_bot,55,136,3739,0.23,0.36,0.97,0.73,0.0016,1
spambot,8,52,3792,50.83,0.2,0.73,0.97,0.0029,1
creator_human,2088,11904,734,2.5,0.85,0.2,0.26,0.0324,0
creator_human,954,6796,1149,3.87,0.95,0.18,0.22,0.0312,0
follow_bot,55,35,4737,0.92,0.27,0.94,0.4,0.0007,1
spambot,2,64,2761,51.41,0.16,0.76,0.91,0.0026,1
spambot,10,60,5438,26.67,0.25,0.93,0.81,0.0021,1
spambot,11,24,6651,41.33,0.39,0.81,0.92,0.0013,1
lurker_human,308,31,118,0.05,0.51,0.02,0.18,0.0309,0
active_human,503,97,89,1.6,0.9,0.15,0.17,0.041,0
active_human,398,792,591,2.29,0.89,0.03,0.37,0.0418,0
active_human,662,41,56,2.24,0.87,0.2,0.39,0.0394,0
active_human,654,222,245,0.6,0.78,0.11,0.27,0.0418,0
compromised_bot,1956,796,7257,19.41,0.84,0.71,0.64,0.0026,1
spambot,11,29,7468,19.33,0.2,0.75,0.8,0.0023,1
spambot,20,28,2842,25.23,0.25,0.77,0.86,0.0003,1
lurker_human,258,76,159,0.15,0.46,0.05,0.17,0.0522,0
lurker_human,1045,116,121,0.02,0.7,0.06,0.24,0.0488,0
compromised_bot,2300,243,3849,38.98,0.58,0.92,0.82,0.0033,1
spambot,33,8,7458,37.26,0.36,0.78,0.92,0.0026,1
lurker_human,666,74,254,0.13,0.48,0.01,0.22,0.0489,0
active_human,278,401,539,1.46,0.74,0.02,0.21,0.0847,0
lurker_human,846,102,236,0.1,0.74,0.09,0.24,0.0246,0
lurker_human,843,146,150,0.13,0.44,0.06,0.19,0.0503,0
creator_human,821,1236,1030,3.75,0.86,0.19,0.18,0.0803,0
active_human,839,286,277,2.24,0.79,0.07,0.4,0.1017,0
creator_human,1209,32826,130,3.29,0.9,0.21,0.32,0.0583,0
active_human,489,88,140,1.23,0.9,0.05,0.14,0.0241,0
compromised_bot,1663,363,4518,15.87,0.55,0.86,0.83,0.0018,1
active_human,582,421,318,0.94,0.9,0.15,0.3,0.059,0
spambot,19,55,3408,52.58,0.45,0.88,0.8,0.0017,1
active_human,271,83,129,1.33,0.75,0.24,0.31,0.0476,0
spambot,6,71,3270,16.07,0.36,0.7,0.9,0.0013,1
creator_human,1598,46485,284,2.51,0.89,0.1,0.33,0.056,0
active_human,435,76,77,0.63,0.88,0.21,0.27,0.0829,0
spambot,44,20,2725,42.5,0.2,0.88,0.99,0.0021,1
compromised_bot,2298,1086,7377,42.44,0.58,0.81,0.71,0.0073,1
lurker_human,874,38,171,0.14,0.49,0.01,0.08,0.0177,0
spambot,8,32,1941,42.94,0.15,0.78,0.87,0.0014,1
creator_human,1159,7244,806,2.75,0.86,0.15,0.2,0.0476,0
active_human,493,343,473,1.43,0.87,0.2,0.23,0.0595,0
spambot,12,21,4839,19.39,0.14,0.81,0.81,0.0011,1
active_human,468,293,352,0.73,0.86,0.02,0.19,0.0402,0
active_human,227,336,470,1.51,0.71,0.14,0.36,0.028,0
compromised_bot,2129,810,7058,15.41,0.7,0.66,0.68,0.0068,1
lurker_human,959,117,395,0.07,0.55,0.08,0.16,0.04,0
active_human,1133,101,108,0.65,0.7,0.06,0.33,0.0879,0
active_human,1192,134,172,1.45,0.87,0.11,0.19,0.0803,0
compromised_bot,1071,340,4173,16.83,0.81,0.71,0.62,0.0032,1
compromised_bot,1963,1460,7681,17.66,0.67,0.89,0.71,0.006,1
creator_human,2156,63365,488,3.83,0.89,0.2,0.32,0.128,0
spambot,1,71,2696,59.44,0.33,0.71,0.93,0.001,1
follow_bot,7,147,5506,0.1,0.38,0.98,0.57,0.0015,1
lurker_human,376,89,373,0.14,0.42,0.03,0.19,0.0581,0
lurker_human,879,46,130,0.07,0.69,0.03,0.07,0.0398,0
active_human,797,380,428,1.55,0.68,0.33,0.38,0.0539,0
creator_human,2254,9623,1093,1.93,0.91,0.12,0.17,0.1265,0
spambot,23,78,5042,49.48,0.35,0.9,0.95,0.0024,1
creator_human,866,4583,187,2.83,0.87,0.13,0.3,0.1237,0
active_human,184,143,132,1.76,0.62,0.08,0.22,0.0448,0
follow_bot,19,86,5656,1.41,0.55,0.86,0.42,0.0003,1
active_human,357,139,152,1.72,0.69,0.01,0.39,0.042,0
active_human,305,123,176,0.92,0.71,0.06,0.12,0.087,0
active_human,366,611,749,1.32,0.93,0.06,0.28,0.1134,0
active_human,404,299,355,1.44,0.81,0.15,0.23,0.1087,0
active_human,502,534,353,1.32,0.62,0.29,0.13,0.048,0
compromised_bot,981,787,4340,23.0,0.62,0.93,0.83,0.0056,1
spambot,4,74,5193,20.28,0.18,0.71,0.84,0.0009,1
follow_bot,40,113,5353,0.26,0.25,0.98,0.64,0.0019,1
follow_bot,46,148,8246,1.22,0.2,0.99,0.48,0.0018,1
spambot,4,8,6375,49.13,0.13,0.9,0.83,0.0014,1
lurker_human,515,25,136,0.03,0.53,0.02,0.14,0.0197,0
creator_human,1218,9792,359,4.26,1.0,0.22,0.18,0.0346,0
lurker_human,1615,119,142,0.03,0.7,0.05,0.09,0.036,0
lurker_human,819,146,122,0.07,0.53,0.01,0.16,0.0422,0
active_human,679,298,242,1.45,0.82,0.07,0.33,0.0271,0
follow_bot,45,141,6348,0.52,0.39,0.91,0.72,0.0013,1
creator_human,2681,9771,502,2.01,0.97,0.15,0.15,0.0484,0
follow_bot,16,44,7865,1.05,0.31,0.94,0.55,0.0013,1
spambot,10,51,5223,23.82,0.36,0.88,0.95,0.0,1
active_human,706,204,225,2.06,0.65,0.12,0.27,0.1169,0
active_human,380,766,687,2.44,0.76,0.26,0.28,0.0423,0
follow_bot,47,95,4036,0.98,0.26,0.86,0.64,0.0013,1
active_human,617,106,116,1.15,0.7,0.05,0.14,0.0452,0
spambot,27,79,2106,34.64,0.15,0.71,0.76,0.0015,1
lurker_human,382,77,66,0.05,0.48,0.02,0.21,0.0448,0
active_human,1628,124,192,0.33,0.79,0.19,0.24,0.0707,0
active_human,334,437,585,1.3,0.75,0.1,0.19,0.0562,0
active_human,816,219,284,0.26,0.88,0.12,0.27,0.1071,0
active_human,255,166,145,0.36,0.75,0.09,0.38,0.0475,0
spambot,51,63,7441,21.22,0.2,0.87,0.75,0.0018,1
creator_human,843,47178,859,3.86,0.92,0.22,0.24,0.1381,0
compromised_bot,1599,809,5234,33.25,0.61,0.81,0.65,0.0022,1
spambot,9,48,5517,25.57,0.26,0.75,0.81,0.0019,1
compromised_bot,1545,1123,3931,10.92,0.53,0.83,0.74,0.0054,1
spambot,1,11,2313,39.85,0.32,0.8,0.77,0.001,1
active_human,566,89,139,1.18,0.8,0.25,0.35,0.082,0
lurker_human,385,86,345,0.14,0.43,0.05,0.13,0.0377,0
active_human,443,158,200,0.94,0.86,0.05,0.26,0.0926,0
lurker_human,990,140,323,0.03,0.71,0.1,0.24,0.0445,0
lurker_human,197,50,200,0.05,0.63,0.09,0.28,0.033,0
lurker_human,413,91,180,0.13,0.42,0.02,0.29,0.0444,0
spambot,27,64,3419,23.66,0.38,0.94,0.75,0.0021,1
active_human,783,50,105,0.68,0.9,0.05,0.21,0.069,0
active_human,694,300,258,1.14,0.94,0.15,0.39,0.0602,0
active_human,663,320,424,0.42,0.9,0.05,0.17,0.0358,0
active_human,487,392,336,1.73,0.79,0.05,0.34,0.0991,0
compromised_bot,1926,295,7034,22.63,0.76,0.71,0.78,0.0035,1
follow_bot,44,190,7509,1.4,0.29,0.86,0.64,0.0016,1
creator_human,412,17145,548,2.2,0.86,0.08,0.26,0.0679,0
follow_bot,12,185,8659,0.72,0.24,0.93,0.5,0.001,1
active_human,409,725,738,1.15,0.77,0.01,0.2,0.1164,0
follow_bot,51,171,4480,1.04,0.6,0.96,0.78,0.0015,1
creator_human,1711,23789,492,3.59,0.98,0.14,0.24,0.138,0
spambot,1,52,4049,61.04,0.27,0.7,0.97,0.0008,1
active_human,226,305,233,2.41,0.68,0.05,0.36,0.0527,0
compromised_bot,2247,543,5948,34.13,0.83,0.72,0.69,0.0018,1
active_human,459,623,595,1.58,0.92,0.03,0.15,0.0621,0
active_human,688,382,420,1.15,0.83,0.04,0.3,0.096,0
active_human,353,354,510,0.56,0.94,0.07,0.2,0.068,0
spambot,6,34,6930,43.01,0.26,0.81,0.96,0.0006,1
active_human,541,436,507,2.17,0.6,0.07,0.31,0.033,0
spambot,24,32,3536,49.95,0.28,0.89,0.92,0.0027,1
follow_bot,8,199,7920,0.47,0.28,1.0,0.63,0.0003,1
creator_human,738,7647,1001,3.35,0.9,0.07,0.35,0.0516,0
spambot,32,14,4824,63.8,0.14,0.97,0.77,0.0014,1
follow_bot,25,58,4012,0.33,0.59,0.88,0.74,0.0019,1
active_human,821,282,314,0.73,0.92,0.03,0.33,0.1162,0
follow_bot,31,157,3969,0.26,0.53,0.97,0.59,0.0002,1
lurker_human,1050,126,242,0.1,0.75,0.08,0.14,0.0411,0
creator_human,1341,6270,365,3.86,0.93,0.11,0.24,0.1363,0
active_human,595,199,275,1.49,0.83,0.06,0.32,0.047,0
active_human,608,460,366,0.65,0.88,0.15,0.16,0.0477,0
spambot,13,14,4492,45.18,0.2,0.81,0.96,0.001,1
active_human,751,146,190,2.39,0.69,0.06,0.13,0.0392,0
spambot,2,33,5409,54.54,0.21,0.95,0.96,0.0025,1
active_human,377,1231,1171,0.22,0.96,0.14,0.3,0.0711,0
lurker_human,730,138,337,0.06,0.48,0.03,0.22,0.023,0
follow_bot,51,28,5123,0.19,0.21,0.93,0.61,0.0015,1
active_human,553,101,116,0.51,0.69,0.03,0.37,0.103,0
creator_human,947,10729,141,2.36,0.89,0.25,0.33,0.0931,0
lurker_human,411,105,233,0.09,0.68,0.04,0.15,0.0243,0
compromised_bot,1338,883,5452,39.39,0.76,0.93,0.83,0.0034,1
active_human,245,380,314,0.91,0.87,0.19,0.11,0.0945,0
creator_human,818,9191,1095,2.36,0.92,0.18,0.19,0.134,0
active_human,278,565,506,1.79,0.9,0.13,0.39,0.0735,0
lurker_human,887,76,92,0.05,0.44,0.09,0.26,0.0536,0
creator_human,877,9537,180,2.92,0.94,0.07,0.27,0.143,0
active_human,366,115,131,2.34,0.8,0.11,0.21,0.0635,0
lurker_human,533,47,148,0.1,0.7,0.04,0.05,0.0193,0
lurker_human,1237,84,235,0.13,0.54,0.08,0.13,0.0132,0
spambot,54,32,3152,29.38,0.17,0.82,0.84,0.0027,1
spambot,32,32,1537,38.73,0.13,0.94,0.77,0.0011,1
compromised_bot,1782,1372,5854,15.91,0.79,0.79,0.75,0.0078,1
follow_bot,28,54,7374,0.24,0.21,0.93,0.71,0.0004,1
active_human,279,167,218,1.28,0.9,0.06,0.29,0.0588,0
active_human,693,433,516,1.52,0.72,0.07,0.37,0.0522,0
spambot,2,50,6775,61.92,0.29,0.91,0.96,0.0028,1
active_human,845,686,515,0.93,0.95,0.17,0.31,0.1104,0
lurker_human,972,29,277,0.04,0.69,0.01,0.28,0.0399,0
lurker_human,606,140,112,0.13,0.7,0.06,0.17,0.0442,0
lurker_human,1013,71,60,0.1,0.47,0.1,0.25,0.0224,0
active_human,530,79,110,0.39,0.61,0.02,0.4,0.0668,0
active_human,423,247,194,2.32,0.91,0.23,0.25,0.0507,0
active_human,362,401,545,0.56,0.84,0.06,0.35,0.0328,0
compromised_bot,1859,1429,4599,29.83,0.75,0.68,0.89,0.0016,1
creator_human,1636,5319,724,2.77,0.86,0.1,0.22,0.1324,0
active_human,551,172,169,1.27,0.92,0.21,0.19,0.0951,0
creator_human,1265,1840,145,2.91,0.94,0.14,0.27,0.1097,0
active_human,1215,476,598,1.64,0.96,0.02,0.23,0.0846,0
spambot,1,45,4994,58.04,0.25,0.75,0.81,0.0013,1
creator_human,1168,57948,426,1.23,1.0,0.16,0.18,0.1206,0
active_human,807,272,259,0.43,0.92,0.11,0.26,0.0659,0
active_human,427,206,155,0.78,0.75,0.19,0.17,0.0887,0
active_human,981,338,251,0.64,0.32,0.16,0.28,0.0969,0
follow_bot,33,194,8462,0.36,0.56,0.92,0.57,0.0004,1
active_human,728,131,136,0.31,0.7,0.04,0.17,0.046,0
lurker_human,686,54,87,0.02,0.75,0.08,0.09,0.0165,0
lurker_human,503,127,209,0.14,0.44,0.05,0.19,0.046,0
active_human,441,542,529,1.97,0.82,0.12,0.25,0.1023,0
spambot,6,24,2158,50.14,0.28,0.84,0.88,0.0001,1
active_human,353,630,571,1.77,0.95,0.05,0.3,0.0624,0
follow_bot,56,129,5567,0.53,0.51,0.88,0.66,0.0013,1
compromised_bot,2171,672,4519,15.34,0.72,0.76,0.64,0.0019,1
spambot,10,64,3171,47.79,0.38,0.97,0.96,0.0023,1
lurker_human,318,101,77,0.05,0.6,0.08,0.07,0.0319,0
follow_bot,46,156,8346,0.87,0.45,0.85,0.75,0.0018,1
creator_human,1406,5017,1081,3.33,0.86,0.13,0.3,0.1256,0
lurker_human,355,147,268,0.13,0.49,0.1,0.2,0.0374,0
active_human,604,78,92,2.38,0.87,0.17,0.1,0.0653,0
active_human,463,138,181,1.1,0.71,0.02,0.37,0.1127,0
follow_bot,38,38,5012,0.62,0.48,0.86,0.42,0.0014,1
creator_human,844,35169,996,3.99,0.98,0.18,0.34,0.0549,0
lurker_human,427,137,227,0.13,0.62,0.09,0.15,0.0222,0
spambot,26,53,6674,50.86,0.15,0.76,0.87,0.0015,1
lurker_human,457,56,149,0.1,0.7,0.05,0.19,0.0399,0
active_human,1455,216,313,2.47,0.68,0.04,0.19,0.0486,0
spambot,3,5,3238,15.51,0.18,0.79,0.82,0.0028,1
active_human,772,389,501,1.31,0.8,0.06,0.23,0.0324,0
creator_human,1503,17721,465,2.96,0.98,0.19,0.28,0.0705,0
compromised_bot,2451,800,4944,15.16,0.69,0.85,0.71,0.0015,1
spambot,16,60,2090,27.25,0.15,0.83,0.81,0.0023,1
lurker_human,447,67,360,0.12,0.44,0.1,0.29,0.0145,0
active_human,448,77,86,0.28,0.9,0.15,0.29,0.027,0
follow_bot,26,31,4659,0.92,0.45,0.99,0.61,0.0001,1
spambot,7,54,4995,26.96,0.4,0.86,0.93,0.0005,1
creator_human,960,16667,499,1.56,1.0,0.17,0.35,0.1056,0
spambot,22,36,4863,52.6,0.26,0.77,0.85,0.0028,1
follow_bot,40,182,7639,0.51,0.45,0.9,0.72,0.001,1
active_human,360,187,209,0.48,0.99,0.04,0.16,0.0744,0
spambot,9,13,3605,50.79,0.17,0.89,0.83,0.0023,1
active_human,466,694,761,2.3,0.77,0.07,0.18,0.0978,0
lurker_human,384,23,213,0.09,0.42,0.09,0.07,0.0332,0
creator_human,1173,3048,1059,3.55,0.88,0.12,0.28,0.1472,0
active_human,523,900,698,2.35,0.7,0.22,0.2,0.1044,0
active_human,225,766,1064,0.22,0.88,0.24,0.18,0.0738,0
creator_human,1483,3111,834,4.27,0.89,0.07,0.22,0.1371,0
active_human,1296,91,143,1.03,0.9,0.03,0.39,0.1002,0
active_human,1052,337,244,0.46,0.78,0.14,0.15,0.0713,0
spambot,21,52,6060,40.02,0.32,0.77,0.94,0.0015,1
lurker_human,282,114,164,0.02,0.55,0.12,0.06,0.0229,0
active_human,273,164,186,0.51,0.89,0.05,0.38,0.0385,0
follow_bot,11,48,3438,1.32,0.52,0.99,0.72,0.0007,1
active_human,598,304,280,2.4,0.86,0.08,0.14,0.0925,0
active_human,407,1055,837,2.04,0.74,0.06,0.26,0.1164,0
creator_human,892,26670,806,4.34,0.94,0.24,0.19,0.1377,0
lurker_human,217,68,298,0.13,0.49,0.02,0.13,0.0499,0
lurker_human,248,94,85,0.03,0.62,0.11,0.27,0.0292,0
follow_bot,30,26,3420,0.27,0.4,0.9,0.49,0.0003,1
active_human,699,114,99,0.78,0.65,0.03,0.17,0.0721,0
follow_bot,22,46,4494,0.65,0.44,0.89,0.76,0.002,1
active_human,1498,124,132,2.02,0.86,0.02,0.23,0.076,0
spambot,13,22,4328,41.86,0.16,0.89,0.93,0.0018,1
active_human,392,149,119,0.69,0.71,0.02,0.28,0.0339,0
active_human,271,82,95,0.46,0.65,0.14,0.1,0.0749,0
active_human,361,129,95,0.6,0.8,0.08,0.17,0.1189,0
active_human,202,55,68,0.94,0.86,0.05,0.19,0.029,0
active_human,1548,903,795,1.37,0.66,0.13,0.18,0.0922,0
spambot,17,42,1744,36.47,0.43,0.8,0.97,0.0002,1
follow_bot,51,25,3569,0.14,0.5,0.94,0.66,0.0018,1
compromised_bot,2200,542,4062,40.49,0.6,0.66,0.78,0.0038,1
follow_bot,21,193,5057,1.31,0.23,0.97,0.72,0.0005,1
active_human,446,189,269,1.14,0.89,0.24,0.13,0.0401,0
lurker_human,241,26,386,0.14,0.49,0.1,0.14,0.0581,0
active_human,598,430,343,0.3,0.81,0.12,0.2,0.0539,0
active_human,347,299,372,1.91,0.92,0.19,0.28,0.1168,0
active_human,750,547,773,2.27,0.96,0.06,0.31,0.0441,0
active_human,646,96,97,1.47,0.83,0.42,0.24,0.0965,0
lurker_human,589,110,122,0.09,0.41,0.02,0.3,0.0438,0
spambot,13,34,6940,39.17,0.33,0.83,0.83,0.0001,1
spambot,36,12,1848,49.22,0.13,0.83,0.81,0.0012,1
active_human,760,110,105,2.32,0.78,0.07,0.32,0.0625,0
lurker_human,656,95,373,0.07,0.44,0.04,0.26,0.0111,0
active_human,965,713,988,1.18,0.67,0.02,0.1,0.03,0
active_human,506,358,520,1.52,0.67,0.05,0.19,0.0756,0
lurker_human,149,74,374,0.03,0.71,0.11,0.11,0.0126,0
compromised_bot,1494,1037,5655,40.21,0.64,0.92,0.68,0.0013,1
active_human,1126,427,336,0.44,0.47,0.15,0.35,0.0321,0
spambot,2,36,2316,28.62,0.1,0.81,0.91,0.0021,1
lurker_human,384,109,385,0.12,0.47,0.06,0.07,0.0363,0
lurker_human,1196,149,164,0.07,0.48,0.08,0.3,0.0121,0
active_human,1741,201,162,0.35,0.8,0.03,0.26,0.0804,0
active_human,284,433,588,1.34,0.81,0.1,0.26,0.0563,0
spambot,16,17,2104,20.18,0.29,0.83,0.88,0.0002,1
spambot,1,43,7156,30.65,0.36,0.98,0.86,0.002,1
active_human,317,270,303,1.38,0.81,0.02,0.12,0.0447,0
follow_bot,40,185,7849,0.96,0.49,0.94,0.47,0.0002,1
creator_human,1993,2795,791,4.24,0.92,0.08,0.23,0.0635,0
lurker_human,493,42,247,0.05,0.57,0.06,0.08,0.0286,0
active_human,371,226,313,2.23,0.67,0.14,0.17,0.0261,0
active_human,358,259,372,1.69,0.95,0.08,0.17,0.0489,0
active_human,699,80,70,0.57,0.92,0.08,0.35,0.0625,0
active_human,379,298,242,1.7,0.64,0.06,0.13,0.0611,0
compromised_bot,1695,1433,4994,40.12,0.82,0.85,0.72,0.002,1
active_human,145,135,125,2.0,0.85,0.06,0.39,0.0745,0
spambot,4,54,6957,62.29,0.2,0.89,0.77,0.0008,1
active_human,659,589,569,0.43,0.93,0.16,0.32,0.0878,0
active_human,635,1801,1835,1.63,0.64,0.04,0.38,0.0728,0
active_human,1110,500,539,0.48,0.79,0.02,0.32,0.0877,0
active_human,379,453,335,2.2,0.96,0.11,0.27,0.0204,0
spambot,28,51,2236,29.41,0.21,0.88,0.8,0.0004,1
creator_human,1890,8810,311,2.69,0.93,0.2,0.27,0.1327,0
compromised_bot,1486,1280,5893,26.85,0.82,0.66,0.82,0.0045,1
active_human,377,778,946,1.27,0.88,0.05,0.26,0.1115,0
lurker_human,697,83,267,0.13,0.62,0.03,0.21,0.0538,0
active_human,416,117,166,1.55,0.95,0.04,0.34,0.0375,0
active_human,270,173,152,0.33,0.93,0.02,0.37,0.0793,0
follow_bot,44,75,6140,0.13,0.29,0.85,0.78,0.0012,1
spambot,2,44,3827,49.48,0.37,0.71,0.96,0.0027,1
follow_bot,19,131,8313,1.34,0.45,0.95,0.64,0.0012,1
active_human,236,152,161,2.14,0.56,0.01,0.35,0.1144,0
lurker_human,162,65,223,0.06,0.43,0.07,0.11,0.0426,0
lurker_human,1243,74,94,0.04,0.52,0.09,0.2,0.0462,0
spambot,34,69,1873,18.39,0.14,0.85,0.83,0.0015,1
spambot,6,25,5088,37.5,0.36,0.97,0.8,0.0025,1
active_human,1137,576,602,1.21,0.7,0.07,0.32,0.0372,0
active_human,523,25,57,0.26,0.88,0.26,0.15,0.0645,0
active_human,955,559,552,0.92,0.92,0.16,0.22,0.081,0
lurker_human,121,30,251,0.08,0.74,0.07,0.13,0.0572,0
active_human,822,310,470,1.0,0.72,0.1,0.22,0.0815,0
active_human,1031,1143,1609,1.67,0.86,0.11,0.34,0.0264,0
spambot,64,18,4012,31.48,0.28,0.98,0.86,0.0024,1
active_human,446,326,272,1.86,0.75,0.09,0.26,0.0334,0
follow_bot,32,109,3523,0.82,0.3,0.99,0.53,0.0001,1
spambot,24,14,2434,18.42,0.31,0.91,0.94,0.0017,1
spambot,10,73,4240,62.58,0.45,0.88,0.89,0.001,1
active_human,608,385,456,1.78,0.74,0.07,0.19,0.07,0
lurker_human,554,48,182,0.14,0.42,0.06,0.06,0.0461,0
active_human,198,206,323,1.25,0.78,0.12,0.14,0.0247,0
compromised_bot,931,218,6761,30.13,0.56,0.81,0.83,0.006,1
creator_human,1092,7588,885,2.21,0.86,0.1,0.26,0.0831,0
active_human,598,640,733,1.88,0.87,0.05,0.11,0.078,0
active_human,946,640,698,1.17,0.9,0.05,0.22,0.0403,0
spambot,6,53,3192,15.11,0.29,0.72,0.84,0.0014,1
active_human,550,116,99,0.41,0.77,0.1,0.24,0.0518,0
creator_human,1551,12961,989,2.82,0.96,0.22,0.3,0.0791,0
lurker_human,367,118,133,0.07,0.47,0.07,0.23,0.0163,0
active_human,553,238,334,1.63,0.73,0.09,0.23,0.0413,0
active_human,971,94,151,0.74,0.74,0.08,0.3,0.1098,0
compromised_bot,1601,925,7372,29.0,0.63,0.92,0.85,0.0065,1
spambot,29,61,1928,55.75,0.33,0.83,0.88,0.0016,1
follow_bot,9,124,6683,1.12,0.25,0.95,0.72,0.0008,1
spambot,19,38,1651,46.98,0.21,0.85,0.86,0.0002,1
spambot,3,66,4392,31.23,0.12,0.93,0.77,0.0006,1
active_human,265,122,198,0.84,0.91,0.05,0.27,0.095,0
active_human,673,180,128,0.3,0.77,0.23,0.39,0.1199,0
active_human,867,485,656,1.17,0.92,0.23,0.38,0.0597,0
compromised_bot,1356,1216,6085,12.26,0.62,0.89,0.75,0.0059,1
creator_human,1201,1545,1071,3.12,0.91,0.06,0.34,0.0948,0
creator_human,1315,15419,180,2.19,0.95,0.18,0.29,0.0987,0
active_human,503,224,172,1.46,0.86,0.05,0.28,0.0635,0
active_human,745,253,188,1.82,0.81,0.17,0.31,0.0806,0
active_human,504,319,266,2.25,0.96,0.0,0.14,0.0461,0
creator_human,1619,6472,384,4.42,0.89,0.06,0.24,0.0518,0
spambot,2,18,5351,19.18,0.41,0.79,0.9,0.0022,1
active_human,224,128,174,1.29,0.88,0.2,0.11,0.114,0
spambot,31,77,4982,58.43,0.3,0.76,0.81,0.0011,1
active_human,754,1156,1479,1.02,0.75,0.04,0.27,0.1144,0
active_human,615,206,269,1.8,0.56,0.03,0.22,0.0701,0
compromised_bot,1848,1028,3752,36.44,0.84,0.95,0.86,0.0013,1
active_human,820,179,220,1.43,0.75,0.04,0.36,0.0238,0
lurker_human,644,79,304,0.1,0.61,0.06,0.11,0.021,0
compromised_bot,2471,1240,4778,28.06,0.85,0.74,0.73,0.0022,1
lurker_human,885,139,318,0.14,0.55,0.08,0.25,0.0376,0
creator_human,794,14309,741,2.67,1.0,0.18,0.22,0.0659,0
spambot,7,77,5373,15.78,0.34,0.86,0.94,0.0028,1
lurker_human,474,61,244,0.02,0.73,0.06,0.22,0.058,0
lurker_human,1144,130,333,0.03,0.69,0.07,0.17,0.033,0
spambot,28,37,3232,16.01,0.2,0.91,0.8,0.0012,1
lurker_human,365,89,106,0.14,0.64,0.03,0.07,0.0374,0
compromised_bot,1861,566,5109,35.94,0.65,0.65,0.69,0.0038,1
lurker_human,142,129,301,0.14,0.45,0.06,0.11,0.0209,0
lurker_human,399,115,197,0.06,0.63,0.07,0.14,0.0426,0
active_human,309,770,939,1.14,0.66,0.18,0.16,0.072,0
active_human,982,308,314,0.56,0.82,0.04,0.27,0.1018,0
lurker_human,119,80,353,0.15,0.44,0.04,0.29,0.0211,0
lurker_human,454,41,320,0.02,0.64,0.12,0.09,0.0414,0
active_human,401,406,446,0.68,0.88,0.39,0.24,0.0935,0
lurker_human,323,135,93,0.05,0.73,0.04,0.28,0.0507,0
compromised_bot,2222,1349,7758,39.67,0.84,0.88,0.79,0.0067,1
active_human,419,437,526,1.08,0.79,0.08,0.26,0.0417,0
creator_human,896,46298,668,4.07,0.93,0.13,0.15,0.0436,0
follow_bot,46,151,3408,1.46,0.34,0.94,0.69,0.0019,1
follow_bot,14,177,8499,1.28,0.53,0.95,0.8,0.0011,1
active_human,391,73,130,0.9,0.92,0.09,0.12,0.0384,0
lurker_human,146,117,226,0.06,0.61,0.05,0.23,0.0574,0
active_human,857,404,335,1.26,0.98,0.14,0.19,0.0932,0
spambot,6,13,1540,48.96,0.43,0.81,0.99,0.0011,1
active_human,1074,43,71,0.43,0.73,0.03,0.18,0.0643,0
compromised_bot,2406,277,5317,36.73,0.66,0.75,0.78,0.0017,1
creator_human,1859,29155,766,2.04,0.87,0.14,0.18,0.0817,0
creator_human,2756,39776,954,1.28,0.98,0.19,0.31,0.1429,0
compromised_bot,1568,1368,7908,31.94,0.78,0.9,0.7,0.0039,1
follow_bot,44,33,7051,1.07,0.46,0.97,0.51,0.0005,1
follow_bot,25,55,7640,0.72,0.38,0.93,0.73,0.0012,1
lurker_human,836,72,103,0.11,0.43,0.04,0.21,0.0205,0
active_human,164,387,540,1.98,0.83,0.13,0.25,0.057,0
active_human,292,52,101,2.37,0.74,0.02,0.25,0.1069,0
lurker_human,564,51,152,0.14,0.49,0.01,0.2,0.0594,0
follow_bot,38,84,3846,0.58,0.6,0.92,0.59,0.0008,1
active_human,499,326,273,0.73,0.81,0.05,0.28,0.0237,0
active_human,591,445,469,1.26,0.79,0.28,0.18,0.0526,0
spambot,23,78,4979,43.69,0.31,0.8,0.84,0.0008,1
creator_human,1426,37882,1101,4.1,0.89,0.17,0.34,0.0968,0
active_human,389,169,241,2.09,0.75,0.05,0.13,0.0277,0
active_human,219,390,311,0.47,0.88,0.3,0.33,0.0207,0
follow_bot,24,72,6137,0.81,0.59,0.96,0.7,0.0008,1
lurker_human,566,43,300,0.15,0.42,0.1,0.2,0.0541,0
spambot,22,69,5484,51.0,0.15,0.86,0.94,0.0,1
active_human,448,744,998,1.84,0.97,0.14,0.39,0.0371,0
active_human,96,257,179,2.37,0.83,0.1,0.38,0.0413,0
compromised_bot,842,302,4918,41.58,0.83,0.84,0.6,0.0041,1
compromised_bot,1948,1441,4693,21.14,0.76,0.84,0.61,0.0054,1
spambot,23,38,7318,62.27,0.19,0.89,0.88,0.0025,1
active_human,230,672,651,1.24,0.64,0.21,0.12,0.0383,0
active_human,350,87,67,1.26,0.85,0.05,0.23,0.0308,0
creator_human,999,31590,783,1.51,0.92,0.07,0.29,0.1001,0
active_human,600,69,97,0.67,0.98,0.15,0.27,0.0216,0
creator_human,1375,10884,799,1.89,0.98,0.22,0.15,0.0993,0
active_human,599,433,414,1.12,0.77,0.06,0.18,0.1105,0
active_human,848,819,597,1.39,0.93,0.04,0.14,0.0598,0
lurker_human,246,149,285,0.1,0.44,0.11,0.13,0.0312,0
spambot,10,27,4408,38.89,0.21,0.82,0.82,0.0013,1
active_human,719,137,209,2.01,0.84,0.07,0.32,0.0742,0
spambot,2,25,6311,39.74,0.18,0.85,0.81,0.0025,1
follow_bot,47,92,6587,0.12,0.32,1.0,0.77,0.0017,1
active_human,360,276,362,1.7,0.78,0.09,0.37,0.0216,0
compromised_bot,2306,794,3937,44.88,0.81,0.77,0.87,0.0042,1
active_human,392,295,450,1.14,0.79,0.14,0.12,0.1086,0
spambot,10,50,2464,63.15,0.38,0.94,0.85,0.0002,1
active_human,195,741,885,0.22,0.93,0.06,0.25,0.0518,0
active_human,430,380,394,2.38,0.87,0.13,0.12,0.1056,0
active_human,696,186,209,1.22,0.73,0.07,0.28,0.0937,0
spambot,6,69,7219,53.88,0.34,0.75,0.92,0.0019,1
active_human,1533,203,182,1.26,0.84,0.24,0.34,0.0838,0
spambot,13,49,4193,40.72,0.3,0.95,0.9,0.0013,1
active_human,637,222,177,0.75,0.96,0.14,0.32,0.0607,0
active_human,391,560,620,2.0,0.71,0.19,0.32,0.1153,0
lurker_human,524,94,269,0.07,0.71,0.11,0.06,0.0357,0
active_human,302,595,480,1.21,0.72,0.14,0.14,0.1026,0
spambot,1,19,6081,25.76,0.24,0.81,0.83,0.0013,1
follow_bot,17,87,5788,0.49,0.3,0.89,0.55,0.0018,1
spambot,34,47,1544,57.46,0.25,0.97,0.89,0.0015,1
compromised_bot,966,1430,3922,36.97,0.56,0.66,0.8,0.0041,1
follow_bot,43,25,5475,0.49,0.3,0.98,0.46,0.0009,1
lurker_human,1307,23,128,0.12,0.64,0.01,0.11,0.0167,0
follow_bot,51,193,6517,1.33,0.23,0.88,0.78,0.0019,1
active_human,971,220,292,1.31,0.97,0.17,0.38,0.0414,0
compromised_bot,1650,1171,4582,14.3,0.66,0.92,0.62,0.0042,1
active_human,518,370,260,0.51,0.91,0.01,0.23,0.1103,0
active_human,600,166,154,1.11,0.78,0.02,0.19,0.0716,0
active_human,516,177,187,1.91,0.69,0.05,0.32,0.0877,0
active_human,545,214,169,0.41,0.85,0.02,0.17,0.0716,0
creator_human,874,21454,1087,2.96,0.89,0.1,0.33,0.1168,0
spambot,46,10,4532,29.75,0.37,0.72,0.85,0.0007,1
active_human,292,292,250,0.55,0.79,0.08,0.39,0.048,0
spambot,12,67,4467,36.43,0.23,0.78,0.89,0.003,1
spambot,22,12,2574,60.09,0.34,0.97,0.78,0.001,1
compromised_bot,1853,535,4247,31.03,0.52,0.78,0.62,0.0011,1
spambot,8,36,2638,58.39,0.11,0.92,0.75,0.001,1
lurker_human,445,85,337,0.07,0.52,0.12,0.14,0.0232,0
compromised_bot,1756,1347,4185,29.9,0.58,0.73,0.81,0.0013,1
spambot,6,17,1774,61.53,0.17,0.81,0.92,0.0029,1
spambot,12,54,4676,45.65,0.24,0.94,0.87,0.0025,1
active_human,597,397,469,1.3,0.94,0.03,0.36,0.066,0
follow_bot,22,182,4128,1.01,0.27,0.94,0.77,0.0,1
compromised_bot,1741,1143,7507,19.72,0.76,0.8,0.68,0.0045,1
active_human,720,74,86,1.38,0.91,0.07,0.15,0.0323,0
spambot,1,73,3621,19.4,0.43,0.9,0.92,0.0004,1
creator_human,1843,2207,442,1.95,0.88,0.23,0.3,0.105,0
compromised_bot,1780,687,6686,27.66,0.67,0.89,0.87,0.0069,1
lurker_human,1075,74,182,0.09,0.54,0.03,0.14,0.021,0
compromised_bot,1912,822,7118,17.29,0.52,0.78,0.88,0.0018,1
spambot,1,6,2981,51.64,0.29,0.85,0.85,0.0004,1
active_human,662,461,384,0.78,0.77,0.03,0.25,0.0863,0
spambot,35,33,7390,21.43,0.35,0.85,0.77,0.0004,1
follow_bot,23,23,4878,1.2,0.43,0.88,0.58,0.0019,1
spambot,8,26,5383,31.51,0.18,0.88,0.98,0.0025,1
compromised_bot,2382,247,6074,42.55,0.69,0.85,0.73,0.007,1
active_human,408,141,141,0.21,0.89,0.02,0.13,0.052,0
creator_human,1181,6801,590,2.6,0.99,0.11,0.19,0.1108,0
active_human,612,150,254,0.77,0.79,0.06,0.19,0.1039,0
follow_bot,37,61,3474,0.75,0.2,0.97,0.67,0.0002,1
active_human,628,246,270,0.27,0.87,0.0,0.31,0.0914,0
active_human,534,509,528,0.53,0.91,0.07,0.27,0.1072,0
spambot,7,50,7040,49.54,0.15,0.89,0.97,0.0014,1
spambot,3,67,5012,46.4,0.24,0.83,0.82,0.0014,1
active_human,979,58,102,1.68,0.45,0.15,0.19,0.0931,0
spambot,23,73,2255,49.06,0.44,0.93,0.92,0.002,1
follow_bot,19,141,4753,1.0,0.45,0.92,0.76,0.0019,1
creator_human,713,11161,789,1.21,0.96,0.16,0.3,0.06,0
follow_bot,28,106,3532,1.06,0.46,0.91,0.74,0.002,1
active_human,323,365,414,0.96,0.71,0.29,0.15,0.1019,0
lurker_human,261,60,303,0.14,0.62,0.03,0.23,0.0591,0
follow_bot,21,83,5317,0.39,0.4,0.91,0.62,0.0017,1
creator_human,702,3981,903,2.44,0.89,0.21,0.2,0.1311,0
spambot,6,34,2869,39.28,0.2,0.97,0.8,0.0023,1
spambot,8,16,2945,27.05,0.35,0.74,0.97,0.0018,1
active_human,444,813,870,2.19,0.83,0.2,0.24,0.0896,0
lurker_human,1234,129,140,0.13,0.55,0.07,0.08,0.0196,0
active_human,237,290,216,1.71,0.73,0.04,0.2,0.1058,0
active_human,278,125,200,0.73,0.79,0.0,0.18,0.0607,0
active_human,183,198,183,1.05,0.56,0.07,0.21,0.1038,0
active_human,668,95,120,1.43,0.96,0.2,0.38,0.0415,0
active_human,477,280,301,0.57,0.8,0.12,0.25,0.0957,0
spambot,23,10,6931,55.04,0.4,0.83,0.96,0.0002,1
active_human,988,566,614,2.24,0.9,0.04,0.27,0.0437,0
active_human,475,410,325,0.28,0.82,0.13,0.11,0.1053,0
spambot,57,53,5849,56.12,0.13,0.77,0.77,0.0003,1
creator_human,2319,4365,777,4.21,0.86,0.21,0.32,0.1082,0
compromised_bot,1066,670,6641,17.7,0.62,0.82,0.67,0.0021,1
active_human,1046,314,210,1.47,0.86,0.04,0.27,0.0865,0
lurker_human,148,91,204,0.07,0.44,0.1,0.13,0.0157,0
compromised_bot,1050,1412,7740,17.37,0.57,0.69,0.9,0.0056,1
active_human,296,101,114,2.04,0.6,0.12,0.38,0.0773,0
active_human,150,157,162,2.2,0.93,0.09,0.11,0.0351,0
follow_bot,33,29,5471,0.23,0.48,0.9,0.74,0.0014,1
follow_bot,28,162,5565,1.1,0.57,0.97,0.78,0.0,1
active_human,262,1103,759,0.22,0.74,0.08,0.31,0.0251,0
active_human,1014,308,433,1.8,0.94,0.06,0.19,0.1185,0
active_human,544,1065,1125,1.26,0.96,0.04,0.29,0.0554,0
active_human,346,772,931,1.41,0.84,0.1,0.31,0.1165,0
active_human,274,414,416,2.47,0.77,0.07,0.12,0.1134,0
lurker_human,814,63,63,0.09,0.42,0.08,0.12,0.0346,0
follow_bot,5,109,7257,0.63,0.25,0.91,0.73,0.0006,1
follow_bot,44,142,4065,0.24,0.44,0.93,0.62,0.0004,1
lurker_human,732,31,120,0.06,0.52,0.09,0.15,0.0291,0
lurker_human,371,63,114,0.09,0.47,0.06,0.28,0.053,0
creator_human,1364,26120,789,2.06,0.98,0.12,0.31,0.0638,0
compromised_bot,1402,1446,5983,34.8,0.56,0.93,0.82,0.0023,1
compromised_bot,1101,583,4908,20.05,0.54,0.82,0.78,0.0054,1
active_human,328,205,203,0.53,0.78,0.23,0.3,0.0897,0
lurker_human,466,93,201,0.1,0.58,0.07,0.23,0.0146,0
creator_human,1945,585,507,3.18,0.88,0.18,0.22,0.1158,0
spambot,1,32,2761,32.63,0.21,0.8,0.89,0.0003,1
spambot,9,18,5964,18.01,0.22,0.87,0.87,0.0017,1
creator_human,1136,21807,600,1.53,0.96,0.1,0.19,0.0666,0
active_human,288,941,742,1.33,0.76,0.05,0.37,0.0777,0
lurker_human,362,103,102,0.05,0.53,0.07,0.26,0.0106,0
lurker_human,306,28,212,0.05,0.53,0.04,0.15,0.027,0
spambot,3,27,5637,15.99,0.44,0.77,0.93,0.0022,1
follow_bot,59,85,4363,0.66,0.29,0.9,0.68,0.0009,1
spambot,10,24,5916,52.1,0.12,0.96,0.95,0.0029,1
active_human,123,187,179,0.56,0.67,0.12,0.12,0.0711,0
active_human,546,115,109,0.88,0.9,0.12,0.23,0.0838,0
active_human,896,812,1045,0.9,0.88,0.09,0.15,0.0252,0
active_human,398,318,327,2.08,0.8,0.02,0.23,0.0482,0
active_human,557,130,105,0.74,0.86,0.08,0.12,0.0778,0
follow_bot,52,123,4190,1.02,0.42,0.99,0.46,0.0004,1
active_human,334,186,274,0.54,0.75,0.26,0.21,0.0909,0
active_human,253,203,170,1.35,0.69,0.03,0.24,0.113,0
lurker_human,776,77,115,0.06,0.5,0.1,0.22,0.0588,0
follow_bot,42,78,8300,1.03,0.44,0.85,0.43,0.001,1
spambot,20,25,7425,36.26,0.13,0.77,0.98,0.0027,1
spambot,35,41,3933,56.41,0.34,0.91,0.77,0.001,1
active_human,606,393,486,0.33,0.73,0.03,0.23,0.0621,0
compromised_bot,1138,1352,5005,35.37,0.62,0.83,0.64,0.004,1
active_human,433,686,627,0.21,0.93,0.39,0.18,0.1142,0
lurker_human,697,131,135,0.14,0.51,0.02,0.09,0.027,0
active_human,746,737,543,0.69,0.76,0.27,0.18,0.069,0
active_human,341,829,929,0.47,0.9,0.08,0.39,0.1093,0
lurker_human,293,100,377,0.04,0.45,0.04,0.18,0.0548,0
active_human,654,422,292,1.54,0.83,0.01,0.11,0.096,0
active_human,535,287,331,1.06,0.56,0.09,0.27,0.0309,0
active_human,128,371,331,0.63,0.58,0.07,0.31,0.0865,0
active_human,1014,1086,839,0.6,0.47,0.06,0.14,0.0536,0
active_human,648,274,402,1.19,0.84,0.06,0.28,0.0259,0
active_human,642,100,150,0.31,0.92,0.09,0.37,0.0797,0
active_human,249,420,376,2.5,0.68,0.04,0.26,0.0257,0
spambot,14,21,2454,43.3,0.36,0.8,0.83,0.0015,1
lurker_human,305,24,167,0.07,0.59,0.09,0.06,0.0185,0
creator_human,691,10004,1149,2.27,0.91,0.06,0.3,0.1491,0
compromised_bot,1522,341,3556,18.86,0.55,0.67,0.73,0.0045,1
active_human,221,147,198,0.45,0.87,0.18,0.21,0.0596,0
compromised_bot,1402,1012,4743,13.87,0.52,0.77,0.86,0.0066,1
active_human,431,306,252,1.96,0.7,0.17,0.18,0.0348,0
spambot,12,64,6793,54.08,0.41,0.87,0.95,0.0027,1
active_human,300,189,216,0.43,0.53,0.08,0.24,0.0627,0
lurker_human,724,117,250,0.14,0.7,0.09,0.18,0.0206,0
active_human,804,419,594,0.68,0.59,0.04,0.26,0.0772,0
active_human,488,77,80,1.55,0.9,0.03,0.38,0.0218,0
spambot,7,18,6172,45.63,0.35,0.94,0.96,0.0006,1
active_human,720,112,81,0.51,0.83,0.14,0.12,0.088,0
follow_bot,27,171,5709,0.46,0.43,0.92,0.61,0.0019,1
active_human,443,262,243,1.49,0.84,0.25,0.22,0.0461,0
compromised_bot,1377,877,6631,16.23,0.61,0.76,0.83,0.0026,1
active_human,661,389,365,1.49,0.89,0.18,0.22,0.0212,0
follow_bot,5,150,6105,1.15,0.58,0.94,0.5,0.0012,1
active_human,690,160,222,0.77,0.91,0.06,0.38,0.1008,0
active_human,734,242,258,2.41,0.92,0.19,0.28,0.1166,0
compromised_bot,1142,824,3573,40.87,0.64,0.75,0.9,0.0072,1
active_human,339,218,292,2.14,0.78,0.34,0.25,0.0565,0
spambot,28,30,2970,40.47,0.1,0.94,0.81,0.0013,1
active_human,700,1154,1227,0.46,0.49,0.04,0.24,0.0234,0
spambot,7,58,4633,19.53,0.13,0.95,0.98,0.0012,1
lurker_human,1011,103,85,0.06,0.47,0.02,0.06,0.0173,0
active_human,385,519,594,0.46,0.88,0.11,0.14,0.0287,0
lurker_human,522,42,104,0.09,0.6,0.07,0.3,0.037,0
active_human,932,141,203,1.22,0.78,0.13,0.38,0.0391,0
spambot,4,38,5504,27.16,0.28,0.95,0.84,0.0003,1
follow_bot,11,31,8484,0.89,0.57,0.85,0.78,0.0015,1
active_human,889,1230,1157,0.36,0.84,0.09,0.19,0.108,0
lurker_human,161,140,209,0.14,0.55,0.12,0.13,0.0595,0
spambot,16,15,7343,36.0,0.23,0.74,0.87,0.0024,1
active_human,559,99,100,1.09,0.71,0.1,0.18,0.056,0
active_human,375,153,252,2.1,0.86,0.03,0.2,0.1113,0
active_human,273,131,196,2.15,0.81,0.07,0.22,0.0341,0
active_human,519,614,518,1.72,0.8,0.05,0.39,0.0489,0
compromised_bot,1842,565,4602,12.52,0.51,0.81,0.61,0.0076,1
active_human,656,354,301,1.76,0.72,0.11,0.35,0.109,0
spambot,17,26,7145,21.67,0.17,0.84,0.86,0.0006,1
spambot,21,24,6115,30.65,0.19,0.78,0.84,0.0013,1
lurker_human,535,80,130,0.08,0.58,0.05,0.16,0.0381,0
active_human,172,504,493,0.45,0.68,0.06,0.1,0.0924,0
spambot,1,10,6757,29.2,0.2,0.82,0.92,0.002,1
lurker_human,187,65,272,0.1,0.58,0.02,0.22,0.0377,0
compromised_bot,1758,650,5016,16.01,0.5,0.92,0.73,0.003,1
lurker_human,332,81,161,0.12,0.7,0.1,0.12,0.043,0
active_human,1151,194,176,2.23,0.77,0.29,0.14,0.09,0
active_human,1250,196,252,2.2,0.55,0.08,0.13,0.0988,0
active_human,550,164,180,1.52,0.74,0.08,0.15,0.0371,0
active_human,1276,358,385,0.65,0.58,0.03,0.16,0.0861,0
active_human,796,150,156,0.32,0.67,0.01,0.39,0.1156,0
follow_bot,5,96,8393,0.41,0.49,0.99,0.53,0.0017,1
lurker_human,490,88,399,0.06,0.45,0.02,0.07,0.0485,0
active_human,708,150,170,2.27,0.96,0.16,0.16,0.047,0
active_human,228,271,274,1.42,0.84,0.06,0.38,0.0535,0
spambot,7,40,5071,20.52,0.42,0.88,0.98,0.0015,1
lurker_human,651,36,344,0.03,0.51,0.08,0.07,0.0193,0
follow_bot,38,120,8446,0.11,0.49,0.98,0.75,0.0018,1
lurker_human,1344,50,166,0.08,0.58,0.05,0.05,0.0172,0
active_human,749,393,448,1.96,0.93,0.16,0.35,0.0339,0
creator_human,1388,34729,754,2.54,0.99,0.23,0.16,0.0493,0
creator_human,1666,17037,294,3.01,0.97,0.06,0.3,0.0507,0
spambot,25,14,2876,36.96,0.36,0.71,0.91,0.0007,1
spambot,3,21,2524,25.93,0.14,0.9,0.77,0.0027,1
compromised_bot,1862,416,6852,34.17,0.67,0.79,0.73,0.0034,1
creator_human,2856,11060,1178,1.72,0.93,0.05,0.24,0.0484,0
spambot,8,66,1596,16.68,0.19,0.9,0.93,0.003,1
spambot,16,41,3550,63.24,0.32,0.71,0.83,0.0004,1
active_human,184,1152,1121,1.01,0.69,0.2,0.32,0.0277,0
follow_bot,21,84,8870,0.85,0.6,0.92,0.67,0.0009,1
active_human,733,680,642,0.51,0.63,0.16,0.3,0.025,0
creator_human,1353,21637,157,2.51,0.96,0.15,0.3,0.1309,0
active_human,437,127,152,1.09,0.7,0.14,0.1,0.0556,0
active_human,282,58,121,0.47,0.79,0.1,0.36,0.0292,0
spambot,4,54,4085,52.56,0.14,0.93,0.78,0.0017,1
lurker_human,617,122,246,0.1,0.71,0.07,0.27,0.0542,0
active_human,653,444,380,1.59,0.9,0.06,0.39,0.0772,0
spambot,5,36,2932,27.13,0.27,0.71,0.83,0.0023,1
active_human,314,162,232,2.38,0.91,0.07,0.3,0.061,0
active_human,863,110,148,0.64,0.71,0.09,0.2,0.0553,0
lurker_human,749,119,247,0.05,0.41,0.03,0.07,0.0469,0
active_human,234,74,115,0.97,0.74,0.13,0.1,0.1162,0
follow_bot,22,168,8464,0.69,0.54,0.87,0.65,0.0005,1
active_human,505,325,422,1.05,0.79,0.08,0.35,0.0298,0
spambot,30,7,5997,17.11,0.28,0.89,0.91,0.0015,1
creator_human,1185,18200,477,2.64,0.87,0.11,0.23,0.145,0
active_human,475,233,190,2.22,0.76,0.11,0.26,0.0553,0
spambot,10,46,4432,30.09,0.25,0.9,0.78,0.0024,1
lurker_human,285,86,143,0.04,0.42,0.11,0.17,0.034,0
spambot,13,64,6536,54.73,0.27,0.96,0.82,0.0001,1
active_human,365,143,200,0.43,0.69,0.13,0.17,0.0415,0
spambot,27,21,1998,55.32,0.15,0.85,0.86,0.0025,1
compromised_bot,1831,1258,6288,19.06,0.81,0.66,0.63,0.0052,1
spambot,20,21,5022,29.72,0.24,0.77,0.84,0.0021,1
lurker_human,546,115,183,0.01,0.55,0.12,0.24,0.025,0
spambot,41,13,6568,40.59,0.15,0.72,0.8,0.002,1
active_human,688,1216,800,1.88,0.56,0.03,0.17,0.0736,0
active_human,664,75,119,1.54,0.9,0.04,0.34,0.0873,0
lurker_human,118,90,96,0.07,0.67,0.02,0.28,0.0338,0
lurker_human,884,72,315,0.07,0.45,0.03,0.17,0.0133,0
active_human,242,110,164,0.41,0.93,0.03,0.27,0.0212,0
active_human,1236,241,198,2.43,0.86,0.08,0.16,0.0614,0
active_human,759,527,522,0.58,0.81,0.12,0.39,0.0728,0
lurker_human,571,89,144,0.07,0.7,0.05,0.28,0.0575,0
active_human,517,175,194,0.82,0.6,0.2,0.24,0.1105,0
active_human,777,391,270,1.15,0.47,0.16,0.18,0.0651,0
active_human,775,343,258,0.59,0.72,0.05,0.14,0.0726,0
follow_bot,50,136,8931,1.43,0.21,0.95,0.42,0.0,1
active_human,950,866,1024,1.91,0.77,0.31,0.29,0.1058,0
active_human,460,219,282,2.31,0.97,0.05,0.21,0.0566,0
active_human,486,681,877,1.99,0.97,0.1,0.24,0.0541,0
active_human,710,57,103,0.32,0.91,0.16,0.32,0.028,0
follow_bot,46,102,8097,0.81,0.46,0.95,0.58,0.0007,1
lurker_human,822,55,137,0.03,0.51,0.06,0.23,0.0211,0
follow_bot,15,41,8635,1.1,0.23,0.91,0.63,0.0013,1
active_human,1727,798,1098,2.02,0.72,0.07,0.28,0.1188,0
spambot,4,40,2692,51.97,0.36,0.92,0.82,0.0001,1
follow_bot,41,48,7862,0.87,0.39,0.86,0.79,0.0011,1
lurker_human,570,63,267,0.11,0.57,0.02,0.26,0.0324,0
active_human,462,217,298,0.26,0.52,0.1,0.12,0.0907,0
follow_bot,40,163,3270,0.44,0.46,0.94,0.44,0.0015,1
lurker_human,422,29,64,0.04,0.42,0.02,0.21,0.0438,0
lurker_human,475,129,396,0.08,0.61,0.09,0.27,0.0145,0
active_human,767,88,128,0.73,0.74,0.01,0.17,0.1017,0
active_human,248,173,243,1.77,0.73,0.17,0.26,0.0784,0
creator_human,1220,9734,187,2.96,0.98,0.15,0.21,0.1177,0
active_human,495,29,77,1.17,0.6,0.04,0.12,0.1014,0
spambot,27,72,2627,39.58,0.21,0.86,0.95,0.0001,1
creator_human,1261,4798,917,1.06,0.99,0.17,0.3,0.0847,0
spambot,7,62,4869,56.84,0.22,0.79,0.81,0.0022,1
active_human,352,509,351,2.06,0.97,0.18,0.34,0.0656,0
active_human,530,147,222,0.74,0.6,0.23,0.19,0.044,0
follow_bot,16,198,5128,1.04,0.54,0.87,0.73,0.001,1
spambot,5,25,3716,35.74,0.29,0.84,0.81,0.0027,1
compromised_bot,989,266,4238,13.53,0.74,0.85,0.9,0.0012,1
active_human,1472,197,198,1.82,0.79,0.08,0.18,0.1115,0
lurker_human,710,116,270,0.06,0.7,0.11,0.07,0.0338,0
creator_human,1093,4525,271,1.32,0.9,0.17,0.22,0.0582,0
active_human,675,228,171,1.57,0.9,0.18,0.39,0.0401,0
active_human,207,77,60,0.78,0.87,0.19,0.24,0.1006,0
compromised_bot,2351,737,7707,17.6,0.64,0.65,0.82,0.0034,1
active_human,631,392,522,0.38,0.87,0.15,0.22,0.0413,0
follow_bot,39,112,3021,0.16,0.22,0.98,0.47,0.0011,1
creator_human,1533,3614,1011,3.9,0.87,0.18,0.23,0.0674,0
active_human,556,703,740,1.79,0.93,0.07,0.31,0.0341,0
creator_human,1380,3885,1181,3.61,0.96,0.08,0.19,0.0431,0
lurker_human,664,83,86,0.13,0.45,0.03,0.26,0.0594,0
creator_human,1637,124355,251,2.99,0.89,0.16,0.21,0.0636,0
active_human,381,144,166,2.37,0.56,0.02,0.11,0.0506,0
active_human,794,1020,1259,0.56,0.92,0.05,0.2,0.1131,0
active_human,715,1304,1811,0.37,0.55,0.2,0.35,0.0381,0
active_human,1484,687,699,1.18,0.74,0.49,0.31,0.0401,0
active_human,1085,152,217,0.31,0.83,0.14,0.16,0.0407,0
active_human,924,57,106,0.53,0.99,0.13,0.34,0.0842,0
spambot,3,45,5941,53.95,0.18,0.77,0.79,0.0006,1
follow_bot,51,74,8653,1.42,0.2,1.0,0.56,0.0013,1
lurker_human,242,32,183,0.01,0.7,0.08,0.18,0.0173,0
active_human,480,115,108,1.67,0.79,0.31,0.11,0.0329,0
active_human,417,370,360,1.91,0.76,0.33,0.1,0.0656,0
compromised_bot,1913,1071,7578,44.53,0.57,0.82,0.68,0.0026,1
compromised_bot,2031,388,5932,26.56,0.82,0.91,0.63,0.0041,1
lurker_human,300,134,294,0.09,0.71,0.07,0.06,0.0329,0
active_human,1283,440,460,2.01,0.9,0.08,0.14,0.0992,0
spambot,18,44,5679,23.93,0.4,0.92,0.99,0.0005,1
compromised_bot,1365,422,4047,11.2,0.61,0.66,0.65,0.0072,1
lurker_human,469,123,386,0.07,0.41,0.1,0.12,0.0436,0
spambot,3,66,4117,37.39,0.22,0.78,0.82,0.0008,1
active_human,1433,274,315,1.25,0.65,0.13,0.27,0.1024,0
active_human,823,112,158,0.53,0.71,0.12,0.4,0.0549,0
lurker_human,370,123,125,0.12,0.66,0.11,0.25,0.0581,0
follow_bot,9,180,4337,1.31,0.52,0.94,0.6,0.0002,1
active_human,554,836,1118,1.29,0.76,0.07,0.23,0.0644,0
compromised_bot,1324,688,7579,23.55,0.78,0.91,0.85,0.0051,1
follow_bot,59,41,7646,1.37,0.5,0.89,0.53,0.0009,1
active_human,919,370,311,1.92,0.8,0.14,0.35,0.0801,0
creator_human,1015,9920,956,1.24,0.88,0.25,0.21,0.0367,0
compromised_bot,2441,669,5520,23.46,0.6,0.86,0.81,0.0035,1
compromised_bot,1654,497,3782,20.05,0.74,0.84,0.61,0.0024,1
active_human,218,465,337,0.49,0.78,0.25,0.19,0.0517,0
spambot,25,39,3310,42.02,0.29,0.88,0.79,0.0019,1
spambot,3,76,2639,21.09,0.19,0.8,0.82,0.0022,1
active_human,409,215,324,2.25,0.44,0.13,0.32,0.0682,0
active_human,544,255,328,1.57,0.93,0.06,0.38,0.0285,0
compromised_bot,1684,695,7310,26.91,0.74,0.68,0.89,0.0074,1
follow_bot,52,158,6735,0.28,0.56,0.98,0.63,0.0013,1
active_human,738,462,319,2.45,0.67,0.07,0.16,0.027,0
active_human,851,234,335,0.47,0.88,0.2,0.29,0.0262,0
spambot,71,17,1760,26.67,0.21,0.84,0.88,0.0002,1
compromised_bot,1763,916,4970,15.42,0.68,0.89,0.81,0.004,1
active_human,391,137,165,0.78,0.76,0.01,0.39,0.1079,0
active_human,282,112,118,0.32,0.62,0.09,0.18,0.1167,0
compromised_bot,2097,337,4274,23.72,0.54,0.71,0.87,0.0076,1
compromised_bot,1084,380,5470,33.93,0.83,0.66,0.61,0.0053,1
active_human,669,128,163,2.3,0.8,0.1,0.35,0.0986,0
follow_bot,57,38,6642,0.19,0.31,0.85,0.53,0.0019,1
active_human,813,163,241,1.49,0.64,0.27,0.18,0.0238,0
active_human,678,110,155,2.1,0.83,0.12,0.1,0.1188,0
active_human,305,44,66,0.45,0.88,0.07,0.28,0.0259,0
lurker_human,612,98,209,0.14,0.4,0.05,0.25,0.0587,0
active_human,500,332,465,0.32,0.92,0.07,0.16,0.0605,0
active_human,1501,284,288,0.78,0.98,0.1,0.27,0.0241,0
creator_human,1841,9762,907,2.52,0.93,0.21,0.27,0.0727,0
compromised_bot,2296,1414,7563,27.26,0.77,0.73,0.72,0.0021,1
spambot,21,26,4578,44.89,0.29,0.8,0.82,0.0013,1
active_human,711,238,215,1.1,0.8,0.15,0.18,0.0509,0
active_human,848,580,763,1.23,0.84,0.05,0.22,0.0937,0
follow_bot,15,120,5759,0.46,0.44,0.95,0.62,0.0012,1
active_human,779,282,328,2.21,0.88,0.11,0.29,0.0447,0
spambot,11,35,5180,38.64,0.14,0.96,0.91,0.0021,1
spambot,11,31,2135,25.58,0.26,0.89,0.94,0.0029,1
follow_bot,18,26,4729,1.05,0.23,1.0,0.59,0.0014,1
active_human,217,176,242,2.49,0.96,0.14,0.32,0.089,0
compromised_bot,1567,983,5021,42.11,0.67,0.65,0.84,0.0035,1
compromised_bot,1477,1208,7461,43.17,0.82,0.65,0.65,0.0073,1
lurker_human,240,130,173,0.13,0.7,0.02,0.24,0.0405,0
active_human,190,427,391,0.25,0.81,0.1,0.22,0.0229,0
lurker_human,644,75,385,0.1,0.44,0.08,0.29,0.0288,0
compromised_bot,2008,1001,6628,34.46,0.63,0.67,0.69,0.0068,1
lurker_human,708,141,166,0.04,0.56,0.02,0.26,0.0257,0
active_human,857,1241,1260,0.85,0.87,0.08,0.11,0.0877,0
creator_human,1253,4218,847,3.34,0.89,0.07,0.31,0.1064,0
creator_human,2187,26877,143,3.68,0.9,0.17,0.27,0.0611,0
spambot,11,68,4338,19.42,0.13,0.88,0.79,0.0017,1
active_human,432,343,381,0.69,0.79,0.03,0.34,0.0769,0
active_human,683,658,542,2.05,0.79,0.27,0.26,0.0449,0
creator_human,1185,8146,396,3.14,0.91,0.16,0.17,0.0672,0
lurker_human,447,127,275,0.04,0.42,0.07,0.28,0.0202,0
follow_bot,41,107,3565,0.67,0.29,0.89,0.73,0.0015,1
compromised_bot,903,1292,5736,11.56,0.64,0.79,0.71,0.0054,1
active_human,764,966,1315,1.07,0.72,0.05,0.3,0.0593,0
compromised_bot,1541,1187,4871,28.73,0.7,0.94,0.74,0.0059,1
active_human,1238,135,186,1.82,0.97,0.02,0.22,0.0627,0
follow_bot,28,104,6165,0.33,0.37,0.94,0.58,0.0016,1
active_human,625,309,314,0.98,0.9,0.19,0.38,0.0728,0
active_human,449,191,223,1.13,0.76,0.17,0.24,0.0612,0
active_human,757,221,262,1.0,0.73,0.03,0.36,0.1038,0
spambot,29,41,5153,38.86,0.2,0.84,0.78,0.0003,1
active_human,913,106,166,2.42,0.63,0.34,0.32,0.0969,0
follow_bot,5,125,6158,0.89,0.46,0.85,0.58,0.0001,1
lurker_human,184,34,125,0.06,0.62,0.05,0.19,0.0215,0
active_human,192,310,268,1.03,0.48,0.13,0.38,0.0824,0
active_human,557,336,349,0.89,0.94,0.29,0.33,0.097,0
active_human,213,589,814,1.55,0.79,0.03,0.39,0.0909,0
active_human,497,293,205,2.41,0.75,0.08,0.17,0.1021,0
lurker_human,198,119,277,0.08,0.7,0.06,0.12,0.0106,0
lurker_human,438,61,142,0.03,0.62,0.02,0.28,0.0274,0
follow_bot,40,33,5647,0.11,0.34,0.98,0.67,0.0017,1
creator_human,1179,62739,695,1.49,0.95,0.22,0.18,0.0752,0
compromised_bot,1957,488,6641,32.44,0.8,0.69,0.84,0.0012,1
active_human,843,82,109,1.33,0.81,0.04,0.27,0.0693,0
creator_human,1044,4054,499,3.04,0.95,0.11,0.25,0.0745,0
lurker_human,394,42,348,0.01,0.54,0.06,0.23,0.0214,0
creator_human,2443,20891,1032,3.06,0.96,0.18,0.2,0.1047,0
creator_human,2874,5671,136,4.13,0.95,0.1,0.24,0.1107,0
follow_bot,45,107,6878,0.83,0.45,0.92,0.69,0.0014,1
active_human,1486,539,437,1.27,0.68,0.03,0.27,0.0823,0
active_human,946,158,250,0.73,0.71,0.01,0.19,0.0204,0
spambot,5,54,3431,27.77,0.41,0.96,0.89,0.0025,1
follow_bot,19,184,8227,0.95,0.37,0.96,0.59,0.0005,1
active_human,349,145,131,1.68,0.72,0.04,0.27,0.0407,0
follow_bot,17,189,8410,1.1,0.34,0.91,0.73,0.002,1
active_human,293,183,268,1.84,0.96,0.19,0.12,0.0426,0
active_human,306,345,276,1.28,0.67,0.2,0.16,0.1121,0
creator_human,798,14280,871,3.02,0.96,0.12,0.18,0.0478,0
active_human,517,239,213,0.39,0.93,0.34,0.16,0.0897,0
active_human,615,131,114,1.65,0.95,0.0,0.14,0.0429,0
lurker_human,404,27,231,0.01,0.62,0.05,0.26,0.0559,0
lurker_human,450,149,152,0.13,0.42,0.04,0.26,0.0413,0
active_human,353,122,101,1.35,0.8,0.04,0.3,0.021,0
compromised_bot,1347,840,4164,28.76,0.55,0.79,0.79,0.0059,1
active_human,936,386,358,0.94,0.69,0.08,0.39,0.0944,0
active_human,256,111,141,1.52,0.82,0.12,0.37,0.0272,0
lurker_human,221,114,187,0.13,0.49,0.08,0.09,0.0595,0
active_human,407,404,374,1.72,0.86,0.1,0.19,0.0975,0
creator_human,1463,9274,754,2.52,0.91,0.18,0.16,0.1119,0
lurker_human,446,118,367,0.09,0.47,0.09,0.29,0.0369,0
lurker_human,158,42,124,0.03,0.59,0.08,0.28,0.0515,0
creator_human,1534,48070,910,1.09,0.98,0.11,0.22,0.0839,0
active_human,740,231,265,0.63,0.63,0.03,0.36,0.0278,0
compromised_bot,1806,665,6124,17.34,0.75,0.86,0.77,0.0059,1
spambot,4,57,2966,45.83,0.14,0.88,0.8,0.001,1
lurker_human,608,133,395,0.02,0.67,0.1,0.07,0.0371,0
spambot,36,12,4573,32.38,0.14,0.82,0.84,0.0018,1
spambot,51,62,6044,48.3,0.22,0.93,0.87,0.0009,1
follow_bot,45,57,7732,0.66,0.46,0.9,0.58,0.0012,1
